Big Model,Small Model,Dataset,Estimator,HC_File,Avg_Experts_At_Max_HC,Median_Experts_At_Max_HC,Avg_Experts_At_Max_HC_Pmin_rm,Median_Experts_At_Max_HC_Pmin_rm,Avg_Significant_Pvals_Per_Token,Median_Significant_Pvals_Per_Token,Pearson_Max_Per_Row_Big,Pearson_Inverse_Min_P_Big,Pearson_HC_Pmin_rm_Big,Pearson_Max_Per_Row_Small,Pearson_Inverse_Min_P_Small,Pearson_HC_Pmin_rm_Small,Pearson_Max_Per_Row_Diff,Pearson_Inverse_Min_P_Diff,Pearson_HC_Pmin_rm_Diff,Difference_Pearson_Max_Per_Row,Difference_Pearson_Inverse_Min_P,Difference_Pearson_HC_Pmin_rm,Partial_Pearson_Max_Per_Row_Big,Partial_Pearson_HC_Pmin_rm_Big,Partial_Pearson_Max_Per_Row_Small,Partial_Pearson_HC_Pmin_rm_Small,Partial_Pearson_Max_Per_Row_Diff,Partial_Pearson_HC_Pmin_rm_Diff,Partial_Pearson_Max_Per_Row_diff_p_min,Partial_Pearson_HC_Pmin_rm_diff_p_min,Pearson_Max_Per_Row_Big_Q50,Pearson_Inverse_Min_P_Big_Q50,Pearson_HC_Pmin_rm_Big_Q50,Partial_Pearson_Max_Per_Row_Big_Q50,Partial_Pearson_HC_Pmin_rm_Big_Q50,Pearson_Max_Per_Row_Small_Q50,Pearson_HC_Pmin_rm_Small_Q50,Partial_Pearson_Max_Per_Row_Small_Q50,Partial_Pearson_HC_Pmin_rm_Small_Q50,Pearson_Max_Per_Row_Diff_Q50,Pearson_HC_Pmin_rm_Diff_Q50,Partial_Pearson_Max_Per_Row_Diff_Q50,Partial_Pearson_HC_Pmin_rm_Diff_Q50,Pearson_Max_Per_Row_Big_Q90,Pearson_Inverse_Min_P_Big_Q90,Pearson_HC_Pmin_rm_Big_Q90,Partial_Pearson_Max_Per_Row_Big_Q90,Partial_Pearson_HC_Pmin_rm_Big_Q90,Pearson_Max_Per_Row_Small_Q90,Pearson_HC_Pmin_rm_Small_Q90,Partial_Pearson_Max_Per_Row_Small_Q90,Partial_Pearson_HC_Pmin_rm_Small_Q90,Pearson_Max_Per_Row_Diff_Q90,Pearson_HC_Pmin_rm_Diff_Q90,Partial_Pearson_Max_Per_Row_Diff_Q90,Partial_Pearson_HC_Pmin_rm_Diff_Q90,Avg_HC_Max_Per_Row,Median_HC_Max_Per_Row,Avg_HC_Pmin_rm_Max_Per_Row,Median_HC_Pmin_rm_Max_Per_Row,Avg_Inverse_Min_P,Median_Inverse_Min_P
Gemma 4 - 26B-A4B,Gemma 4 - 5B,lambada,GMM,hc_values_per_expert_standard_1_new.parquet,7.536087605774017,2.0,9.710876057740169,3.0,0.33807864609258337,0.0,0.0905443627063501,0.03466177493899829,0.04367813554088382,0.10223864170383344,0.034708704917464174,0.05616568237916101,-0.04401162195813384,-0.002303119181247433,-0.04371059751265123,0.13455598466448393,0.03696489412024572,0.08738873305353505,0.0720811215788458,0.02349408475375531,0.08327279902809819,0.035506629096880495,-0.0410483883815101,-0.04077252177179582,-0.0437597996967166,-0.04341214342407873,0.09793430090721836,0.05112345451550877,0.0565925442453394,0.07615309668409735,0.03271278547295253,0.11455151812569643,0.0730960830271721,0.09587347273624322,0.05225904977373633,-0.08493338236407477,-0.0732505164895246,-0.08972701972858875,-0.07722620128041828,-0.03133032603138292,0.01151002657221775,-0.060925391563557196,-0.03346636898358532,-0.0642206396571126,0.005655216483235027,-0.022980337768113306,0.005002344846243079,-0.024951372288746745,-0.09959972250346631,-0.0979281577551236,-0.10346457886774109,-0.10117390087635901,1.0300475270793599,0.934535424070961,0.9910521050638821,0.0,3.409656545545047e+297,199.81524558667132
Gemma 4 - 26B-A4B,Gemma 4 - 5B,lambada,GMM,hc_values_per_expert_hat_1_new.parquet,9.193255350920856,3.0,13.507765057242409,12.0,0.33807864609258337,0.0,0.07316085817258705,0.03466177493899829,0.030105553863977823,0.08297178885422049,0.034708704917464174,0.04378838986566444,-0.03674991811757161,-0.002303119181247433,-0.04679380224815409,0.10991077629015866,0.03696489412024572,0.07689935611213192,0.05949469432696621,0.01244712038642696,0.0687987905686067,0.025700219990351693,-0.034099005345282006,-0.0441612246183454,-0.036334938016382504,-0.046467223252744605,0.07788483326816426,0.05112345451550877,0.04070174096526709,0.06254158504563839,0.020540777494631283,0.09358056400245988,0.059594235015604916,0.0799542089330868,0.041830227466218145,-0.07623318133696906,-0.0772801490395593,-0.07794016269864577,-0.07998238908775314,-0.01547319508217158,0.01151002657221775,-0.05940058374899212,-0.016212024121310297,-0.06177059213322672,0.012482863362694203,-0.020846450484363593,0.012144983297042666,-0.02230285980967944,-0.07649749187940305,-0.09987009677311641,-0.07751874716108428,-0.10209543542493525,0.2619055091224784,0.884852468544029,0.6365900926469373,0.0,3.409656545545047e+297,199.81524558667132
Gemma 4 - 26B-A4B,Gemma 4 - 5B,lambada,GMM,hc_values_map_agg_standard_1_new.parquet,6.62391737182678,5.0,7.078048780487805,5.0,0.33807864609258337,0.0,-0.19302083242086615,-0.032018032739493746,-0.16792351411914835,-0.1953807442974383,-0.029280646191687354,-0.1699563369883882,0.01971598124424439,-0.0070030285962631375,0.01708596177629894,-0.21273681366511055,-0.02501500414323061,-0.1850094758954473,-0.014480020030375506,0.03236239557655956,-0.002465777578517964,0.04312715353962498,-0.03778475775125593,-0.036373600561051926,0.014524988283672184,0.01176795521286747,-0.1676214421813542,-0.03160834243449216,-0.13848088357260324,-0.023276645941585346,0.03800208390732611,-0.1648968282465399,-0.13551603337941653,-0.008047315882918703,0.05174540524922954,0.03621137579683539,0.02741570523068782,-0.04638235688497394,-0.0576332174836138,-0.07993504988375744,-0.06733988172728778,-0.06785145540643224,-0.06170427576987599,-0.027989090259049214,-0.09535992342345675,-0.08185059832428976,-0.04439128833064588,-0.010343087200998947,0.055288496435450724,0.049483967190067785,-0.03991861559927507,-0.04568206897264181,3.402245983243496,3.4929310434979817,2.6766412792230074,2.6568014515808147,2617.8779363826266,835.0793048963138
Gemma 4 - 26B-A4B,Gemma 4 - 5B,lambada,GMM,hc_values_map_agg_hat_1_new.parquet,9.265281234444997,6.0,9.44056744649079,6.0,0.33807864609258337,0.0,-0.19781912778413507,-0.032018032739493746,-0.17854397595564858,-0.1972307367040555,-0.029280646191687354,-0.17922746950112928,0.010332793384004162,-0.0070030285962631375,0.013313938830888048,-0.20815192116813924,-0.02501500414323061,-0.19185791478653663,-0.05269269603852828,-0.014325471284724096,-0.040196657154120116,-0.0037538118502339645,-0.03720952720920511,-0.03315984028911338,0.003393625350890228,0.007596793047071663,-0.18363710180138154,-0.03160834243449216,-0.1520198195480416,-0.07336304919275814,-0.011646355137735103,-0.17834516556917385,-0.1476468490521501,-0.05834345586952661,0.002044127883439601,0.03159110149196462,0.026179434915066684,-0.03226644028487529,-0.04417636265550896,-0.09004095386039605,-0.06733988172728778,-0.0788031424989431,-0.07070294971316442,-0.05084263613533992,-0.10618523370401117,-0.09511121756382535,-0.06426163485535896,-0.04285113617360957,0.05881007430297021,0.05761016455444984,-0.008017787994300066,-0.015225507024004442,1.7962117198837233,1.869735787185272,1.5521251842976325,1.6012872298273677,2617.8779363826266,835.0793048963138
Gemma 4 - 26B-A4B,Gemma 4 - 5B,lambada,GLM,hc_values_per_expert_standard_1_new.parquet,9.826953708312594,2.0,13.824539571926332,19.0,4.977600796416127e-05,0.0,0.0009314173697497234,-0.0043077613327407865,-0.063585958883928,0.00040646415591379277,-0.00456315768212059,-0.05975485032541575,0.0016659234423830709,0.0011056684131922159,-0.008637030921923215,-0.0007345060726333475,-0.005413429745933002,-0.05494892796200478,-0.04606845745283182,-0.08724220075455495,-0.04877244151610852,-0.0843023887834278,0.0116139739728216,-0.004342825181727912,0.0005751821766944106,-0.00911841273448291,0.021037949684185195,-0.0016304674938645688,-0.04952137335767179,-0.026815472474290822,-0.06842517058571464,0.020207641261876394,-0.041665379891249785,-0.029348809932103852,-0.06099567908006629,-0.00283443339269267,-0.013997841191581921,0.016085494064355534,-0.007383322120954675,-0.056535407123685676,-0.015911023391946562,-0.054209967263842196,-0.10630644227503155,-0.0647224438980572,-0.049737054791857985,-0.0484422392572616,-0.1286994051603911,-0.06875931818882028,-0.010800202633674764,-0.008239534683790739,0.07868844370667258,0.020792445895293363,-1.163100635574056,-1.0897879677869287,0.039886841399527966,0.0,4.977600796416127e+295,26.68786496308928
Gemma 4 - 26B-A4B,Gemma 4 - 5B,lambada,GLM,hc_values_per_expert_hat_1_new.parquet,13.8423593827775,19.0,19.972175211548034,26.0,4.977600796416127e-05,0.0,-0.019339014015033323,-0.0043077613327407865,-0.06597127941645514,-0.01757944563779945,-0.00456315768212059,-0.0621465818070092,-0.004578483823406495,0.0011056684131922159,-0.008468091149459348,-0.014760530191626828,-0.005413429745933002,-0.0575031882669958,-0.06413066588601478,-0.08703980728404262,-0.06413407768845081,-0.08402201920436758,0.0038796986448530963,-0.004609813036245537,-0.005537713866141639,-0.008770348565938963,-0.0063506408165056065,-0.0016304674938645688,-0.05159710193393459,-0.05332949221877463,-0.07012230675812268,-0.0023951123467668223,-0.043481760249623885,-0.050450087163732574,-0.06242162352493616,-0.012120584904636418,-0.014339602819941184,0.00439231160848019,-0.007869418653617774,-0.08044298616497673,-0.015911023391946562,-0.05797129698968818,-0.13148714067350806,-0.06813876217648797,-0.07070451436975074,-0.05064165430883073,-0.14685130225442272,-0.07015995910674812,-0.015551245340767513,-0.012085177749444209,0.062480229571982605,0.01559256335001305,-1.8297241444047248,-1.4102563020401777,0.036214989140302085,0.0,4.977600796416127e+295,26.68786496308928
Gemma 4 - 26B-A4B,Gemma 4 - 5B,lambada,GLM,hc_values_map_agg_standard_1_new.parquet,15.28887506222001,19.0,16.013091090094573,21.0,4.977600796416127e-05,0.0,-0.17125943437581537,-0.14078819319042202,-0.060817505480827594,-0.1669736630638352,-0.14141040489443266,-0.050750726164783065,-0.0034541630230647234,0.010771867554023132,-0.029283349068454163,-0.16780527135275064,-0.15156006074444514,-0.031534156412373435,-0.03308255775308839,0.03955051542342568,-0.016181767805788255,0.05628117648686291,-0.052504971903949336,-0.05592320403370758,-0.011855083140163609,-0.03412778377143771,-0.156711592813419,-0.14475333373134935,-0.04020100240090376,-0.0488743781694201,0.04771963187585327,-0.14658782941866144,-0.023898059312457254,-0.027532573505768126,0.06957037020840702,0.007318207482881273,-0.046127017313361336,-0.06075731041139524,-0.0882799093172923,-0.09587248550711513,-0.12983444985187081,-0.05707046843561286,-0.10671242243642308,-0.042375136950358494,-0.11169980967407794,-0.04972781025357111,-0.1010218918757725,-0.017345565097752057,0.0587790300221091,-0.01225504558124398,-0.0006179081226704552,-0.06446231927463754,0.08920659633165649,-0.0023733719720503772,0.4257614178718975,0.0,35.910357296203436,33.828453094351815
Gemma 4 - 26B-A4B,Gemma 4 - 5B,lambada,GLM,hc_values_map_agg_hat_1_new.parquet,15.951045296167248,20.0,17.179566948730713,23.0,4.977600796416127e-05,0.0,-0.20851476694206522,-0.14078819319042202,-0.06260052432180632,-0.20795852709566587,-0.14141040489443266,-0.052307278537857424,0.01110148947947876,0.010771867554023132,-0.029916399301969487,-0.21961625642154398,-0.15156006074444514,-0.032684125019836835,-0.08241596216287465,0.03862103430308191,-0.0694418677838668,0.05570586662097787,-0.03719344003936079,-0.0570105987511864,0.00419196243588507,-0.03476652510499021,-0.19529538237282904,-0.14475333373134935,-0.042684073408525175,-0.10558765296247061,0.04598948231401332,-0.19139854439563903,-0.02610850584759608,-0.0923818718202667,0.06826083823527666,0.039659635235141204,-0.046404089602131965,-0.017499524970255906,-0.08927280929871428,-0.08189007391042287,-0.12983444985187081,-0.059629538909625426,-0.08811600409005023,-0.04536400972224288,-0.11125605430936467,-0.05258385211539961,-0.10474799971494578,-0.02027645261317443,0.09486609801278274,-0.01103976728068341,0.05964829955192238,-0.06419365489457401,-0.12617629043465803,-0.0023737393349808583,0.37936846679931513,0.0,35.910357296203436,33.828453094351815
Gemma 4 - 26B-A4B,Gemma 4 - 5B,lambada,StudentT,hc_values_per_expert_standard_1_new.parquet,8.599104031856646,2.0,11.27297162767546,3.0,0.03437033349925336,0.0,0.053615735747635306,0.0005936232119998913,-0.030478717304874014,0.05837263835529855,0.0013502756503851348,-0.026805240515951678,-0.018943343803038103,-0.0025212545782825873,-0.010172095667563443,0.07255907955067341,0.0031148777902824786,-0.02030662163731057,-0.17081227879986816,-0.17324098127126614,-0.17886549295095658,-0.17706214931295947,0.03549937150953347,0.021943459463112165,-0.013499480008291272,-0.005628180392591735,0.05956435728870717,0.004918860613032292,-0.0010135367148738196,-0.16187258761174175,-0.13637015445400474,0.06630603569532798,0.0015154241611723632,-0.16445819396152295,-0.14081487637844584,-0.03987121701925195,-0.008580918593244873,0.051698016975730336,0.05138937752465741,-0.04896592984917442,-0.013011493594160805,-0.07528426758546335,-0.08259500246591144,-0.0882367477451927,-0.023353383718625203,-0.049722888601607965,-0.0899717504726591,-0.08174865233165206,-0.06494113989341774,-0.06090576656955504,0.033056490525369436,-0.0053550949138536155,-0.3236950887558476,-0.4065950240443589,0.2712608658142671,0.0,60289.91543649999,38.64186687301607
Gemma 4 - 26B-A4B,Gemma 4 - 5B,lambada,StudentT,hc_values_per_expert_hat_1_new.parquet,11.282354405176704,3.0,16.47702837232454,25.0,0.03437033349925336,0.0,0.05091413215654038,0.0005936232119998913,-0.04414961079561404,0.05761333092136838,0.0013502756503851348,-0.04024593892568415,-0.025153327254663457,-0.0025212545782825873,-0.010080341964213497,0.07606745941120384,0.0031148777902824786,-0.034069268831400545,-0.1164016192642259,-0.18384985651798355,-0.11827687164994405,-0.1871030948560601,0.012504698618293017,0.020693064697235225,-0.021582923862198775,-0.005687981921244936,0.049653637356399154,0.004918860613032292,-0.017355580880044307,-0.11920319462326692,-0.14877048499513157,0.060899949391716064,-0.013037167928066501,-0.11287919626449174,-0.15058979089872376,-0.05294325390362456,-0.010387645916764856,0.009622471897618619,0.04558767166141614,-0.046388672556423996,-0.013011493594160805,-0.07515758403156342,-0.06446551435615469,-0.08631228910062519,-0.023779654790687048,-0.048274034039043706,-0.07052281912274536,-0.07725493207832718,-0.05685770423386498,-0.06465061286691118,0.026649035214102113,-0.012910917702385017,-0.9560362865015077,-0.4559141884282662,0.22071742440873776,0.0,60289.91543649999,38.64186687301607
Gemma 4 - 26B-A4B,Gemma 4 - 5B,lambada,StudentT,hc_values_map_agg_standard_1_new.parquet,15.285764061722249,18.0,15.842658038825286,20.0,0.03437033349925336,0.0,-0.15812151011627537,-0.15371456198895644,-0.07309247508507595,-0.15391730651284039,-0.1547278966176588,-0.06284831541395984,-0.004000887089515123,0.012857543489973412,-0.029104726594772878,-0.15412062302676025,-0.16657210547892987,-0.04398774849030307,-0.01730650746747752,0.03866209113304345,-7.962209554754858e-05,0.057257652122442285,-0.05444901216121643,-0.06189068457986441,-0.011863301135415316,-0.03464413847529482,-0.14121269812993636,-0.15953425841370766,-0.056490308865238426,-0.02921160536817927,0.03976310302181122,-0.13133013683315445,-0.03968420208785778,-0.007514022440943774,0.06395683041879464,0.0039324041997503,-0.043442971014715476,-0.06728016308828155,-0.09430335088382925,-0.0810082645376611,-0.13634833559121462,-0.06812371758893132,-0.0943403592999291,-0.06271410109716989,-0.09676823440847873,-0.06595821854480864,-0.08785170105733786,-0.040369284728197896,0.056391533411655016,0.0039693481389397834,-0.0046102841033958345,-0.0539417274153555,0.7972656642568584,0.643117882892743,0.8481705079425532,0.3565701513689006,42.42428343791293,41.14146047700972
Gemma 4 - 26B-A4B,Gemma 4 - 5B,lambada,StudentT,hc_values_map_agg_hat_1_new.parquet,15.757391737182678,19.0,16.445793927327028,21.0,0.03437033349925336,0.0,-0.1917205632063578,-0.15371456198895644,-0.0764493924746478,-0.1904612417013623,-0.1547278966176588,-0.0660510353541578,0.007751699288118391,0.012857543489973412,-0.029402901736758413,-0.1994722624944762,-0.16657210547892987,-0.047046490737889385,-0.05722396638457675,0.03617541056294553,-0.042169672525245845,0.055102884923306804,-0.045294641775651394,-0.06282276959727452,0.0004910304159216234,-0.034915604553616995,-0.1760666092074151,-0.15953425841370766,-0.06155916229768695,-0.07735251708880113,0.03519928722273678,-0.1711623939396859,-0.04457982882280138,-0.06131466500382998,0.05978430740052854,0.030882623481726944,-0.042666087618875935,-0.03486574315236624,-0.09444049104224043,-0.07239533242904014,-0.13634833559121462,-0.07204497558998484,-0.08647114753796817,-0.0681047353795686,-0.09914183918726821,-0.07099156119917925,-0.09776896607789898,-0.046547635165787825,0.08608014867384955,0.00768316234825756,0.04443306552465304,-0.05093641850908661,0.5562657317410332,0.5729812796162845,0.7172510591885118,0.34363355646769594,42.42428343791293,41.14146047700972
Gemma 4 - 26B-A4B,Gemma 4 - 5B,lambada,StudentTSkewed,hc_values_per_expert_standard_1_new.parquet,8.339248382279742,2.0,11.173369835739173,3.0,0.034544549527127925,0.0,0.05516108383891779,-0.0053862159328820994,-0.0017092248487994162,0.056623341082685796,-0.0054740638427886075,0.002074385011511188,-0.008221266684801288,0.0006223912083346563,-0.012317419898251466,0.06338235052371907,-0.006008607141216756,0.01060819504945205,-0.14055102225986893,-0.12552412940716282,-0.15537166857126627,-0.1297859572392971,0.05570273567334609,0.02068837206047846,0.020774261810914386,-0.0019750391994808234,0.05722000751375031,-0.0061421187163098745,0.030125518135625258,-0.11715576983390782,-0.07557709977353057,0.059836435190967714,0.030805332380333228,-0.1279814762356061,-0.08277784699172329,-0.02478278874373385,-0.010604129426235693,0.06860119060457545,0.04500749708232042,-0.05620581201845427,-0.019687203968111022,-0.07698923341989401,-0.03236604324612511,-0.06201968405027875,-0.03020695855933921,-0.05186328943367895,-0.04155660125771605,-0.05659805550543234,-0.06495940452458718,-0.059426552530561665,0.030929616295158002,-0.005969530408569304,-0.6111773205028113,-0.5049625965158637,0.21067548283112922,0.0,96879884.77488738,40.59594074990628
Gemma 4 - 26B-A4B,Gemma 4 - 5B,lambada,StudentTSkewed,hc_values_per_expert_hat_1_new.parquet,12.111224489795918,4.0,17.527799900447985,25.0,0.034544549527127925,0.0,0.029398928884962622,-0.0053862159328820994,-0.012233424974569806,0.03152354507201018,-0.0054740638427886075,-0.008347806550316729,-0.008798855884117504,0.0006223912083346563,-0.01199986345780462,0.038197784769080124,-0.006008607141216756,-0.00023356151676518638,-0.12868584921049234,-0.13658882907214348,-0.13811762242213216,-0.14061662431525954,0.03760229471803901,0.020537772894045788,0.014622871273229988,-0.0016793831559683827,0.02494067353031512,-0.0061421187163098745,0.018588766557899268,-0.11923991167674211,-0.08721626749028166,0.031061691043077627,0.02081270408605678,-0.12136415628481062,-0.0922768152485671,-0.02824644313293789,-0.01286326371146139,0.038975185297780796,0.04067012992534452,-0.06181367214311046,-0.019687203968111022,-0.07551803721346284,-0.04139039660840532,-0.060410188644807045,-0.039216940099351116,-0.04835731710562975,-0.04861373920138903,-0.05196155036107996,-0.05454248947882852,-0.0653784350598283,0.02672354486248813,-0.014786744124567005,-1.3514874617702035,-0.5999880977548255,0.16886514337418418,0.0,96879884.77488738,40.59594074990628
Gemma 4 - 26B-A4B,Gemma 4 - 5B,lambada,StudentTSkewed,hc_values_map_agg_standard_1_new.parquet,16.43889995022399,21.0,17.009980089596816,22.0,0.034544549527127925,0.0,-0.14861246587781735,-0.15903590379453073,-0.07324013725692892,-0.14350628773237414,-0.1601470301289855,-0.06245973650549012,-0.007552058279894658,0.013508562724073355,-0.030856306198908407,-0.14106040759792268,-0.17254446651860408,-0.042383831058020516,-0.011716422645177325,0.03453164289707103,0.0060135682822761195,0.05360678215998801,-0.056386693614946616,-0.063221256902312,-0.014939645165903135,-0.03620622015165063,-0.13328899800642197,-0.1657743468830577,-0.05860884469929607,-0.023567516085234528,0.034000674796719796,-0.12247425340362933,-0.0412335861041363,-0.0011401950317848125,0.05882010504256807,-0.0014953930590341324,-0.044858121505685924,-0.07133192341078692,-0.09495371242581548,-0.07543878313393582,-0.13887143267618762,-0.069801686604106,-0.08808416489725045,-0.06757430135489693,-0.0913265506604608,-0.06842375881842472,-0.08229932422927214,-0.04623431583562966,0.05592824052927723,0.006436954109351201,-0.0035138621716604814,-0.05039362837142849,0.8249412281222926,0.6409089557091308,0.9149990065693452,0.40656428710709225,36.94399648438814,36.22246801277624
Gemma 4 - 26B-A4B,Gemma 4 - 5B,lambada,StudentTSkewed,hc_values_map_agg_hat_1_new.parquet,16.859706321553013,22.0,17.664310602289696,23.0,0.034544549527127925,0.0,-0.1799668194770104,-0.15903590379453073,-0.0761782310716769,-0.17833618996440648,-0.1601470301289855,-0.06527904512206903,0.005803787762276679,0.013508562724073355,-0.031064173078530783,-0.1857706072392871,-0.17254446651860408,-0.04511405799314612,-0.043239458341377594,0.03227928735794093,-0.028080747329278122,0.05161665523390616,-0.046407365108674874,-0.06394245931333987,-0.0010599327962663272,-0.03636297670208047,-0.16429540541824145,-0.1657743468830577,-0.06342761024401988,-0.06142311614635549,0.029530140419227573,-0.1588677342288385,-0.045930596168303604,-0.04473667038930179,0.05465430828254466,0.025836155302523693,-0.04396922680713036,-0.041375146033783,-0.09481678453021256,-0.06245011145972152,-0.13887143267618762,-0.07299893442178568,-0.07292541825798494,-0.07212770205394699,-0.08887351622574527,-0.07296590983738219,-0.08357442369872513,-0.05189916052188891,0.08369918478756741,0.010699847779905057,0.04065794066568328,-0.04659487083503166,0.5751478503818662,0.5829676443515066,0.772401355300773,0.3848064176323014,36.94399648438814,36.22246801277624
Gemma 4 - 26B-A4B,Gemma 4 - 5B,lambada,KDE,hc_values_per_expert_standard_1_new.parquet,11.610851169736188,4.0,14.23481831757093,18.0,9.955201592832254e-05,0.0,0.03436500192571977,0.01964320746718571,-0.06785619438276429,0.0489041001545019,0.020566764385823423,-0.06144575150568657,-0.04986940384692244,-0.00425035326120553,-0.016841458813109143,0.08423440577264221,0.02389356072839124,-0.05101473556965515,-0.16638348101603462,-0.18031495009712614,-0.16328268200359614,-0.18310499152056778,-0.0011083867548961198,0.018768710974581042,-0.039689579309752865,-0.007431095157799143,0.05473089859753705,0.015069185779368225,-0.029964864894009378,-0.13872876016099703,-0.13932191419031245,0.07150696365173193,-0.024111310388630316,-0.1317001241188779,-0.14290813629293322,-0.07369687009807924,-0.012322561912678782,0.012020105455530603,0.04900052518893149,-0.06463941543954209,-0.021423307672156566,-0.07869541228549554,-0.08929711916730888,-0.0816919821108055,-0.03826775638629793,-0.06713718913973472,-0.09761783380021777,-0.09082625601547101,-0.06476312674717964,-0.020938011860368012,0.036823887569103514,0.03800013969194597,-1.2171447290244126,-1.4672686033113223,0.19359342901911925,0.0,49.42733541193798,20.128328499669717
Gemma 4 - 26B-A4B,Gemma 4 - 5B,lambada,KDE,hc_values_per_expert_hat_1_new.parquet,16.929741164758585,25.0,20.221005475360876,26.0,9.955201592832254e-05,0.0,0.047088653261577365,0.01964320746718571,-0.07355844284749896,0.06372509871531187,0.020566764385823423,-0.06671821297385369,-0.05754485762079065,-0.00425035326120553,-0.017899115344945808,0.10463351088236802,0.02389356072839124,-0.05565932750255315,-0.1142388399169485,-0.18453578104344234,-0.10668375250882747,-0.18664674829404454,-0.018378895976884406,0.016791119635679037,-0.04897308805466411,-0.008981952336850901,0.05099627624719573,0.015069185779368225,-0.03577215998161816,-0.1133574310192523,-0.14169333476409815,0.07285081701232353,-0.028764812040593814,-0.09740835145340634,-0.1435610491866146,-0.0904646013412029,-0.014778504544737867,-0.02558411057668518,0.043661007849115196,-0.06597781300998799,-0.021423307672156566,-0.08139716508913539,-0.08552891048656848,-0.08450471546937996,-0.03502744542008161,-0.06791263536326847,-0.0836411515487064,-0.09097736360149793,-0.07746886972609307,-0.02596723576613547,0.007344045212206421,0.03087713611489227,-2.1451535820972043,-1.958757721418901,0.16089646028702329,0.0,49.42733541193798,20.128328499669717
Gemma 4 - 26B-A4B,Gemma 4 - 5B,lambada,KDE,hc_values_map_agg_standard_1_new.parquet,16.853285216525634,22.0,17.362941762070683,23.0,9.955201592832254e-05,0.0,-0.1530711209170597,-0.11747307647962445,-0.06278709463462527,-0.14690635863887386,-0.11683737505088658,-0.05208254679866306,-0.010751457664405148,0.005196005820510945,-0.03125533232324497,-0.14231966325265455,-0.12266908230013539,-0.0315317623113803,-0.022104429983274016,0.03438605749973193,-0.004456503683784067,0.0517731268742435,-0.055520320797637975,-0.057760103127731534,-0.01693578224487913,-0.035237235499431564,-0.1421611182234268,-0.12032637923603526,-0.04450083358341893,-0.03790418731128972,0.0408412165572376,-0.1300772025660525,-0.027487196201777586,-0.015386581896468243,0.06361008603369134,-0.003518861194996525,-0.04744250428115879,-0.06777229696094365,-0.08963605509310624,-0.08974182363218078,-0.11800999527451603,-0.06055303572168326,-0.09493222227135081,-0.04768247466345349,-0.10574371038244104,-0.053895016895199585,-0.09095786048779485,-0.0232793429098271,0.058364558408947595,-0.00981070979497755,0.002530010180071846,-0.061927915983291476,0.021950125307471507,-0.11325474284916666,0.4685224008381923,0.0,29.927055976136593,27.25033743808713
Gemma 4 - 26B-A4B,Gemma 4 - 5B,lambada,KDE,hc_values_map_agg_hat_1_new.parquet,17.53636137381782,23.0,18.617446490791437,24.0,9.955201592832254e-05,0.0,-0.1861579102833669,-0.11747307647962445,-0.06424816740832665,-0.18449496169339452,-0.11683737505088658,-0.053327932423435,0.006081515711097723,0.005196005820510945,-0.03187294953923999,-0.1922394259944646,-0.12266908230013539,-0.032375217869086655,-0.055765010411426064,0.03341666813271888,-0.042440386480495376,0.05111150240739707,-0.0397899431987908,-0.058696512684731424,0.0010637330170795497,-0.035832118247902514,-0.17392274473486363,-0.12032637923603526,-0.046811096802138345,-0.0759760905626182,0.038970947895221784,-0.16856544662784892,-0.029550346671617655,-0.06128760667083732,0.06210298407176196,0.02871052791308421,-0.0476773927612054,-0.030544368885731796,-0.09039344060018083,-0.06902070255708301,-0.11800999527451603,-0.06280277642757764,-0.06590205139371787,-0.050369294200221924,-0.09757610669441633,-0.05658163590682967,-0.08116237259251086,-0.026143425564250786,0.09067900719906957,-0.008246883105773452,0.052579886120490686,-0.0610390769242045,-0.22437271459082145,-0.11634428101924611,0.4177669233949104,0.0,29.927055976136593,27.25033743808713
Gemma 4 - 26B-A4B,Gemma 4 - 5B,lambada,JohnsonSU,hc_values_per_expert_standard_1_new.parquet,11.397287207565952,3.0,14.061647585863614,17.0,0.004753608760577402,0.0,0.016783277731080168,0.006421379903323995,-0.07397220385290872,0.030921860405180083,0.005412542831735914,-0.06660947859203573,-0.04746425598231299,0.002914367413118924,-0.019589063203130516,0.06424753371339316,0.0035070124902050713,-0.0543831406497782,-0.18056448528078492,-0.17773914652459408,-0.1768858034544114,-0.1783315573110804,-0.002182110623913841,0.011528938170034688,-0.042000405747650106,-0.015385908244609725,0.03397431485787944,0.007787564960318108,-0.02968963866270964,-0.1619327746439688,-0.13232362736102227,0.04942453651035474,-0.024373113668478802,-0.15186734725182552,-0.13362600596636418,-0.06338741105520702,-0.01051676565884022,0.00786529456683964,0.03945195528291846,-0.10039949358213793,0.01398496283435558,-0.09169438266482897,-0.1223209556171058,-0.08609616238659994,-0.07451491982009431,-0.07891581282911717,-0.12584453414230387,-0.09029711164010149,-0.058103293066627704,-0.022455266534992312,0.028323822225386517,0.024807156250402862,-0.9724927742456181,-1.186702876874781,0.22575848046802768,0.0,658471.2260036056,22.803136943721814
Gemma 4 - 26B-A4B,Gemma 4 - 5B,lambada,JohnsonSU,hc_values_per_expert_hat_1_new.parquet,15.59987555998009,23.0,19.66254355400697,26.0,0.004753608760577402,0.0,0.028955650893885947,0.006421379903323995,-0.08412626015803575,0.044112671687676366,0.005412542831735914,-0.07629591705592755,-0.05156295857981516,0.002914367413118924,-0.020494924868306955,0.08051860947370111,0.0035070124902050713,-0.0636313352897288,-0.13121033146827513,-0.18502981122767934,-0.12507687109067525,-0.1848227926198175,-0.012817565390137562,0.009328059426539243,-0.04645459361403746,-0.016725019872312525,0.03037963809447453,0.007787564960318108,-0.04534392714046202,-0.13299810330264397,-0.14367654902642946,0.05058565035426214,-0.037789633517867474,-0.11563261724000992,-0.1420025887884502,-0.07906315156446533,-0.014081433053186328,-0.02507864299692912,0.03213255031928356,-0.09194271323757087,0.01398496283435558,-0.09298831572970004,-0.10188667440226523,-0.08736029999598736,-0.06382730901816319,-0.07887802202302298,-0.09949162578635488,-0.08944361050127766,-0.06564051299767155,-0.026016995874336056,0.008504389774607001,0.01900231774549365,-1.7898795107180037,-1.4993778827391022,0.18810408756873698,0.0,658471.2260036056,22.803136943721814
Gemma 4 - 26B-A4B,Gemma 4 - 5B,lambada,JohnsonSU,hc_values_map_agg_standard_1_new.parquet,15.263738178198109,18.0,15.876306620209059,21.0,0.004753608760577402,0.0,-0.16584394264087182,-0.14994334427341555,-0.05712815616532562,-0.16130912103873232,-0.1508422737485127,-0.047096922942538394,-0.004607673451022153,0.012248081901514116,-0.029395373527608612,-0.16123626918984968,-0.16219142617492965,-0.02773278263771701,-0.027617462737123483,0.038789954135485645,-0.010247583811161557,0.05527657321992485,-0.05432844413979918,-0.05510546262488707,-0.013036916919558252,-0.034176689857921334,-0.1508573168844502,-0.15520977883767198,-0.03525413321663046,-0.042581119955659386,0.04849699968718635,-0.14050953632776547,-0.019279810892459996,-0.02072584250321068,0.06979183416371149,0.004935604607901161,-0.04632634275024153,-0.06423561311342443,-0.08658234431472879,-0.09219472438911706,-0.13449084965075297,-0.05321974323800843,-0.10597514401316536,-0.04090434639408779,-0.10742689248728773,-0.04476028695300437,-0.09921968124175914,-0.015577118740366056,0.05655801478464234,-0.015971714842074908,-0.00370096621673222,-0.06551980598663998,-0.07304536465193437,-0.2033741356968835,0.3665821719135386,0.0,30.64431995009074,29.531811837400923
Gemma 4 - 26B-A4B,Gemma 4 - 5B,lambada,JohnsonSU,hc_values_map_agg_hat_1_new.parquet,15.98912394225983,20.0,17.195495271279242,23.0,0.004753608760577402,0.0,-0.20351875405039496,-0.14994334427341555,-0.058709300999565485,-0.20325018964320501,-0.1508422737485127,-0.048424453862891306,0.011736312661413912,0.012248081901514116,-0.030130077907847858,-0.21525506671180888,-0.16219142617492965,-0.028579223091717627,-0.07454345580497515,0.03818700323264995,-0.06138449869461422,0.0550626958188385,-0.03823793491462768,-0.05632323572942205,0.004907858498199869,-0.034929791072226296,-0.18832763433612618,-0.15520977883767198,-0.03728388605929587,-0.0956063581981806,0.04737021292553145,-0.18466886020229462,-0.021025897958024578,-0.08207323196828659,0.06909738735563932,0.03859151580331828,-0.04676582517929556,-0.021313651555072404,-0.08777720419958862,-0.07455740889795384,-0.13449084965075297,-0.0555542698212416,-0.08307399662742883,-0.04358872739752239,-0.10367137559032169,-0.04720602208755322,-0.0989963767693226,-0.017989750836291257,0.09307174099892727,-0.015313148569694911,0.05695372961989216,-0.06589742790000341,-0.30801083530111295,-0.21005393389773552,0.32842438716639527,0.0,30.64431995009074,29.531811837400923
Gemma 4 - 26B-A4B,Gemma 4 - 5B,hellaswag,GMM,hc_values_per_expert_standard_1_new.parquet,7.077697689209243,2.0,9.592272630909477,4.0,0.2116811532753869,0.0,0.0661795460322627,0.046015699939915576,0.06509575503878381,0.06559097899062777,0.04424893268016118,0.06795436685048142,-0.0029408540738849707,0.003326848423183602,-0.01649487872330313,0.06912040010614767,0.04268885151673198,0.08159063376208694,0.05435893314682635,0.0526700272583818,0.05417541508174322,0.05623180083844534,-0.0036099321412813015,-0.018281851370916744,-0.004148664733506575,-0.0185219516993436,0.07895712787290168,0.04204821921205354,0.08001683358134637,0.06833114416532221,0.0690921313002083,0.07148135204857843,0.07656848245521752,0.062067793847435056,0.06731609866470105,0.0056853397592495905,-0.013601762607304033,0.003897989968820922,-0.01742156803625467,0.11271431903362164,0.0443458775106055,0.07006488397780927,0.10188675261706835,0.053958657182644885,0.12318275246994764,0.08053226162850731,0.11257321965103087,0.06478519921521342,-0.06797994846341485,-0.05871685241739352,-0.06642545337436477,-0.05663118596573334,0.6584275218842435,0.6115734212822086,0.796988382977127,0.0,1.2242951028195885e+298,130.34979182166865
Gemma 4 - 26B-A4B,Gemma 4 - 5B,hellaswag,GMM,hc_values_per_expert_hat_1_new.parquet,9.394212423150307,3.0,13.673892304430781,13.0,0.2116811532753869,0.0,0.051855323602797695,0.046015699939915576,0.08050171440852963,0.04886396597422318,0.04424893268016118,0.08284085333999716,0.007707494008210103,0.003326848423183602,-0.01566610421801453,0.044147829594587594,0.04268885151673198,0.09616781862654417,0.043803533808667215,0.07102728628221422,0.040993665987828644,0.07382636718144757,0.00761492405137502,-0.01673072720746608,0.007233516014978084,-0.016939394858031486,0.06403830479343708,0.04204821921205354,0.09476863442750508,0.05641264960576952,0.08622148462159884,0.05569674197348053,0.0916815134320732,0.048843352989887144,0.08441083892459969,0.015298765461637456,-0.02078614434636501,0.014461561460334761,-0.0236426095520876,0.1211799846558326,0.0443458775106055,0.07193269570635147,0.11301667204334118,0.05932072281443277,0.12964578347044314,0.08432881900089782,0.12129880523559035,0.07182468112336578,-0.06149400660458121,-0.06713896298317248,-0.05885258968188372,-0.06475633002987077,-0.035989175795717414,0.5830489632445477,0.5188791728966318,0.0,1.2242951028195885e+298,130.34979182166865
Gemma 4 - 26B-A4B,Gemma 4 - 5B,hellaswag,GMM,hc_values_map_agg_standard_1_new.parquet,6.25816196735213,5.0,6.132393470426118,5.0,0.2116811532753869,0.0,-0.05076392183918464,0.02328003111588777,-0.030036026055907827,-0.040828694175554736,0.01853627020282262,-0.019196147152559934,-0.03527096967213836,0.016917083092357454,-0.040501166162282436,-0.015492952167046284,0.006362948023530317,0.010465140106374608,-0.04418328095356946,0.006647870170020269,-0.03666904313655929,0.01580643802619589,-0.026171272075260314,-0.036774143865570756,-0.043155284411859944,-0.04787257468381324,-0.056275345561156036,0.04724230064258045,-0.035845631564232434,-0.04521194058109018,0.0036193824579312923,-0.03710790483703803,-0.015650437850045926,-0.03316230756861343,0.017405606943089496,-0.06897215571023636,-0.08139623076396815,-0.03964864142389282,-0.06611574012797773,-0.17175773059631588,-0.08065197799721147,-0.15923549513585375,-0.04483832376549599,-0.02463781429846536,-0.16557909234681345,-0.15141139087487182,-0.037416368632080504,-0.014573359467477082,0.011605787179225105,0.0020481444836066842,-0.020726446457384185,-0.03593310810385829,3.205065954677785,3.2008228540451578,2.4472539604944306,2.3538400319136543,726.9171660412836,374.1561861103511
Gemma 4 - 26B-A4B,Gemma 4 - 5B,hellaswag,GMM,hc_values_map_agg_hat_1_new.parquet,8.098367606529575,6.0,7.814023743905024,5.0,0.2116811532753869,0.0,-0.02114355381514786,0.02328003111588777,-0.0014653039823738037,-0.009142077414662752,0.01853627020282262,0.010449345040931108,-0.04580564845627765,0.016917083092357454,-0.0470290285835231,0.02466209464112979,0.006362948023530317,0.0455637246011493,0.01770230483739946,0.05311387870921277,0.028031033694344003,0.06320676850520017,-0.04229511439880449,-0.04421587526657936,-0.0542507405106349,-0.054086502334162775,-0.020133862501695115,0.04724230064258045,-0.001280204541024928,0.026022746806378907,0.05676680234747387,8.506888411144876e-05,0.019726052749331972,0.038897296820720455,0.07091755119756468,-0.08735467775139608,-0.098064379125014,-0.07023363093139023,-0.08775612784551297,-0.1403822729784167,-0.08065197799721147,-0.1295799530239397,-0.013943871445372825,-0.002479739716413405,-0.13099699168532025,-0.11880617856070946,-0.0030437042961090105,0.01023870984442279,-0.008533545152645719,-0.016649732952100437,-0.041674166584212205,-0.05161058403213536,1.7257120850859486,1.7502676953973009,1.440585825151688,1.4645850516515169,726.9171660412836,374.1561861103511
Gemma 4 - 26B-A4B,Gemma 4 - 5B,hellaswag,GLM,hc_values_per_expert_standard_1_new.parquet,9.053317786728853,2.0,14.643258426966293,24.0,0.00052999788000848,0.0,-0.13612718114587707,0.005167137283332497,-0.14525962354247207,-0.14395168752743076,0.0019744538458265266,-0.14787713086955873,0.04180082605731293,0.0122218469416964,0.021924178262321584,-0.17792800720319002,-0.007054709658363903,-0.16718380180479364,-0.1359728830897488,-0.14466002775506442,-0.14272103982968834,-0.14617116783704232,0.037467669244191884,0.01743513746475853,0.04000466495704897,0.02057165383288062,-0.11672994751213739,-0.004852641487007571,-0.12228806491290303,-0.11336236595563093,-0.11898726468913134,-0.13381693648489995,-0.13353874675576263,-0.12896731072083614,-0.1286238670550028,0.1235961714789752,0.09828636806381931,0.11531693499914503,0.08939651884555486,0.01780615456197268,0.014931840386036965,-0.051422932010454656,-0.01830537416296571,-0.08698867441979202,0.016721651241347647,-0.054665995136706155,-0.030167084842223836,-0.0955722392790294,0.0006421109553933668,0.024642787520837747,0.05324796597650991,0.054470238032404444,-0.9764686985453225,-1.1383754594805113,0.1390378186326332,0.0,4.769980920076319e+296,30.826603433464296
Gemma 4 - 26B-A4B,Gemma 4 - 5B,hellaswag,GLM,hc_values_per_expert_hat_1_new.parquet,13.671083315666737,18.5,20.746396014415943,26.0,0.00052999788000848,0.0,-0.10645112757952765,0.005167137283332497,-0.1338775243108865,-0.1126755417588807,0.0019744538458265266,-0.13643149100528384,0.03310627270719184,0.0122218469416964,0.02076641002886689,-0.13955740028671948,-0.007054709658363903,-0.1546439343397534,-0.10473425064061079,-0.13289963573971111,-0.10991659521524184,-0.13435373451941765,0.028798539876181476,0.01627809559672386,0.03145928572222664,0.01942171821048603,-0.0863194209772778,-0.004852641487007571,-0.10905317808571885,-0.08169023966674227,-0.10524663726415888,-0.10008828437520945,-0.12060684670070078,-0.09396160489329465,-0.11522605663040864,0.09671357663311783,0.09478235758989739,0.08791482647953952,0.0859041940875912,0.0257248775594993,0.014931840386036965,-0.03707381438693946,0.00016498558965121786,-0.06790156167606548,0.03021621626329551,-0.04109263736151675,-0.000548646314807474,-0.07720822442408452,-0.024252358959315424,0.024752121915661382,0.002929853468049318,0.05334974602472918,-1.6477389553448096,-1.4954885878377107,0.10617017744605499,0.0,4.769980920076319e+296,30.826603433464296
Gemma 4 - 26B-A4B,Gemma 4 - 5B,hellaswag,GLM,hc_values_map_agg_standard_1_new.parquet,11.728853084587662,7.0,12.84243163027348,8.0,0.00052999788000848,0.0,0.043863940591506834,0.05339198234723494,0.07906219191813932,0.05630288475745918,0.05012867953819904,0.0915103328093193,-0.052713145395517774,0.008661206339156478,-0.05555232479773983,0.09657708598702461,0.04473077600807846,0.13461451671587915,0.11619548799106134,0.12112722973287776,0.12526209083859027,0.13031906036811047,-0.04526524379801584,-0.04615926733892489,-0.0596224260255311,-0.05915483072666844,0.03840151606284786,0.03584116561118657,0.07319567734094479,0.10647034224768306,0.11574339027897555,0.06047688881683963,0.09379492039493412,0.12111937015022603,0.129470939732894,-0.11784706947486248,-0.12387106792823925,-0.10876817963592528,-0.10791720247085113,-0.09420190183143196,-0.10160383994269898,-0.04561492136836685,0.030730093365260364,0.04789262494189478,-0.08103086439659535,-0.029744371499080373,0.04540175107735411,0.06421616212226416,-0.034293879122673426,-0.05606180209299938,-0.06684685087649331,-0.07734465990038861,0.616151881623921,0.5167685729436555,0.5572668653026892,0.1809369862962684,50.000776934841085,46.91862711213334
Gemma 4 - 26B-A4B,Gemma 4 - 5B,hellaswag,GLM,hc_values_map_agg_hat_1_new.parquet,12.264786940852236,8.0,13.44498622005512,9.0,0.00052999788000848,0.0,0.030469966200004396,0.05339198234723494,0.0833414948912316,0.04269707872931218,0.05012867953819904,0.09595788163935423,-0.050808393742935554,0.008661206339156478,-0.056558820797817835,0.08127835994293994,0.04473077600807846,0.13990031568904943,0.10392496189591863,0.12744662773017026,0.11280044550406143,0.13681668818064013,-0.04351749168632586,-0.04737514547280869,-0.05778130802109111,-0.06027283622563593,0.02771014413995835,0.03584116561118657,0.07849635135202196,0.09614150672760721,0.12330352486387683,0.04944998672314453,0.0994182500544668,0.11030444639293252,0.13734775814210165,-0.11229432462157499,-0.1273572842332341,-0.10260967171410898,-0.11224115062578863,-0.0941294423512716,-0.10160383994269898,-0.040853098402771515,0.03825741318324356,0.055562081909590486,-0.08138020685266759,-0.023936201983293603,0.05270588865039006,0.0731868972858329,-0.03255643355094311,-0.06144456992869067,-0.0675637264480743,-0.08434565721854434,0.4731011256766025,0.4763274607095548,0.48720383944785833,0.17642811924794233,50.000776934841085,46.91862711213334
Gemma 4 - 26B-A4B,Gemma 4 - 5B,hellaswag,StudentT,hc_values_per_expert_standard_1_new.parquet,7.492315030739877,2.0,11.034555861776553,3.0,0.03360186559253763,0.0,-0.04960308854762043,-0.008541753683380938,0.011335757376333949,-0.053690154264610705,-0.007570063074575638,0.014611427898072602,0.020122153604237504,-0.003164766166434124,-0.013864325778025417,-0.06972524215185794,-0.005376987516946813,0.025200083154359364,-0.12165729488404933,-0.007601977852624306,-0.1263715696773181,-0.0016154882436897097,0.02835326096804426,-0.023075675835708496,0.007086289466664447,-0.024933279791734656,-0.027361076256659823,-0.009215184707686038,0.040654248750916895,-0.10103299181521021,0.021696603611106955,-0.03945382860806641,0.03698065002798371,-0.11086533563920073,0.024361465085974168,0.06690971258945885,0.0021035599368553117,0.08382408705661107,-0.020596704388836956,0.07662738241960816,-0.021093917342474934,0.03852910928569324,0.0021615987182480975,-0.04503911662366639,0.08139017041188129,0.04171224245955193,-0.007632291787242639,-0.054014420122625695,-0.036430965050446136,-0.02159459251321552,0.04013542843305379,0.04674934307145609,-0.33283635262941424,-0.46494711633164937,0.1992123104533267,0.0,49955641.10974083,46.17377774566225
Gemma 4 - 26B-A4B,Gemma 4 - 5B,hellaswag,StudentT,hc_values_per_expert_hat_1_new.parquet,10.170447318210726,2.0,16.7562539749841,24.0,0.03360186559253763,0.0,-0.056982857377208596,-0.008541753683380938,0.011991660908105547,-0.06174844119802747,-0.007570063074575638,0.014629516799822011,0.023394658846900326,-0.003164766166434124,-0.011392751825925135,-0.08037751622410892,-0.005376987516946813,0.023384412734030684,-0.10751676262629555,-0.005674154589060164,-0.11262721017458653,-0.0007618708753325299,0.028792568068315424,-0.01897998077803267,0.013031735976493007,-0.021261139374075783,-0.03713281547061712,-0.009215184707686038,0.04586346013273039,-0.08983726423764997,0.029438080087921068,-0.04868962248094663,0.041175695801918946,-0.09825630409851026,0.030241377338818105,0.06803210824442495,0.004922438413789912,0.07301673926233483,-0.014754123003831167,0.07444849681754616,-0.021093917342474934,0.04449141135881919,0.016141547341909836,-0.022323510454923288,0.0830353140876175,0.04752542746970703,0.01650105033715394,-0.029221741099704036,-0.05185213211385703,-0.02226915105098569,-0.004912157710950329,0.03332447112420262,-0.8211853629633549,-0.5371479705779367,0.16317995154017695,0.0,49955641.10974083,46.17377774566225
Gemma 4 - 26B-A4B,Gemma 4 - 5B,hellaswag,StudentT,hc_values_map_agg_standard_1_new.parquet,15.285509857960568,16.0,16.37004451982192,20.0,0.03360186559253763,0.0,0.08028364153323661,0.05192592791010273,0.09463688147403015,0.09261593378016927,0.04971905375572805,0.1063369619455286,-0.05519117948732392,0.004597707480990417,-0.05383247584681229,0.13547482102056052,0.04732822042911232,0.14846935732084243,0.1540166051244492,0.13281509802644578,0.16223558313674732,0.14098906904163633,-0.04498640569543652,-0.04309273604446736,-0.05970086577955081,-0.05659690262013842,0.07424194015698257,0.0310243220084905,0.08739643029254718,0.1402375327414166,0.12492300554348976,0.09628877704017567,0.10687224839376391,0.15464814245312988,0.13762443969977306,-0.1310511255767459,-0.12388582979519239,-0.12032732035232875,-0.10655044246415475,-0.05337853124384959,-0.10859466226108665,-0.022832824073491992,0.06406101005552332,0.059728172409880945,-0.03868584418134313,-0.007097579838283857,0.0796627183184543,0.07539174719591694,-0.04948074683734974,-0.06044515283498332,-0.07795409729235261,-0.07726720904626576,0.48788384172038163,0.32180293060442083,0.6012787354352576,0.09352929780524717,32.02835521555831,31.48969290060603
Gemma 4 - 26B-A4B,Gemma 4 - 5B,hellaswag,StudentT,hc_values_map_agg_hat_1_new.parquet,15.667002331990671,17.0,17.115115539537843,22.0,0.03360186559253763,0.0,0.06571974365147515,0.05192592791010273,0.09675014717303465,0.07796581521072268,0.04971905375572805,0.10866103676252045,-0.05369030508267184,0.004597707480990417,-0.054834914107404036,0.11941004873414698,0.04732822042911232,0.1515850612804387,0.15167399187755326,0.13723272708167483,0.159745805939689,0.14557957000364907,-0.04421449671839964,-0.04413428024255591,-0.05836143619889352,-0.05775421650540563,0.06349207715009296,0.0310243220084905,0.0906812337711154,0.13877827141701476,0.13067950092803174,0.08542321515695941,0.11071070730005371,0.15285192409960507,0.14387137346226497,-0.12650784674313043,-0.12770547016695982,-0.11819646402126312,-0.11101461470481659,-0.05801370782249092,-0.10859466226108665,-0.022068348416699312,0.07407161874413187,0.06435316645218976,-0.04437785424344655,-0.005558292752748178,0.08889495785911602,0.08098490903227086,-0.04408188465030634,-0.06383153460887551,-0.07693269041229636,-0.08224574128116317,0.34769495576119186,0.3110390251950981,0.5287463075402992,0.09295980271016135,32.02835521555831,31.48969290060603
Gemma 4 - 26B-A4B,Gemma 4 - 5B,hellaswag,StudentTSkewed,hc_values_per_expert_standard_1_new.parquet,7.911967352130591,2.0,11.685923256306975,3.0,0.023743905024379904,0.0,-0.09251964515026362,0.018399625196298106,-0.05488457030893035,-0.09922331232992648,0.01459437269299027,-0.05536450039360953,0.03389330960227263,0.01359206924329394,0.006269443812630267,-0.12641295475253625,0.004807555953004165,-0.061154014121560615,-0.1118620346332193,-0.06578050672810822,-0.11628916553920894,-0.06340441184236503,0.026444812117325786,-0.004157338771853869,0.030253395259285245,0.0034326119487941243,-0.07065376864256977,0.019243203760513555,-0.01995348619851146,-0.13047336645629712,-0.02995248499131461,-0.08765424934352756,-0.0295080822486199,-0.14243019086530004,-0.02949048074053572,0.10604323192413637,0.05224645196508633,0.10476446491404377,0.008981590842836798,0.08423363696859845,-0.028740468829565952,0.042515884494328346,0.013621292959016505,-0.0458681599799224,0.08746046788100477,0.04183978342577531,0.004902836969748128,-0.05835176999481486,-0.0316981512821898,-0.006419571983644798,0.03321563863060459,0.06149011542798818,-0.6632799600329317,-0.7761115025168795,0.22597226538914117,0.0,1.5899936400254396e+296,35.07826644118681
Gemma 4 - 26B-A4B,Gemma 4 - 5B,hellaswag,StudentTSkewed,hc_values_per_expert_hat_1_new.parquet,12.52188891244435,5.0,18.45765316938732,25.0,0.023743905024379904,0.0,-0.07837888667722925,0.018399625196298106,-0.047215152535625846,-0.08472180660353591,0.01459437269299027,-0.04849219200276941,0.031339840431448183,0.01359206924329394,0.008812863144616573,-0.10971872710867744,0.004807555953004165,-0.05602801568024242,-0.09086538170070202,-0.05682595729297706,-0.09515732128575526,-0.055405113078155335,0.0242349373393804,-0.001090818702235747,0.02806220583764357,0.005967901795790205,-0.05958645851102072,0.019243203760513555,-0.009281693416697056,-0.08393979388105588,-0.012113745986415115,-0.07446447825459435,-0.02019576991079783,-0.09234467754016158,-0.014375888098922585,0.09196805199101957,0.05465232461375877,0.07074791403098267,0.015140029459396312,0.08165887000490935,-0.028740468829565952,0.05569454613994511,0.024359490508739572,-0.015938613255314298,0.08808872368087194,0.054359604995091085,0.024442324916535658,-0.02770572586758342,-0.04445222827152153,-0.006542109717478662,-0.005533870657601877,0.052144241841826235,-1.3939848561275323,-0.9368482149039291,0.17022034980134115,0.0,1.5899936400254396e+296,35.07826644118681
Gemma 4 - 26B-A4B,Gemma 4 - 5B,hellaswag,StudentTSkewed,hc_values_map_agg_standard_1_new.parquet,15.465921136315455,16.0,16.588085647657408,20.0,0.023743905024379904,0.0,0.08321152537134509,0.05191350825490676,0.10617823171026122,0.09562935292486532,0.04971736875993395,0.11829671869726024,-0.05576278206061149,0.004556219896065717,-0.05640711271388455,0.13897430743195657,0.047357288358841045,0.16258534442414577,0.1583083038349486,0.15864059450792548,0.16658695819167887,0.16691087438592306,-0.04557172084818586,-0.045565473056197695,-0.06006962819792618,-0.059893859258969125,0.07751250654905281,0.030982369977919172,0.09887905237793047,0.144383493496094,0.14911823254120413,0.09949757104200252,0.12010434050211355,0.15869217661081164,0.16319101877766198,-0.13197848255067895,-0.1363658584876754,-0.12140367950943115,-0.12207130646565464,-0.050656181097026486,-0.10864955131849569,-0.028861005464862286,0.06710590460247748,0.06787426585436948,-0.03605691443444589,-0.012930229120718771,0.08256158004155785,0.08411600114442781,-0.04968344598693654,-0.05994921193741586,-0.07802557529518815,-0.08141954304230069,1.15731575022884,0.9821622048038577,1.0479043928641116,0.7313110527583645,41.02331265277661,40.32151267524811
Gemma 4 - 26B-A4B,Gemma 4 - 5B,hellaswag,StudentTSkewed,hc_values_map_agg_hat_1_new.parquet,16.033442866228533,18.0,17.07817468730125,21.0,0.023743905024379904,0.0,0.07275556174998041,0.05191350825490676,0.10939116076398872,0.08505995873601474,0.04971736875993395,0.12149166837043336,-0.05448134859553466,0.004556219896065717,-0.056591810272233124,0.12723691034551507,0.047357288358841045,0.16598297103622184,0.15842497230363953,0.16607526197658642,0.16650766358184316,0.17424876544645532,-0.044805700368249136,-0.045784182582037126,-0.05895228349179082,-0.06025051817802621,0.07036878912848328,0.030982369977919172,0.10326002101193271,0.14541390048025005,0.15767688125064483,0.09226479169406406,0.12490381117742397,0.1594389312377264,0.17212179003183697,-0.12890217570329252,-0.13995942636935577,-0.12045726413722013,-0.12703066244987704,-0.05217570991513161,-0.10864955131849569,-0.027358757246821092,0.0780253604107461,0.07471354528337763,-0.03842073357393874,-0.01092722334831313,0.09284380942002003,0.09170551225764902,-0.04584436898836286,-0.06235667944105855,-0.077780920038619,-0.08598486696835426,0.9312384990676067,0.8770321983703784,0.8814026785010672,0.6960121331320935,41.02331265277661,40.32151267524811
Gemma 4 - 26B-A4B,Gemma 4 - 5B,hellaswag,KDE,hc_values_per_expert_standard_1_new.parquet,12.491414034343862,6.0,15.439845240619038,23.0,0.00031799872800508796,0.0,0.10757844756042398,0.026283930984173025,0.03936049984986552,0.10859484277798226,0.02397974588799829,0.040509695476132895,-0.01258815228768878,0.007024599307881673,-0.0076815358467024995,0.12016659984811276,0.019259331676291354,0.04704203569656802,0.031207024609775657,-0.03626488925486373,0.03309132882769365,-0.03489253120601221,-0.009884010797420874,-0.0025308079835978806,-0.015433936723864596,-0.0069354857512366015,0.11703690872467314,0.03405953338348894,0.05930297071025532,0.04396651985422932,-0.015502598828743667,0.11369830473551526,0.053298571018882565,0.04699288757252892,-0.018847219269274643,-0.027893511266681863,0.006097325041416289,-0.030505832230841055,0.021383801887269776,0.10665254114703046,0.04164065918360445,0.043701515495853854,0.01938775398399148,-0.03552985352838435,0.12108669831078858,0.045497582275158654,0.019319044176971892,-0.04703561466315219,-0.08314712191143035,-0.016952266508805554,-0.003758052575623737,0.05504696218657639,-1.4228875785136408,-1.6604620928637916,0.1448302176081288,0.0,52.61432030614651,18.085438224637965
Gemma 4 - 26B-A4B,Gemma 4 - 5B,hellaswag,KDE,hc_values_per_expert_hat_1_new.parquet,18.564129743481026,25.0,21.446629213483146,26.0,0.00031799872800508796,0.0,0.12961002934495391,0.026283930984173025,0.048529378356789415,0.13208498473385855,0.02397974588799829,0.05041075927837892,-0.020113951229183663,0.007024599307881673,-0.011308864000513303,0.14972398057413758,0.019259331676291354,0.059838242357302715,0.07592384406748237,-0.022590707726279354,0.07988058513084906,-0.020286445870861387,-0.02157728331067446,-0.007279828675190879,-0.023366799082997585,-0.010971816372703305,0.14081183548043968,0.03405953338348894,0.07664521217209973,0.08961194422804679,0.008289051407604347,0.14221143309551842,0.07139619752071705,0.09898223269752017,0.005903821945717362,-0.05896829244196817,-0.003900071421568854,-0.07711776873419636,0.008041113966438973,0.10825234583488869,0.04164065918360445,0.050528157897246954,0.03309717429510782,-0.0237989057732304,0.12755922227631317,0.05366869494591345,0.04357148110572058,-0.033004226473143966,-0.10374737018050645,-0.02402240329168014,-0.050269074674136854,0.04307616310125251,-2.2148101239906706,-2.1678011696590826,0.1160434532812518,0.0,52.61432030614651,18.085438224637965
Gemma 4 - 26B-A4B,Gemma 4 - 5B,hellaswag,KDE,hc_values_map_agg_standard_1_new.parquet,18.262825948696204,24.0,19.331619673521306,25.0,0.00031799872800508796,0.0,0.09973165352696137,0.042584015068174386,0.08437729574973543,0.11082804590933017,0.038159626143401314,0.09422562962339051,-0.05184940002166229,0.014116193358890573,-0.04568824448352288,0.15158105354862367,0.028467821709283813,0.1300655402332583,0.16974891171551987,0.11091508014533942,0.17696984312367015,0.11778643139595454,-0.04227979331937818,-0.03614610483494689,-0.05768306282859854,-0.04874867705486488,0.09144408971837992,0.04061348505021037,0.0764893199818919,0.15475027280910644,0.10332358631474457,0.11284505796833347,0.09259430163240606,0.16909881954408418,0.11347795252134228,-0.13442307615322158,-0.10401411156425808,-0.12542989041174554,-0.0864445239437938,-0.038663927240129,-0.10181916435064499,-0.009448321564607377,0.07551386587034682,0.05864241460987152,-0.023988813343308664,0.004119576780205627,0.09107215645228012,0.07182628684339631,-0.05260207915648896,-0.05434242938979586,-0.08023805877600347,-0.06683276968504967,-0.2047792462989405,-0.3027903256489036,0.31865556119054406,0.0,22.291596641958293,21.06825252635872
Gemma 4 - 26B-A4B,Gemma 4 - 5B,hellaswag,KDE,hc_values_map_agg_hat_1_new.parquet,19.38191647233411,25.0,21.25392198431206,25.0,0.00031799872800508796,0.0,0.08399354851486832,0.042584015068174386,0.08556681173132483,0.09509004175098458,0.038159626143401314,0.09565362673142394,-0.050596595417244414,0.014116193358890573,-0.046726622666101544,0.13459014393211272,0.028467821709283813,0.13229343439742636,0.16592455029487682,0.11316209154570941,0.17302975482736405,0.12024374549750858,-0.04151306414521099,-0.037159720990406174,-0.056161868256894315,-0.04986910934518105,0.0840511643978476,0.04061348505021037,0.07851153050241894,0.15649385914924227,0.1065286036025317,0.10520364890330496,0.09501340158718774,0.17031106270029744,0.11700409030602224,-0.13050617608273948,-0.1066284886851589,-0.1235870391106613,-0.08915481421075108,-0.04067360592433289,-0.10181916435064499,-0.009280480118450616,0.0882770761194911,0.06101387862736405,-0.027506484521831204,0.005033478057645338,0.10239688500144209,0.07503812144252471,-0.04589798741567945,-0.057479785642819275,-0.07710234986003799,-0.07079642857250458,-0.3857148045387538,-0.31157025527695037,0.29165299891441177,0.0,22.291596641958293,21.06825252635872
Gemma 4 - 26B-A4B,Gemma 4 - 5B,hellaswag,JohnsonSU,hc_values_per_expert_standard_1_new.parquet,13.450551197795209,12.0,16.12121051515794,24.0,0.006200975196099216,0.0,0.0834176407080417,-0.011569537202290016,0.042906084600746894,0.08463113067828194,-0.011718500218597678,0.04522633776977127,-0.011444155149703844,0.0015107060367838792,-0.012597685794398869,0.09486179585774554,-0.013080243239073894,0.055503770395145764,0.0773858179103132,0.03347042485617849,0.07890339310763747,0.03610745255953674,-0.012164255665246983,-0.01309470184409131,-0.012003573280166194,-0.013190281652701993,0.09537794011635359,-0.011586493257098632,0.06948393165567347,0.08943771898796382,0.0608876186486276,0.09174222075217618,0.06478386339149932,0.08744316550126582,0.05750663357499573,-0.018439409114387163,-0.0038101392130384317,-0.02396887243069488,-0.006831258984483548,0.0851152471735648,0.018184502230091347,0.046573297588689375,-0.003000984624766863,-0.02618459574384148,0.09963576690376687,0.05202492920584592,0.0017595694855657412,-0.031180067176650984,-0.0788305770777424,-0.03276967129206573,-0.01908634033847518,0.02619297439166589,-1.195482535807104,-1.350467753381275,0.17563444336866224,0.0,1.0599957600169598e+296,20.239400948629054
Gemma 4 - 26B-A4B,Gemma 4 - 5B,hellaswag,JohnsonSU,hc_values_per_expert_hat_1_new.parquet,18.257737969048122,25.0,21.332838668645326,26.0,0.006200975196099216,0.0,0.10103345866646454,-0.011569537202290016,0.05057112114708159,0.10352638404674977,-0.011718500218597678,0.053164704870353574,-0.017909544585343905,0.0015107060367838792,-0.014289598337486187,0.11894300325180845,-0.013080243239073894,0.06486071948456777,0.09620071060456818,0.04257211243229167,0.09902807050094549,0.04543049010543989,-0.01884268803753645,-0.014694909931197181,-0.01828737839921674,-0.014671642365954538,0.11326442943164299,-0.011586493257098632,0.08116025693490574,0.10830886581666582,0.07384918313745978,0.1137692687203019,0.07706992145486916,0.11054688540630772,0.07097416393153493,-0.04451926804739115,-0.011015722182508274,-0.05084584759483949,-0.014032705598691748,0.08077674693717449,0.018184502230091347,0.04806742102956557,0.005351503362782878,-0.017460466286881634,0.09921035521345095,0.05409648008723428,0.017237690284147886,-0.020704765962373316,-0.09415308188943951,-0.03549404537447702,-0.05035430263475296,0.017106586989879408,-1.8695161341724835,-1.769659989471935,0.14454387240151978,0.0,1.0599957600169598e+296,20.239400948629054
Gemma 4 - 26B-A4B,Gemma 4 - 5B,hellaswag,JohnsonSU,hc_values_map_agg_standard_1_new.parquet,14.72312910748357,13.0,16.005988976044097,20.0,0.006200975196099216,0.0,0.07328759149322862,0.05262318111473544,0.07621756443781572,0.08544383109040449,0.05017449462369086,0.08484277801984319,-0.05393746153721031,0.005499026268692593,-0.040198666523617074,0.12722505303043893,0.04712415484604285,0.11641623096143279,0.14447812452561967,0.09852151673966125,0.1526714973222741,0.10417962090051928,-0.044106336607262375,-0.030357386390082574,-0.05917427472336233,-0.0417377877160017,0.06628562680163298,0.032205815181522726,0.06763641287901821,0.1312967068206193,0.09022563602607565,0.08837766760388069,0.08162397533389554,0.14584891959297558,0.09843650802567272,-0.1283022572814223,-0.09078666684010714,-0.11763532361835426,-0.07243019295480235,-0.06109844816215459,-0.10702825643792668,-0.007300573436519638,0.05669625880273755,0.05212568499140734,-0.046349150122677145,0.0029721417251448758,0.07252481872610803,0.06162802071262912,-0.048040138199485986,-0.041112596302631435,-0.077257142231311,-0.05030554169833781,-0.2609016705934682,-0.40170444660706184,0.2265923096353887,0.0,25.737056492038157,25.14245660741071
Gemma 4 - 26B-A4B,Gemma 4 - 5B,hellaswag,JohnsonSU,hc_values_map_agg_hat_1_new.parquet,15.585700657197371,17.0,17.787258850964598,23.0,0.006200975196099216,0.0,0.05596721508512384,0.05262318111473544,0.07756619124628908,0.06791545149251284,0.05017449462369086,0.08636316274229958,-0.051735204872008875,0.005499026268692593,-0.04098569385283908,0.10770241995713271,0.04712415484604285,0.11855188509912816,0.13947872902389485,0.10076128932000328,0.14736942374062983,0.10654069555682939,-0.04250429496220742,-0.031018527540953744,-0.05683574449377116,-0.04258469907953144,0.053565472670901074,0.032205815181522726,0.07012672454323274,0.12747143858083754,0.09376299870182063,0.07540770004227061,0.0844263608576845,0.1415201961198062,0.10217210806274109,-0.12239660559330401,-0.09317737487503876,-0.11383458921911682,-0.07468873119797213,-0.06738475022691573,-0.10702825643792668,-0.005418639938216049,0.06625488339732138,0.056291867796394515,-0.05406174590440848,0.00542440631760439,0.08090867218131655,0.0663996808945359,-0.040747212548909166,-0.043891664319754845,-0.07451095361804984,-0.05369429436980407,-0.42786656075161733,-0.4206267296700438,0.2082244252295314,0.0,25.737056492038157,25.14245660741071
Gemma 4 - 26B-A4B,Gemma 4 - 5B,fineweb-edu,GMM,hc_values_per_expert_standard_1_new.parquet,6.524370248919362,2.0,8.915287921697223,3.0,0.5827495404183435,0.0,-0.10912690523828018,-0.03756829622428125,-0.09785404631198877,-0.10234579182106103,-0.03886205786452,-0.08725576403001616,0.002145402669452156,0.009860394950553991,-0.00943412479925413,-0.11127230790773233,-0.04742869117483524,-0.08841992151273464,-0.09656669120173038,-0.08452831137946835,-0.08882979392789375,-0.07270970373863533,-0.0024774956023221645,-0.014837653257545613,-0.000848179495859666,-0.012849437373981833,-0.08258076795861191,-0.029265847480955693,-0.06685983621245745,-0.07290931077818749,-0.05619652518383015,-0.0640678688680447,-0.039985568482284864,-0.05392054720383917,-0.02831436153926044,-0.01437300424932018,-0.04074777446581521,-0.01913941972124369,-0.04717211690602363,-0.08161333061444828,-0.022954778404941693,-0.07811612556787785,-0.07354916905646697,-0.06994723992614618,-0.027170899761417955,-0.020255325361871527,-0.020016886305385995,-0.012860251586333141,-0.09035813295201199,-0.09763298592238151,-0.09002891244084885,-0.09758855491783384,1.3893088207652693,0.9960705287964738,1.2014612147701147,0.011345639184214508,1.6395886123118198e+298,509.66748531803324
Gemma 4 - 26B-A4B,Gemma 4 - 5B,fineweb-edu,GMM,hc_values_per_expert_hat_1_new.parquet,8.184478561136782,3.0,12.152904059223928,6.0,0.5827495404183435,0.0,-0.0751369924984178,-0.03756829622428125,-0.08575121566240274,-0.08251299006774555,-0.03886205786452,-0.07779119213660982,0.03175962173731614,0.009860394950553991,-0.00492996345208065,-0.10689661423573395,-0.04742869117483524,-0.08082125221032209,-0.06492394786034066,-0.07276149135237181,-0.07223842275035867,-0.06396838422867177,0.029757323156037508,-0.009306837570119676,0.030406436208207977,-0.007672952373788285,-0.05196678627227623,-0.029265847480955693,-0.059052111643390526,-0.044330615679211496,-0.048935285509998,-0.060379255943852475,-0.03828440665677581,-0.053379894343846115,-0.02777942683564644,0.04009295092256942,-0.028719364709567173,0.03876887196550136,-0.03343189432641803,-0.013128240711677827,-0.022954778404941693,-0.06747078553798869,-0.005460964724887648,-0.0591469057993415,-0.0041765180259506094,-0.01915896896762827,0.0010760746003742239,-0.012272878825459814,-0.014911242771424079,-0.08110299156308676,-0.011649866096700521,-0.07981048655000055,0.4692150378327992,0.96624158471653,0.7115446090260411,0.011345639184214508,1.6395886123118198e+298,509.66748531803324
Gemma 4 - 26B-A4B,Gemma 4 - 5B,fineweb-edu,GMM,hc_values_map_agg_standard_1_new.parquet,6.108436428677895,5.0,6.2043772047498384,5.0,0.5827495404183435,0.0,0.05874602417722402,0.005637362049360646,0.05169416087520594,0.016140892932298166,0.00553709388880781,0.014473506908773328,0.09678148234362502,-0.0007394470166228494,0.08448462572767455,-0.038035458166401,0.006376809065983495,-0.032790464852468615,-0.028059358596156523,-0.031864115836908846,-0.0226710938498077,-0.019185454070505464,-0.008507292609721691,-0.02623981385665636,0.07246122671930304,0.05754479873566923,0.06269324539489542,-0.000872989448747434,0.05082756775611514,-0.040219584651063345,-0.050035639140479884,-0.00883874432054818,-0.011166120471919266,-0.032325666390816805,-0.02963767782112357,0.15168816152742887,0.13277639862141585,-0.004036728264955494,-0.03127418506486056,0.15096207941293088,-0.021757110603672074,0.12745587541306733,-0.0429769577897705,-0.06075488627713336,0.03903556817905366,0.027100059537691557,-0.029782975415803534,-0.04087016425367556,0.1888894432160363,0.17082987614013018,-0.016872282266035203,-0.026290137386817642,3.1085108697100647,3.1907477434260914,2.490091481898009,2.419413992841982,2119.3813580285414,588.5820710819424
Gemma 4 - 26B-A4B,Gemma 4 - 5B,fineweb-edu,GMM,hc_values_map_agg_hat_1_new.parquet,7.938018582004273,6.0,8.163710438714165,5.0,0.5827495404183435,0.0,0.07050223887293994,0.005637362049360646,0.05317583195183484,0.02777001214539833,0.00553709388880781,0.016799474855099156,0.09503326240446416,-0.0007394470166228494,0.08210136366447784,-0.024531023531524226,0.006376809065983495,-0.028925531712643004,0.021008877575606263,-0.021754423149439067,0.012999185357934177,-0.010985842740460258,0.016416815888624797,-0.023253752233568546,0.07011238893334627,0.05425844765892767,0.08656257373799336,-0.000872989448747434,0.05670894395970724,0.0374112054040309,-0.029138891476617156,0.018083442297417613,-0.004593725449749347,0.02820487542612617,-0.01291984135968549,0.13525941337983055,0.12887827227080248,0.008380178798899534,-0.028984498508652538,0.17148515280951146,-0.021757110603672074,0.13739481588634572,0.053058987498726506,-0.03334590758802658,0.079038553792569,0.039830745658698735,0.06332710528125607,-0.011455655291227518,0.14732266874310052,0.16357301422842246,-0.0316950965407697,-0.036138768945383905,1.4858384707719352,1.7905645799201901,1.36571489247346,1.4975996346851561,2119.3813580285414,588.5820710819424
Gemma 4 - 26B-A4B,Gemma 4 - 5B,fineweb-edu,GLM,hc_values_per_expert_standard_1_new.parquet,9.251527798479653,2.0,13.554429373478412,9.0,2.484225170169424e-05,0.0,-0.11816322203358225,-0.004201026868622983,-0.07436570456295144,-0.13479310371319028,-0.0044528588753548395,-0.0791101000163319,0.0625926308805601,0.0013720352454130323,0.02500782017581063,-0.18075585291414234,-0.005573062114036015,-0.09937352473876207,-0.08727089819136159,-0.04124762419899627,-0.10013887753199581,-0.04084991650464731,0.04735731061629735,0.0061458988415513185,0.05830918155729886,0.021203054345373454,-0.1029395650473945,-0.06300381635684585,-0.06239395468681656,-0.07938795819423236,-0.025868597959891704,-0.12230054855572506,-0.06035349341043278,-0.09309449658013284,-0.01324794202440822,0.08602452658315357,0.018401560213591156,0.0630431595903004,-0.021232788008775726,-0.04434144182549497,-0.03935807156319088,-0.05747336141393683,-0.09647097422948633,-0.06986222134925398,-0.04086715552912254,-0.020137526272664,-0.09280412193365105,-0.028940128892930447,0.0015023639924603245,-0.061686930949693186,0.010807541771306262,-0.06633459161540305,-1.1199924850825977,-1.067073180147098,0.10735479290642479,0.0,2.484225170169424e+295,29.009576064698425
Gemma 4 - 26B-A4B,Gemma 4 - 5B,fineweb-edu,GLM,hc_values_per_expert_hat_1_new.parquet,13.714587370199235,13.0,19.129254235603916,26.0,2.484225170169424e-05,0.0,-0.07699589166803922,-0.004201026868622983,-0.08190692288875381,-0.10553740801544999,-0.0044528588753548395,-0.08441153611557728,0.0852990641550709,0.0013720352454130323,0.020703150294784575,-0.1622949558231101,-0.005573062114036015,-0.10261007318353839,-0.036915436059657324,-0.050857918635017395,-0.06460728260388171,-0.04813691177257098,0.07578422152324464,0.001988168937074611,0.0821094053674595,0.01717018081144698,-0.044026694649818725,-0.06300381635684585,-0.06711454363821279,0.014644565866895099,-0.03252817639575068,-0.08278455907285798,-0.06116906790104136,-0.02782930349588731,-0.015577331498039668,0.11143862229991838,0.010607541186852282,0.09839551542897851,-0.029342190604827845,0.045256700952115335,-0.03935807156319088,-0.06214025901065227,0.05787451034204756,-0.07442075876001066,0.012451196622659286,-0.020746991579861995,0.004133995781842667,-0.02924378331396971,0.05517564780743893,-0.06868396996953505,0.09340287057487781,-0.07373411740432353,-1.8924225742751135,-1.3968298125085628,0.0835031457162842,0.0,2.484225170169424e+295,29.009576064698425
Gemma 4 - 26B-A4B,Gemma 4 - 5B,fineweb-edu,GLM,hc_values_map_agg_standard_1_new.parquet,10.818651562577632,7.0,11.556118646594127,6.0,2.484225170169424e-05,0.0,0.0562969678713723,0.03208391386633422,0.025866329774132626,0.022660237504238845,0.008734930007427179,0.01645344906166601,0.07466467101262153,0.05305885679854512,0.019115515598533465,-0.018367703141249234,-0.020974942932210902,0.006750814175599161,-0.028539604349619385,-0.020857035689765692,-0.009701219730331131,-0.0006175736434991503,-0.04239509786903879,-0.04735069320370572,0.036078298039082426,-0.011466436738672448,0.06767211197050374,0.03805490421219873,0.029131014995256648,-0.027115055473909053,-0.024133421216079337,0.011249816184939695,0.013524505169287056,0.0028327013719039898,0.008869841009382179,0.11281359075660546,0.027299412856953968,-0.06384804333772634,-0.07260360228316924,0.13816549496789737,0.03693269138246524,0.060032007429549394,-0.0747916247902628,-0.059717786858279,0.04505655841545352,0.01842556056666323,-0.04042192843700615,-0.026650893573327835,0.15479519394770802,0.06948873007759857,-0.051352678985241824,-0.052116588889064785,0.11184563176980016,0.12992780109279511,0.4658160116268728,0.0,42.87132511319247,40.74992805472154
Gemma 4 - 26B-A4B,Gemma 4 - 5B,fineweb-edu,GLM,hc_values_map_agg_hat_1_new.parquet,11.663660754210762,7.0,13.00188801112933,8.0,2.484225170169424e-05,0.0,0.07372905351407114,0.03208391386633422,0.026445789126624375,0.030004932140234804,0.008734930007427179,0.016971636807829628,0.09695944565123793,0.05305885679854512,0.01916764056787476,-0.023230392137166794,-0.020974942932210902,0.007278148558749614,0.0005761216410824491,-0.02119225186441822,0.0029419058505262274,-0.0003526341686134684,-0.006088900177934404,-0.04880684272026861,0.0672770235050157,-0.01196054973040299,0.09329322095166427,0.03805490421219873,0.03033299419885913,0.019114494656688415,-0.02385784994345026,0.022681594061750687,0.014700623857133046,0.027318305956538814,0.010195447443758552,0.13795827672193592,0.02691198206546333,-0.027839617492174052,-0.07532040422901119,0.18402623579458396,0.03693269138246524,0.06110607382206053,0.005050730900148499,-0.06134616957882382,0.08156996593721695,0.019211994899957972,0.03095741080631084,-0.026822533845773093,0.16439342255046235,0.06984670330973114,-0.05231154493793388,-0.054634561218149344,-0.2815690941426861,0.12676033014016141,0.4036501668959977,0.0,42.87132511319247,40.74992805472154
Gemma 4 - 26B-A4B,Gemma 4 - 5B,fineweb-edu,StudentT,hc_values_per_expert_standard_1_new.parquet,7.800094400556467,2.0,10.719381924777663,3.0,0.02998459780394495,0.0,-0.11373567274080706,-0.020792267689321013,-0.10078238409915527,-0.11773411885776162,-0.02449271127003164,-0.09278553959681651,0.03005704160980384,0.012960396656870113,-0.0023787651382615833,-0.14379271435061092,-0.033752664346191126,-0.09840361896089368,-0.08152953773398966,-0.061167238948341585,-0.08383705002823191,-0.047744301038709046,0.02001643119781269,-0.02294765283799977,0.006610949645049247,-0.019151038869139464,-0.08941216971098881,-0.024355510965303653,-0.07453381483172766,-0.08782192317031934,-0.05482422996091756,-0.08821191484591076,-0.05190250211197134,-0.08964780975401071,-0.027505732223654666,0.030591880268852928,-0.027477809985957682,0.037389923386651557,-0.04628498459882001,-0.051710454655731,-0.01940844117801574,-0.07456753122316881,-0.0871824015797601,-0.08785225444855393,-0.015694907849325368,-0.018231466296747226,-0.06585233446911146,-0.03922194488552893,-0.06019843435934248,-0.09533695417764446,-0.025207785658827055,-0.07806403890145992,-0.5539516441400212,-0.5376555075710083,0.21911504387360636,0.0,2772.116879868489,39.586976562801695
Gemma 4 - 26B-A4B,Gemma 4 - 5B,fineweb-edu,StudentT,hc_values_per_expert_hat_1_new.parquet,11.696228946191683,4.0,16.503900233517165,25.0,0.02998459780394495,0.0,-0.0773846434059444,-0.020792267689321013,-0.10130940876910546,-0.0904200606821325,-0.02449271127003164,-0.09330189447985682,0.04638336775441575,0.012960396656870113,-0.002312893978307567,-0.12376801116036015,-0.033752664346191126,-0.0989965147907979,-0.021959136211277142,-0.061863522623893975,-0.03805825566886573,-0.04842587498738154,0.04416650980486071,-0.022862929155568392,0.03248985598122545,-0.019179483877649322,-0.047407939509918944,-0.024355510965303653,-0.07565832382602444,-0.014098745666313335,-0.056300958396233634,-0.062191304242077736,-0.05313731509925502,-0.03943098002483712,-0.029191082878611718,0.05398717921595258,-0.026785931686020465,0.06726325002859876,-0.045220972620855886,0.020342996462326547,-0.01940844117801574,-0.07369955742127866,0.04167142793417837,-0.08650272471698575,0.02312568342754738,-0.0157221014224452,0.011186529382362776,-0.0358369643101073,-0.009171763314837478,-0.09867941840945035,0.05142404334514692,-0.08226472737838486,-1.294989291657671,-0.6089887907173828,0.1763088785255079,0.0,2772.116879868489,39.586976562801695
Gemma 4 - 26B-A4B,Gemma 4 - 5B,fineweb-edu,StudentT,hc_values_map_agg_standard_1_new.parquet,12.888657027873007,8.0,13.454315099120585,9.0,0.02998459780394495,0.0,0.05864479167727259,0.03938435535495155,0.02737182764336023,0.030003460585676316,0.011214365452531412,0.02086212909850036,0.06169272784235258,0.06389536213202357,0.011551794159964723,-0.0030479361650799924,-0.02451100677707202,0.01582003348339551,-0.020134030950458903,-0.016988202686036503,0.0019081952422168457,0.004110726978558786,-0.052036953758893605,-0.05023162216073947,0.019349683028622194,-0.018924090102257284,0.07012458406495364,0.04850432323337245,0.032778957376835574,-0.01998011116364939,-0.018348769924106664,0.022039717407746948,0.021443065157543958,0.015067927646051579,0.015542517602206395,0.09147342913814266,0.015471551185584305,-0.07929841969827205,-0.0770614352662444,0.13342362522162948,0.0613542414899919,0.05843129663404976,-0.07709574393026022,-0.06227101250356693,0.046994221154292706,0.018632615913063505,-0.04230920537042765,-0.030300564363650386,0.14273008251894978,0.06628234325735965,-0.05140928194695226,-0.04916908075059846,0.14886464913359573,0.05369431893625198,0.5617517869522316,0.0,31.281321206200438,31.386297936351472
Gemma 4 - 26B-A4B,Gemma 4 - 5B,fineweb-edu,StudentT,hc_values_map_agg_hat_1_new.parquet,13.61978933770557,9.0,14.83782978089134,14.0,0.02998459780394495,0.0,0.07714648736789023,0.03938435535495155,0.0286172539773032,0.03633015071981371,0.011214365452531412,0.021978530822616082,0.08904787031048106,0.06389536213202357,0.011657123587166592,-0.011901382942590827,-0.02451100677707202,0.016960130390136607,-0.002613033945094955,-0.016896130274355013,0.00945654999401422,0.004930306481632196,-0.030046217760625934,-0.05208875377089071,0.05316602329653446,-0.019493278997801466,0.09675883356796708,0.04850432323337245,0.034879914922978136,0.0125981194701183,-0.017491648803401007,0.03058130782586144,0.023210393524563555,0.036105578134786154,0.017465983606590442,0.12579838118992817,0.015500784699464712,-0.06335882782882025,-0.08004727068004114,0.18490057978705926,0.0613542414899919,0.05944513261113852,-0.024221485005705798,-0.06481359884607167,0.08424756853102135,0.018872075998221754,0.014446973517075983,-0.03155503131304043,0.16073605314882924,0.06759488152914661,-0.07090883928441882,-0.051142620919875426,-0.24158074985068986,0.053506008464658125,0.48266051716736325,0.0,31.281321206200438,31.386297936351472
Gemma 4 - 26B-A4B,Gemma 4 - 5B,fineweb-edu,StudentTSkewed,hc_values_per_expert_standard_1_new.parquet,8.246782928404631,2.0,11.677870522184131,3.0,0.06876335271028966,0.0,-0.1139172720906057,-0.003459737185559541,-0.10342022650759418,-0.12078279038428735,-0.001353174817353242,-0.09626641396644359,0.037297123416796654,-0.004687615140977918,0.0002046710221916654,-0.15121439550740234,0.0012278779554183768,-0.10362489752978585,-0.10951305756598756,-0.09844954493430882,-0.1167644120459982,-0.09094185572762938,0.0374745601267983,-0.0015581470784126513,0.03786122017104098,0.00018561377913665564,-0.08945377526707987,0.0015693272028812445,-0.07467932158925557,-0.08794816126515868,-0.0723997347964058,-0.0954020677125997,-0.0547671959881275,-0.0943834150825801,-0.05160030838910625,0.04811604598712918,-0.020763278980744305,0.04873844532646013,-0.023786275921179448,-0.050699772857621575,0.019454950409269582,-0.0764907073085643,-0.05579394384194399,-0.08301463436703237,-0.027478342421132576,-0.030796430682677938,-0.03165750425836328,-0.03531140416535027,-0.0355893679970642,-0.07435446406057586,-0.03641507650505874,-0.07703297415227685,-0.20922976530968956,-0.1773824853870837,0.36741240215867416,0.0,7.204252993491328e+296,60.36042786241528
Gemma 4 - 26B-A4B,Gemma 4 - 5B,fineweb-edu,StudentTSkewed,hc_values_per_expert_hat_1_new.parquet,11.382520991702687,3.0,16.553609579172257,25.0,0.06876335271028966,0.0,-0.07432593162108533,-0.003459737185559541,-0.09958622359107455,-0.09412311887995528,-0.001353174817353242,-0.09270824841124987,0.06284523170885219,-0.004687615140977918,0.00022381008841933139,-0.1371711633299375,0.0012278779554183768,-0.09981003367949388,-0.06887693812882464,-0.09449533001680031,-0.0892444479635669,-0.08734006370972201,0.06328991061869199,-0.0013677154699485708,0.06327103361622588,0.00020740919477797135,-0.04802076927370149,0.0015693272028812445,-0.07220503961612285,-0.04489787825954803,-0.0696922315238121,-0.07539234290126223,-0.05310818923560515,-0.07313088551827937,-0.04997455130011185,0.08504864537437978,-0.01969438020218848,0.08597512954311277,-0.022152492304402045,0.02612010714561851,0.019454950409269582,-0.07584407833331822,0.024658458526275583,-0.08077551261730768,0.011611037617661898,-0.029563489740046942,0.00980519851175336,-0.03308817228615328,0.023269039538817152,-0.07561092428285676,0.024206553083380496,-0.07741804439837185,-0.9000180122938085,-0.18925324137747074,0.26647450120447413,0.0,7.204252993491328e+296,60.36042786241528
Gemma 4 - 26B-A4B,Gemma 4 - 5B,fineweb-edu,StudentTSkewed,hc_values_map_agg_standard_1_new.parquet,13.417051721568043,9.0,14.03110249913052,11.0,0.06876335271028966,0.0,0.05976887442734698,0.039885155360568386,0.03351087960403758,0.03202486778799448,0.011412515073852731,0.025358004911187625,0.059239043228324455,0.06456817549293689,0.01460315071322454,0.0005298311990225221,-0.024683020132368505,0.018907728890813037,-0.017610137744830452,-0.014701763809505766,0.005035590526610056,0.0075249263359670185,-0.054028602932647905,-0.05350576703126664,0.017008236243698543,-0.01796499150266013,0.07140539291028028,0.049233220075057975,0.039759861043559594,-0.017363603648210862,-0.01585134789463828,0.024701197748863687,0.025635459069492786,0.018460568287457752,0.019670729828089692,0.08761149021320852,0.019683304148111792,-0.08224949191615256,-0.0820905159859447,0.13295008013146134,0.06306079098927767,0.0639067792995659,-0.07710403978079904,-0.06771953728637889,0.047240211115843006,0.020107550072039924,-0.04257943941995902,-0.03403518531735051,0.1414234793854403,0.0730189462373177,-0.05085480339764246,-0.051300231300082454,0.5161943145950847,0.40936874996694134,0.7804216650676278,0.09247587607395232,34.75391176358393,34.952600244446664
Gemma 4 - 26B-A4B,Gemma 4 - 5B,fineweb-edu,StudentTSkewed,hc_values_map_agg_hat_1_new.parquet,14.07214189894172,10.0,15.183062552789785,15.0,0.06876335271028966,0.0,0.07745319078062952,0.039885155360568386,0.035669636832859036,0.03798505763863838,0.011412515073852731,0.02718922640771413,0.08560439067013662,0.06456817549293689,0.015046917355086216,-0.00815119988950709,-0.024683020132368505,0.02062271947777282,-0.002173247204304105,-0.013882357877913134,0.012263150433166174,0.00912637307680966,-0.03611444929526559,-0.05563520022045591,0.04831115641383217,-0.018306159588686567,0.0969746184209205,0.049233220075057975,0.04294872179319059,0.012006044788203033,-0.01411289229680479,0.03272608338258596,0.028146520891532592,0.038838065559321955,0.022553184725376537,0.1209928810075033,0.020147506110281134,-0.07139401017986487,-0.08561454137052045,0.18250691541623512,0.06306079098927767,0.06550034195850717,-0.03189090743823517,-0.07058933891703802,0.08313471980183833,0.02061270016018185,0.008963997368602625,-0.03543927644594014,0.15869825416338684,0.07483245268349543,-0.07348441439923088,-0.053549699193664535,0.13920383163654607,0.3855780265450815,0.6530502107417546,0.09069294272170188,34.75391176358393,34.952600244446664
Gemma 4 - 26B-A4B,Gemma 4 - 5B,fineweb-edu,KDE,hc_values_per_expert_standard_1_new.parquet,11.269439061956575,4.0,13.804814428379789,14.0,7.452675510508272e-05,0.0,-0.07595813993044737,-0.022088392993631648,-0.08392845259851504,-0.06840983816524583,-0.009720224404316493,-0.07472154368226232,-0.005617312566515068,-0.027209926566119993,-0.008385371480205895,-0.0703408273639323,0.005121533572488346,-0.07554308111830915,-0.02164964077597302,-0.04825252534780837,-0.011292202301914767,-0.038707804270130444,-0.02216342428292065,-0.015446224207158028,0.027371417616724947,0.004847374476327379,-0.04678739932149544,-0.016056657312687704,-0.05990538868310123,-0.031222572091506955,-0.04811165945578269,-0.029351821220185752,-0.036767143777317775,-0.013861005164484732,-0.026699963042669233,-0.025157707451864398,-0.034205405691633675,-0.030785342631584264,-0.03435968990109316,-0.06319836428127863,-0.04859303147444093,-0.07041450986183903,-0.0942173681816004,-0.07480018771570551,-0.016807622595458316,-0.022012540577706498,-0.06331344483862225,-0.04028014183770447,-0.07817324233618111,-0.08073095024809047,-0.04249390364504432,-0.05312679210470717,-1.0777456741248486,-1.3416707075715286,0.2200806012730515,0.0,50.118409325427756,23.55731504831448
Gemma 4 - 26B-A4B,Gemma 4 - 5B,fineweb-edu,KDE,hc_values_per_expert_hat_1_new.parquet,16.083817757241516,24.0,19.08682366969742,26.0,7.452675510508272e-05,0.0,-0.02564379186192492,-0.022088392993631648,-0.08278738885208853,-0.03204591531488635,-0.009720224404316493,-0.07377867236924535,0.020606037524056157,-0.027209926566119993,-0.008087790479963865,-0.04624982938598107,0.005121533572488346,-0.07469959837212467,0.05655929685371968,-0.04645512965187581,0.0424239139876285,-0.037120392996714685,0.02549628163346539,-0.01523583596167958,0.055771724708889,0.0052222912832432045,0.010881213237286596,-0.016056657312687704,-0.05844901499354098,0.06329162124811308,-0.046316748936983364,0.004378552936965171,-0.036618199482761495,0.040186743749146873,-0.02649390188901934,0.011845922458790506,-0.03154936065082343,0.03280475737874605,-0.031143365494929465,0.027054514418382605,-0.04859303147444093,-0.06901481585941975,0.06170030197225827,-0.07335852228761217,0.030276873143776542,-0.024832774995536343,0.02318927409662078,-0.04404660463787799,-0.011270512005681686,-0.07281211771011162,0.06331294103506936,-0.04328100453078147,-1.9260686779488756,-1.717615626823918,0.17384796981361958,0.0,50.118409325427756,23.55731504831448
Gemma 4 - 26B-A4B,Gemma 4 - 5B,fineweb-edu,KDE,hc_values_map_agg_standard_1_new.parquet,13.858225269538432,10.0,14.517414418442888,14.0,7.452675510508272e-05,0.0,0.05865558950724517,0.027634150045910764,0.020093423601966594,0.03220731811031651,0.009282814167823242,0.01615094948953643,0.056177230594168355,0.04127685985367087,0.006377672521738275,0.0024783589130768155,-0.013642709807760105,0.013715751080228319,-0.014244266923227033,-0.018219704452932414,0.008607034583752043,0.0017835996571101858,-0.05517709703372263,-0.047240140519997156,0.02045711204012906,-0.019714021859126497,0.07150342967932546,0.03119744092345684,0.025361525519707804,-0.01191116188185464,-0.01899473607563605,0.0267583134717767,0.017984001963534318,0.02412655295765373,0.01278742008226458,0.08277645467038264,0.008558232064905953,-0.08491284683021773,-0.07156708249400044,0.12717655933763541,0.021165471802280206,0.052130137628488886,-0.07565048731678475,-0.0526321631297236,0.04407486188599949,0.018422095175206814,-0.04015507573132318,-0.02295369667327306,0.13744085599425643,0.05564821512765502,-0.05320879054197237,-0.046856504199297634,-0.46253779090703817,-0.5946585349557603,0.3339103476286595,0.0,24.618990405250123,23.389549934080005
Gemma 4 - 26B-A4B,Gemma 4 - 5B,fineweb-edu,KDE,hc_values_map_agg_hat_1_new.parquet,15.00688130372137,13.0,16.632607939583643,22.0,7.452675510508272e-05,0.0,0.07968923627646174,0.027634150045910764,0.020603270679055312,0.03967162098473123,0.009282814167823242,0.01671329718926237,0.08659256158529068,0.04127685985367087,0.006156005162660381,-0.0069033253088289365,-0.013642709807760105,0.014447265516394931,0.008108180937440937,-0.01847379828183985,0.01995975990051582,0.002118318615219218,-0.03147363548868918,-0.048682717146086005,0.059080477466166605,-0.020319931037339825,0.10048244664325946,0.03119744092345684,0.02649486100102103,0.025269204231381487,-0.018710818930280735,0.035411534935883116,0.019010898583147598,0.047992506050632884,0.013845689543438768,0.12169156959015143,0.008393900558190915,-0.06635447752359823,-0.07360265378924165,0.1845281154680914,0.021165471802280206,0.0528974274784349,-0.01575742699064611,-0.05411735101121136,0.08418267279672921,0.018496297907757545,0.02074047571593403,-0.02380520779264659,0.1602091239564404,0.05684899804948266,-0.06853870442924438,-0.04777639180215046,-0.9752119757609136,-0.6502924072768069,0.29851157470762807,0.0,24.618990405250123,23.389549934080005
Gemma 4 - 26B-A4B,Gemma 4 - 5B,fineweb-edu,JohnsonSU,hc_values_per_expert_standard_1_new.parquet,10.619118596909624,3.0,13.498956625428528,12.0,0.009738162667064143,0.0,-0.08535912201905878,-0.003926006853311954,-0.09262668842895977,-0.08342834483695633,-0.004176907474427726,-0.08475617931559853,0.010159274403224141,0.001321321498426657,-0.00349561555901816,-0.09551839642228292,-0.005247328351738611,-0.08913107286994161,-0.021384249474170353,-0.04613917629244051,-0.01694678333660907,-0.03500635374690135,-0.007369679261646143,-0.019804735932909052,0.015693403266837085,-0.003739653692812987,-0.059673450478279724,-0.0037082118822454172,-0.06539986162079856,-0.03290433378901882,-0.04340495733448592,-0.05146503576083937,-0.04405259044086286,-0.02506835667345484,-0.01928374680969286,0.0022744636672095407,-0.027758314915250805,-0.006830012835708213,-0.04273803438861741,-0.06490565129602005,-0.018384638147453912,-0.07438284356080213,-0.08428597591446495,-0.07594955358682834,-0.026069709953417057,-0.028776877972984533,-0.05815917192483821,-0.04113388077182039,-0.06321386710394523,-0.07457482133157822,-0.03498925956297515,-0.05340731377984716,-0.7280214777296771,-0.9778614238921163,0.2867073236681633,0.0,6008.994715161028,28.235848240838855
Gemma 4 - 26B-A4B,Gemma 4 - 5B,fineweb-edu,JohnsonSU,hc_values_per_expert_hat_1_new.parquet,14.394668852784816,20.0,18.49590102846922,25.0,0.009738162667064143,0.0,-0.03742649700201646,-0.003926006853311954,-0.08850921328279512,-0.04880795671750819,-0.004176907474427726,-0.08099042664885284,0.035197058941185605,0.001321321498426657,-0.00333555155834862,-0.07262355594320206,-0.005247328351738611,-0.0851736617244465,0.04013613633898183,-0.04180946927544839,0.0235307772533108,-0.03141842156279345,0.034564429541509636,-0.018705069312202203,0.04570589718710849,-0.003522128048739271,-0.006917528926490413,-0.0037082118822454172,-0.061369809949483364,0.043992710477184845,-0.0386050959244898,-0.021462253084530678,-0.041486663091229614,0.017254965420947337,-0.01684203985257337,0.03821786245684077,-0.025683673100587556,0.048919747461565986,-0.03876859699443917,0.022239419623990758,-0.018384638147453912,-0.07159308322101873,0.06002130572631915,-0.07187494595830284,0.020534685056411546,-0.030743540641733545,0.024717897963358725,-0.04304436975271275,-0.0008267545274954474,-0.06587437919360578,0.057324266917744955,-0.042551219545857756,-1.4951048957818467,-1.218257777995404,0.21827518760302844,0.0,6008.994715161028,28.235848240838855
Gemma 4 - 26B-A4B,Gemma 4 - 5B,fineweb-edu,JohnsonSU,hc_values_map_agg_standard_1_new.parquet,11.523997615143836,7.0,12.183907189347643,7.0,0.009738162667064143,0.0,0.0562463030193335,0.03631089112837531,0.0193050427813728,0.02470147728888791,0.010082828014496273,0.014578061900533372,0.0694142993447876,0.05955371934342523,0.008488675592817645,-0.013167996325454102,-0.023242828215049922,0.010816367188555156,-0.026441026090412434,-0.017834462055443846,-0.006335480449169185,0.0005049457014504767,-0.045980672216798184,-0.04309864828168954,0.028020582796186792,-0.017862370186373287,0.06793481996029102,0.04407430992014769,0.022088135891072228,-0.025126135883995437,-0.020730033530929646,0.014967672226693771,0.013370184984411466,0.006927607095146971,0.008576817299120446,0.10425255603292027,0.013068866323605495,-0.06985221359935323,-0.06474185676195589,0.13505123590396773,0.0509725206070087,0.05188570264672847,-0.0774762717422647,-0.04783222775996307,0.045181043103322494,0.018516136620904244,-0.042389066367308145,-0.019804557677153417,0.1490964996650045,0.055037601922289896,-0.05206941212795459,-0.04471997349250002,-0.4104288608783766,-0.4243330185953595,0.2736233638526254,0.0,28.958688146551996,28.5468527862485
Gemma 4 - 26B-A4B,Gemma 4 - 5B,fineweb-edu,JohnsonSU,hc_values_map_agg_hat_1_new.parquet,12.629204551100512,8.0,14.285139365032046,11.0,0.009738162667064143,0.0,0.07562540581157715,0.03631089112837531,0.01975690842200394,0.03215177046696081,0.010082828014496273,0.015098103892969367,0.09599615407327845,0.05955371934342523,0.00823779580863205,-0.020370748261701307,-0.023242828215049922,0.01151911261337189,-0.0008751402573150599,-0.01821973260488469,0.004181703669354129,0.0007612186071084548,-0.012628221334703383,-0.04465024751863382,0.06432739584640768,-0.018646224904818667,0.09551786430019568,0.04407430992014769,0.023064126143006215,0.017494731806079956,-0.020684772454340642,0.02550881633814845,0.0142634062094306,0.030730228854430233,0.009474074483489213,0.1356481197366754,0.012905569577210785,-0.03972477587576907,-0.06687698189883758,0.18716083218554203,0.0509725206070087,0.05281758031803789,-0.002919528315500929,-0.0492478794492467,0.08404782257122062,0.018924050854035458,0.027333930594328336,-0.02029511628366587,0.16508405361783887,0.05588002875746512,-0.05910783904187956,-0.04623230778745772,-0.8932130230539463,-0.4543286536843016,0.24535303284619922,0.0,28.958688146551996,28.5468527862485
Gemma 4 - 26B-A4B,Gemma 4 - 5B,tinystories,GMM,hc_values_per_expert_standard_1_new.parquet,7.219365382437178,2.0,9.818837882882153,3.0,0.3375188103752366,0.0,0.025043098244175208,0.00684374185754039,-0.009312721328833061,0.021363765773809273,-0.005675308232172512,-0.015699447418782493,0.005288642382002985,0.02691775551316471,0.015190288540740369,0.019754455862172223,-0.02007401365562432,-0.02450300986957343,0.024187152757136832,-0.01086405009230332,0.023721161226975176,-0.014714546464967095,-0.001723729142881524,0.009759366829710589,0.0007842298716115755,0.012040670312871279,0.05596561016496763,0.014552166742301977,0.018313348942279678,0.05224691889650622,0.013834254800942055,0.057587662952949856,0.017821501783955716,0.05881486006159506,0.017466717815589276,-0.03013884477687839,-0.007489381698304641,-0.039901251001097926,-0.014960499219569046,0.05084250050871959,0.0380746396806175,0.0223790648490256,0.04230246695648038,0.013916198390896117,0.07304868985811913,0.04071342161375975,0.06684973550558222,0.03407270515493996,-0.06755549580632703,-0.04857414860021404,-0.06954743643822223,-0.04945324472351209,0.5794714928629713,0.3298111502932729,1.0047776145207756,0.0,1.4854128573971293e+298,99.46772843236592
Gemma 4 - 26B-A4B,Gemma 4 - 5B,tinystories,GMM,hc_values_per_expert_hat_1_new.parquet,10.41863400268604,3.0,16.04807365576609,23.0,0.3375188103752366,0.0,0.05516301889134183,0.00684374185754039,-0.0013574167596791921,0.05601307308508365,-0.005675308232172512,-0.003838370533741092,-0.008161649953431356,0.02691775551316471,0.0056433922247475,0.06332466884477318,-0.02007401365562432,-0.007000808984426692,0.05500703436623038,-0.0029264190409374296,0.05858428042872818,-0.0024462581489573965,-0.0141827550318655,-0.000729352072017511,-0.01220663116329858,0.0016684375513839824,0.07269519038110742,0.014552166742301977,0.02569044001121306,0.0699148421573846,0.021352156081081916,0.07810665191164394,0.027642298152741572,0.07900851181781013,0.027574678105904672,-0.04681567518553711,-0.01663617136063124,-0.054101661569984125,-0.02452058854316897,0.06607068483885992,0.0380746396806175,0.03360800180911464,0.059733140287926444,0.0256291103578208,0.09095095098271305,0.053664958472622745,0.0862384193933862,0.04750722889738383,-0.07903689793830809,-0.05649183920420116,-0.08026267305956597,-0.05754637564805395,-0.4855770198569968,0.31955649817162324,0.5868574788042682,0.0,1.4854128573971293e+298,99.46772843236592
Gemma 4 - 26B-A4B,Gemma 4 - 5B,tinystories,GMM,hc_values_map_agg_standard_1_new.parquet,7.253232148347114,4.0,8.37787414443132,4.0,0.3375188103752366,0.0,0.087763826663011,0.1177634455833565,0.08249717655975736,0.06873060613418105,0.1063949378194552,0.06912136208505926,0.03211586645209678,0.011742712888534377,0.020199160955462248,0.05564796021091422,0.10602073269482212,0.06229801560429511,-0.07223013079332519,-0.05702049146760007,-0.07770932257823737,-0.05330938817688417,0.020573402766825462,-0.0014166824750928265,0.030924888260407134,0.015497715300312657,0.09688278075515204,0.1025563108932512,0.09515565430862025,-0.048579448713362415,-0.02853314405564125,0.08091448776382144,0.09107884262611637,-0.04800680080451585,-0.009540621360625594,-0.008607027725136513,-0.03538499425676557,0.02163251874887351,-0.030285327924785034,0.13813638688942448,0.014197463554869616,0.13451218620310781,0.021369924961659275,0.02966427284562504,0.1314571158173714,0.1361692186297625,0.02491680899469809,0.045188375426635306,-0.03606548283334108,-0.05307994397586475,-0.015574121770379328,-0.044740233000867394,1.5008667119373318,1.3874174482719344,1.0253890389907765,0.8162767811880625,587.1856298653371,219.1000885294094
Gemma 4 - 26B-A4B,Gemma 4 - 5B,tinystories,GMM,hc_values_map_agg_hat_1_new.parquet,8.109593695894889,4.0,9.208087247779162,4.0,0.3375188103752366,0.0,0.08765073363171387,0.1177634455833565,0.08218958071276668,0.07761528333624075,0.1063949378194552,0.07595525499650749,0.01222218104930679,0.011742712888534377,0.004434437727835872,0.07542855258240708,0.10602073269482212,0.0777551429849308,-0.04822728555432461,-0.04469578096191127,-0.03848776674992186,-0.030658825185107572,-0.015701324418652893,-0.025560945226297514,0.00479589525971279,-0.003616068557230937,0.09318155028002142,0.1025563108932512,0.09006255264015847,-0.032153100724459927,-0.024414321502871927,0.08975771353042195,0.09629590096394168,-0.011972685033515021,0.007802916774326449,-0.03596975280300262,-0.05690750666000448,-0.03131239625603904,-0.06270628967966115,0.11445732531631375,0.014197463554869616,0.11611294377012946,-0.0019998526101259943,0.012893461432961507,0.12299757906096853,0.12940767505847295,0.02450950685091594,0.043054784580626275,-0.06085823164049195,-0.07193022064166812,-0.057087119859989224,-0.07051500056542301,0.9978181654509395,1.0325189312298833,0.7479810091961364,0.6861291219671845,587.1856298653371,219.1000885294094
Gemma 4 - 26B-A4B,Gemma 4 - 5B,tinystories,GLM,hc_values_per_expert_standard_1_new.parquet,8.95606867202796,1.0,13.822025533567418,21.0,3.2361935891005e-05,0.0,-0.058917167735891375,0.00730823605720688,-0.05932957942429281,-0.08426164649272823,0.00675340794595345,-0.07820548600904091,0.0627802874570735,0.00039536115725810183,0.04851625167199607,-0.12169745519296488,0.006912874899948778,-0.10784583109628888,-0.06553109764837022,-0.06006580259388974,-0.08519059752050762,-0.07413516410803157,0.05093641674322428,0.03794505005826165,0.059407005666147955,0.04672712030385863,-0.05561635952473161,0.021133831216605965,-0.0507030174073875,-0.07599715755400585,-0.05761443473292873,-0.07729129295477923,-0.06254415372085595,-0.08872869251425035,-0.06380246117743892,0.07650314223710385,0.05137015467738244,0.06542122309407866,0.041553060819674026,-0.01266941584526857,-0.016468578941319884,-0.019511319303725363,-0.06740539756384417,-0.034406238235338685,-0.008603192009496323,-0.026142773351688214,-0.07633557102233711,-0.046001607304412453,-0.004292850045034092,0.02176476175959918,0.04434379426334062,0.038115837247587714,-1.21279178823833,-1.118992050355187,0.08896765344425707,0.0,3.2361935891005e+295,25.85620077836851
Gemma 4 - 26B-A4B,Gemma 4 - 5B,tinystories,GLM,hc_values_per_expert_hat_1_new.parquet,14.84364330674261,25.0,21.048834161259528,26.0,3.2361935891005e-05,0.0,-0.031069861650159947,0.00730823605720688,-0.05870648622248739,-0.04916504280764715,0.00675340794595345,-0.07703229023185768,0.043571261332276824,0.00039536115725810183,0.04722826415992225,-0.07464112298243678,0.006912874899948778,-0.10593475038240964,-0.031185316113853712,-0.05918271919275178,-0.04230675559262308,-0.07284796135444759,0.028147877521884055,0.036950583734710586,0.03995713870256251,0.04571308629929997,-0.021067499912489955,0.021133831216605965,-0.05006125116920848,-0.0340512064651926,-0.05670284408578929,-0.03362068692577002,-0.06134500956726219,-0.036294354205267165,-0.06244606642560592,0.039055860950162266,0.0497744171388753,0.021274948110980227,0.040090065207651585,0.007576990334992296,-0.016468578941319884,-0.01833482697087617,-0.03342788517349192,-0.0327867510805154,0.019908134932113485,-0.0228467470470151,-0.028823042436598327,-0.042002135693003706,-0.029922653658880208,0.01666777739920334,0.0021179490909989927,0.03228663068851701,-2.0992845335873227,-1.4459333343608123,0.07336440245151213,0.0,3.2361935891005e+295,25.85620077836851
Gemma 4 - 26B-A4B,Gemma 4 - 5B,tinystories,GLM,hc_values_map_agg_standard_1_new.parquet,13.417388068154237,8.0,14.124221290917623,12.0,3.2361935891005e-05,0.0,0.09325543401026519,0.1426269269006393,0.045442133711174046,0.10452451415873744,0.12940304438454997,0.05187834296340226,-0.03554988016563744,0.013016504013523146,-0.019413550177684535,0.12880531417590263,0.12961042288711616,0.06485568388885858,0.0031638351047676098,-0.012356197899949415,0.029970621486834926,0.0005897099566430938,-0.059233620502845474,-0.026989890317468183,-0.05028474534888807,-0.026725864395366564,0.09795933961591266,0.12434087642664515,0.0524703767239728,0.014707820812383107,0.0012733258944238532,0.1257947745053148,0.07747600926545901,0.06071920040867463,0.03305913962475661,-0.1107525909228008,-0.08274877286759089,-0.1129422460086111,-0.07384082806341255,0.09328478463710116,0.05137549089955029,0.05573200432017804,0.010110496841698529,0.003496586267195036,0.12642067296626644,0.08538157054138565,0.055018110888938404,0.03743127459004078,-0.10720686252220256,-0.08573360718907874,-0.10165730133245995,-0.07530375836500064,-0.32951208948330324,-0.5406243097126767,0.2673729423268949,0.0,33.12221403886326,30.931079816782386
Gemma 4 - 26B-A4B,Gemma 4 - 5B,tinystories,GLM,hc_values_map_agg_hat_1_new.parquet,14.328376563486028,10.0,15.937476739858578,22.0,3.2361935891005e-05,0.0,0.09757152994764585,0.1426269269006393,0.04786422212359642,0.1112146796263757,0.12940304438454997,0.05578112421980762,-0.04129368557396827,0.013016504013523146,-0.022965202916352033,0.13886521552161413,0.12961042288711616,0.07082942503994846,-0.0017580735003985153,-0.010526037276463994,0.031899920424837296,0.004178834807840915,-0.07370539146957227,-0.031065443387556763,-0.056738600581562035,-0.030591601971830223,0.1008432874704713,0.12434087642664515,0.05264234034679269,0.008494340486365666,0.0007379320495011372,0.12836935315279718,0.07870047192781192,0.05857963630464594,0.03380418900300693,-0.11139389046606855,-0.08527193855853293,-0.1194052597364248,-0.07653928606455379,0.09386183822364882,0.05137549089955029,0.056200081695573716,0.0014236528265118523,0.003168248547869243,0.12620453740377602,0.08627583934697831,0.048051415540712496,0.037671430316033636,-0.10567329626066689,-0.08684357820859372,-0.10223524510820742,-0.0764239001479825,-0.567897891006774,-0.5846916163687842,0.24070309434083687,0.0,33.12221403886326,30.931079816782386
Gemma 4 - 26B-A4B,Gemma 4 - 5B,tinystories,StudentT,hc_values_per_expert_standard_1_new.parquet,8.334978398407793,2.0,11.106972379087717,2.0,0.04100257277390334,0.0,-0.02490332450003236,-0.0055600650068118734,-0.0340272756524552,-0.042954524891666235,-0.009137449852151099,-0.0420003938969157,0.042771821383934455,0.008547647692363606,0.021514065382247705,-0.06767514588396681,-0.01410771269917548,-0.0555413410347029,-0.05194748220344509,-0.047096203567804765,-0.05510685641481499,-0.042142034785117556,0.012906866239752875,-0.005610510365152574,0.010847642723066948,0.00606152923704727,-0.004976874309530959,-0.015732658026395095,-0.01958503411885367,-0.062486673639810274,-0.05188588741899209,-0.02071222974438089,-0.016973255085569953,-0.06009877015019474,-0.03349752217262995,0.0388563708100505,0.003169796663979518,0.02398325164846451,-0.0181635335726291,0.029449806896878764,-0.010685338938317942,0.003486545348483134,-0.043311587429285335,-0.04379152493809299,0.03983569665193703,0.021119461463252824,-0.043878613747754903,-0.0314967635257431,-0.03367983228272535,-0.040087438829129476,0.017057995935023638,-0.011022652036373386,-0.2031278980811582,-0.16858457085812292,0.34158930903100815,0.0,557081.207451784,55.53699566709197
Gemma 4 - 26B-A4B,Gemma 4 - 5B,tinystories,StudentT,hc_values_per_expert_hat_1_new.parquet,10.739502597045355,2.0,17.53131826345852,26.0,0.04100257277390334,0.0,-0.008526886565344227,-0.0055600650068118734,-0.03389153715874389,-0.02185074549980752,-0.009137449852151099,-0.04006713418176832,0.03044844363109757,0.008547647692363606,0.017521794763404458,-0.038975330196441796,-0.01410771269917548,-0.05141333192214835,-0.019616813671154247,-0.0476606037319293,-0.017301331285383765,-0.040011531705786176,-0.0028947819291886643,-0.011513449673577454,-0.0007344622685327853,0.0011966971193152704,0.00863085353351276,-0.015732658026395095,-0.01739092364682599,-0.03000583552223764,-0.04938650206543467,-0.0016015060693095324,-0.01350551081381329,-0.021875583931903027,-0.029330867611372942,0.01967473817849103,-0.0008194569194901161,-0.0046925712849622495,-0.0232143290043183,0.038688172589485086,-0.010685338938317942,0.008085279846622542,-0.017641198202304437,-0.03817853300816587,0.05408167665553311,0.026402724619937243,-0.009230857268041086,-0.025034944114944405,-0.048095576194442824,-0.043283967857684826,-0.012036055879643357,-0.01493663351699603,-0.8260070688660446,-0.18318975343228758,0.2752397710146665,0.0,557081.207451784,55.53699566709197
Gemma 4 - 26B-A4B,Gemma 4 - 5B,tinystories,StudentT,hc_values_map_agg_standard_1_new.parquet,15.926732577142765,21.0,16.560670539311662,24.0,0.04100257277390334,0.0,0.09873919882949046,0.1281164457813982,0.06312506695237595,0.11578092675191774,0.11554777861635923,0.07492612038238594,-0.048945614357684686,0.01321911300895852,-0.033296092390344346,0.14768481318717513,0.11489733277243967,0.0964211593427203,0.019084766309254174,0.0036633927538346363,0.048848652514354565,0.02155288114269863,-0.06755589879376801,-0.039703600892519515,-0.06089534789122523,-0.042128727992437685,0.10255801076173723,0.11535049927451488,0.06511130706210279,0.02837694888082376,0.01044765664448933,0.1367788525687194,0.09607836639065444,0.07714049106591336,0.04800900813422438,-0.1277359492781242,-0.1025384799483132,-0.12571854865402576,-0.09147879321194517,0.08881153167236963,0.05586406606237232,0.06153422872005735,0.012113361283106762,0.005245852130034441,0.12671264644876565,0.09679044280359686,0.059438787649085376,0.04478057121249927,-0.11605014927973109,-0.10020491021155199,-0.10769999641565729,-0.0881929708640117,-0.08679925709217681,-0.4413963429092453,0.4661600995531039,0.0,25.27141298429262,24.813073472906783
Gemma 4 - 26B-A4B,Gemma 4 - 5B,tinystories,StudentT,hc_values_map_agg_hat_1_new.parquet,16.80241420041747,23.0,18.349250012135727,25.0,0.04100257277390334,0.0,0.10114475563975553,0.1281164457813982,0.0666412781612761,0.1203203227030521,0.11554777861635923,0.07998223835048399,-0.0539403980551046,0.01321911300895852,-0.037103328878355504,0.15508515369486015,0.11489733277243967,0.1037446070396316,0.010200366390371477,0.006620698042886991,0.046993868055345854,0.026402956704935057,-0.0819663456098512,-0.04420081786513844,-0.06568299759100067,-0.046201540633823784,0.10371775262286761,0.11535049927451488,0.06657710262499242,0.019064067701811457,0.011164080826416841,0.13778730784179333,0.09859094663244489,0.07254975087526468,0.050072395516551405,-0.12793147464475452,-0.10565813690697257,-0.13222823893784882,-0.09491977188206172,0.08946023916152668,0.05586406606237232,0.062364163555544375,0.0024246387174455585,0.005184620649583827,0.1267601018228024,0.09816825763559596,0.05191563175943241,0.04546336974584364,-0.11496532661288028,-0.10171567325107332,-0.10889234414408662,-0.08979439223156122,-0.33225861183828076,-0.45393112580600603,0.4115440299854274,0.0,25.27141298429262,24.813073472906783
Gemma 4 - 26B-A4B,Gemma 4 - 5B,tinystories,StudentTSkewed,hc_values_per_expert_standard_1_new.parquet,8.513098493551885,2.0,11.736509117975437,2.0,0.043009012799145645,0.0,-0.04780904534818686,0.004503123836411749,-0.03333060676570101,-0.06363644721069897,0.005612867254569285,-0.04231203266788931,0.040460018244272755,-0.0029679204548746633,0.023665509074688836,-0.08826906359245962,0.007471044291286413,-0.05699611584038984,-0.058199992722201076,-0.0330663484974242,-0.06751297644604241,-0.03578984367543216,0.027210334959708263,0.009777750693261367,0.03501567938060773,0.021268155504842796,-0.034443847730927915,0.007470488282249925,-0.020212891087140923,-0.05160180306412758,-0.027647297103022987,-0.04786468298751817,-0.019573710399609225,-0.057929880675971275,-0.02052281342132737,0.04737300873154511,0.00804272859558181,0.03902219021466598,-0.0034993605760235648,-0.017155535131940472,-0.004168082425270733,-0.004830614744257991,-0.04310336180372408,-0.011214370059773644,-0.005990012813217795,0.01162308278195529,-0.04613514533367926,-0.0018113244264598525,-0.01826818291542938,-0.034435686904415244,0.02250321043196979,-0.016584268426563808,-0.7031645833216956,-0.5230416548987276,0.2478047082718041,0.0,3.2361935891005e+295,44.50069979211555
Gemma 4 - 26B-A4B,Gemma 4 - 5B,tinystories,StudentTSkewed,hc_values_per_expert_hat_1_new.parquet,12.643970162295108,3.0,18.87587579489005,26.0,0.043009012799145645,0.0,-0.026050067542582718,0.004503123836411749,-0.03485208665680317,-0.037177590395100144,0.005612867254569285,-0.04221754144716164,0.027584528578486034,-0.0029679204548746633,0.020263592860513935,-0.05363459612106875,0.007471044291286413,-0.05511567951731711,-0.025928223349921127,-0.034962374217354215,-0.02954586038875753,-0.035665073757051136,0.010946553965997407,0.00552118649101079,0.02175324532872585,0.017759265117955815,-0.01231353011254331,0.007470488282249925,-0.01948534227354861,-0.022167675655188995,-0.026887972810979464,-0.01947945120954988,-0.0173307325759885,-0.021715430279093624,-0.01806568751084594,0.022430211265203677,0.004183588788303596,0.00940385713712116,-0.007798278912246265,0.0037037883396474017,-0.004168082425270733,0.0010816073425973394,-0.003501486308412772,-0.0040037786230796655,0.0206721828770675,0.019857806999755423,0.004601733757953601,0.008239104953477325,-0.03870481106058182,-0.041719738231582475,-0.016554780121852596,-0.02548448540958969,-1.5346107082355578,-0.6098132214824846,0.19403334802348307,0.0,3.2361935891005e+295,44.50069979211555
Gemma 4 - 26B-A4B,Gemma 4 - 5B,tinystories,StudentTSkewed,hc_values_map_agg_standard_1_new.parquet,15.649277519781233,20.0,16.221436546334203,24.0,0.043009012799145645,0.0,0.0971881126908515,0.12785991576237002,0.03440985323399394,0.1137287104060572,0.11528620838060966,0.03811746521760065,-0.04766030913745997,0.013259473078404154,-0.012120670069748788,0.14484842182831148,0.11460044268396587,0.04653052330374273,0.01758456440399797,-0.013756084561297061,0.04679177411473811,-0.006192625417912899,-0.06616304278027485,-0.015019219267830994,-0.06026942180085388,-0.018251450306154233,0.10087267946152476,0.11516821010171782,0.04103127987597724,0.026724463102134187,-0.0020159126341457835,0.1345115398909363,0.06220868141592478,0.0748134469436491,0.023000930095101395,-0.12559131820414499,-0.06847513414660625,-0.12338713665361553,-0.05671036203196831,0.08782409575156103,0.05592406970942622,0.04527550435671948,0.011461517808443896,0.0013970579413054597,0.12534970729673106,0.07055681467382117,0.05834945770320269,0.02881346419060794,-0.11486086764386837,-0.07227728528269856,-0.10650255692881663,-0.060339185688829636,-0.9098307048868314,-1.2407115781384166,0.15770553189074624,0.0,18.356763389488506,18.057706172848402
Gemma 4 - 26B-A4B,Gemma 4 - 5B,tinystories,StudentTSkewed,hc_values_map_agg_hat_1_new.parquet,17.640636882898335,24.0,19.602676332098188,26.0,0.043009012799145645,0.0,0.10021356788251169,0.12785991576237002,0.0361356806277671,0.11969650158222091,0.11528620838060966,0.04091688368096333,-0.05451438505751155,0.013259473078404154,-0.014692377537695634,0.15472795294002323,0.11460044268396587,0.050828058165462736,0.007958727533075294,-0.012612522878251809,0.045817631009662955,-0.003825601277187634,-0.08404871192010875,-0.017837719455298228,-0.06593277302920456,-0.02103607231582607,0.10284841173644041,0.11516821010171782,0.04115605346548068,0.01735612476705536,-0.0024423750125014327,0.13693271595162873,0.06298563544031563,0.07140116408947345,0.023337650920734587,-0.1275559984531323,-0.07004719728357992,-0.1327133262347295,-0.05826896266239902,0.08875640209346687,0.05592406970942622,0.04578238581355651,0.0011209930576259347,0.0012331557253085746,0.12607025296802504,0.07115646727196545,0.050919680219256976,0.028802398991395556,-0.1147374516786173,-0.07266773273900469,-0.1090822739462388,-0.06061292245350736,-1.3417764968345098,-1.4078252307428807,0.14526611334020817,0.0,18.356763389488506,18.057706172848402
Gemma 4 - 26B-A4B,Gemma 4 - 5B,tinystories,KDE,hc_values_per_expert_standard_1_new.parquet,11.902024239089982,3.0,14.787220271516642,22.0,0.0003074383909645475,0.0,0.03654995516343316,0.015848089854660456,-0.024536037588262748,0.0365653776222817,0.016367947014447715,-0.031542200185215426,-0.0041957901894931916,-0.0029546292746947794,0.018294087716564825,0.04074574535292635,0.018802719129355237,-0.042830125304827577,-0.008597651942793369,-0.07422446438757006,-0.006228824232281083,-0.08265637737607302,-0.004256809355029133,0.027088040423584522,0.008360372275547664,0.02745888573617112,0.06509046700388985,0.023355660354766418,-0.007030097943573545,-0.013392014490977185,-0.07468071420975701,0.07030065702506205,-0.008747393572648973,-0.0009720173037205366,-0.07635676444754963,-0.042764748700165604,0.0072977652591484,-0.02244831015108657,0.03899197439224686,0.06334880879832647,0.020118125963786586,0.012233494423906746,0.01981967517252974,-0.028984798978296825,0.0877823600720458,0.02735628472593702,0.01789539263507732,-0.0313540731997632,-0.07705348912793482,-0.03777770991775274,-0.002966022753184805,0.015741144901413512,-1.446499346717048,-1.8209238137479387,0.2757784197313537,0.0,38.45424229808865,17.304885470529054
Gemma 4 - 26B-A4B,Gemma 4 - 5B,tinystories,KDE,hc_values_per_expert_hat_1_new.parquet,18.885503470817625,26.0,22.426886296338246,26.0,0.0003074383909645475,0.0,0.06228819779519788,0.015848089854660456,-0.02426494681583146,0.06407491707077066,0.016367947014447715,-0.029287725593723623,-0.011045207682765255,-0.0029546292746947794,0.013875205292872422,0.07333340547796313,0.018802719129355237,-0.03814015210870388,0.0456320398428574,-0.07554804339376629,0.0508651564781044,-0.08135713503818183,-0.01676228839120222,0.02144160574778349,-0.003615490349282116,0.02249657813401722,0.08809424282697909,0.023355660354766418,-0.006588582774520079,0.037366241108411566,-0.07527716817802094,0.09545531093350257,-0.00588985062866499,0.052146577228991124,-0.0738188195247943,-0.0585965508830965,0.0014837579769356496,-0.051776290571327384,0.032018147675506724,0.0846325242005779,0.020118125963786586,0.01602022485029423,0.06043040415325941,-0.026181688266898602,0.11281373822637572,0.03289803661394568,0.06732580694319083,-0.027068728020117772,-0.09312302130213779,-0.043031744775629065,-0.037121292466363594,0.011461975953341502,-2.6862864933041277,-2.417694060867294,0.2152556718628868,0.0,38.45424229808865,17.304885470529054
Gemma 4 - 26B-A4B,Gemma 4 - 5B,tinystories,KDE,hc_values_map_agg_standard_1_new.parquet,14.913350916651835,16.0,15.56028219608097,22.0,0.0003074383909645475,0.0,0.0958125656469535,0.14931667260578854,0.03358293059885993,0.11113117227071531,0.13522114648958836,0.036443316394185805,-0.04480016698376567,0.01418320694752715,-0.010152121192769484,0.14061273263071916,0.1351334656582614,0.04373505179162941,0.010958699411122878,-0.01703703694138447,0.04009184232119772,-0.009777303222902024,-0.06521815985048447,-0.01396107293818711,-0.05856690745344095,-0.016332794891598574,0.0997420212798655,0.12795168953485878,0.04066023524472819,0.021571712162960947,-0.003658585294118801,0.13203247680315233,0.060650971558978806,0.06964799986891639,0.020688238870531117,-0.12192975074463339,-0.06554683951553858,-0.12090680257129696,-0.05437484397807924,0.08868974972828714,0.04981147631036589,0.045079150137436075,0.010670757953508995,0.000893594455060446,0.12534158787346764,0.0696713801142446,0.05722411931544555,0.02781412588766529,-0.1132560138791784,-0.07068861229157758,-0.10547012115714009,-0.05906465619555173,-0.8898340184724555,-1.181140861895751,0.1473457115455957,0.0,20.85688151459941,19.811277570536017
Gemma 4 - 26B-A4B,Gemma 4 - 5B,tinystories,KDE,hc_values_map_agg_hat_1_new.parquet,16.79014902671478,23.0,18.705603469199527,25.0,0.0003074383909645475,0.0,0.09956642855902413,0.14931667260578854,0.035400403272267414,0.11798745122404161,0.13522114648958836,0.03932166875302248,-0.05209134049694816,0.01418320694752715,-0.012706141103677883,0.15165776905597228,0.1351334656582614,0.0481065443759453,0.0026442022717330384,-0.01577336412651922,0.040408496739067865,-0.007299115944617569,-0.08320032907627178,-0.01677341079461149,-0.06499077222178723,-0.01909302490194563,0.10290839989769747,0.12795168953485878,0.0407208823645831,0.013846098666471397,-0.004153082765993332,0.13554093947080142,0.06133768567547646,0.06761269128605285,0.02093326670511138,-0.1242157259955388,-0.06702809020494926,-0.13038565169735347,-0.05584625218567364,0.09025976648216248,0.04981147631036589,0.045570236751376884,0.0014968243840681437,0.0007271456623959581,0.1267348561309254,0.07023646620466031,0.05093911232320925,0.027781410886895796,-0.11344401030096443,-0.0710319428806547,-0.1084255543608656,-0.0592957084095511,-1.3079690912915944,-1.3824969830931957,0.1357678007681355,0.0,20.85688151459941,19.811277570536017
Gemma 4 - 26B-A4B,Gemma 4 - 5B,tinystories,JohnsonSU,hc_values_per_expert_standard_1_new.parquet,11.775489069756153,3.0,14.492726654908497,21.0,0.005598614909143865,0.0,0.021156739833740328,-0.0019258998246361992,-0.02811407559453112,0.016976277541353616,-0.002397174789674538,-0.03613199148785501,0.0068398467178571905,0.0012619310567848073,0.02093988336627718,0.014316893115883137,-0.0031878308814210065,-0.0490539589608083,-0.007708989010777659,-0.060877229718796215,-0.0009104387306930249,-0.06408220773727252,-0.01415881539584758,0.014048053735374771,-0.011687462127603764,0.013762658939636865,0.045568126460234726,0.0063583220703968685,-0.01057461584233818,-0.014179986374296818,-0.062398483983438606,0.04611668723424069,-0.012505860550984172,0.002448082082722194,-0.05747726965632551,-0.02274793923606423,0.009464635218402469,-0.03184310035899479,0.01802490781885638,0.04596170502092768,0.07697542847302545,0.013246635967450472,0.003157898856145204,-0.02130162614479876,0.06692950781907626,0.02832677002384908,0.006887890337684089,-0.01886203721400908,-0.06303639117050663,-0.038056162167141555,-0.009357156767834657,0.002403079747654904,-1.1287790951944021,-1.6005146887949597,0.3198618216029278,0.0,187217.05174934687,19.02541241719243
Gemma 4 - 26B-A4B,Gemma 4 - 5B,tinystories,JohnsonSU,hc_values_per_expert_hat_1_new.parquet,17.18067668807948,25.0,21.721849161016813,26.0,0.005598614909143865,0.0,0.04988523966655374,-0.0019258998246361992,-0.02857582226610343,0.048624874813717314,-0.002397174789674538,-0.035165701426947596,-0.0028916421407772404,0.0012619310567848073,0.017833087105520506,0.05277688180733098,-0.0031878308814210065,-0.04640890937162394,0.04589611405654644,-0.06308289873132605,0.0558814480839265,-0.06427336034260166,-0.027335455876471206,0.009843589710041203,-0.020525086708720965,0.010115819685084541,0.0730289559467746,0.0063583220703968685,-0.009895798496973321,0.03970956278482193,-0.06246442372651396,0.07666173394105331,-0.010121909591183321,0.058450126132558414,-0.05523799298519554,-0.04284587407942432,0.00518828791727783,-0.06215357971525217,0.012714344122463068,0.0712529058844841,0.07697542847302545,0.016969062050720282,0.04987305964391736,-0.017846689783128696,0.0964758695814813,0.0331519617521395,0.06216554229817709,-0.014385250324451739,-0.08169556368729652,-0.04185109492228668,-0.04523240839268176,-0.0011049931296161159,-2.263467825918263,-2.057786014303307,0.2570590573463297,0.0,187217.05174934687,19.02541241719243
Gemma 4 - 26B-A4B,Gemma 4 - 5B,tinystories,JohnsonSU,hc_values_map_agg_standard_1_new.parquet,14.19863756249899,10.0,14.871571657416547,18.0,0.005598614909143865,0.0,0.09429609323585404,0.13352524939263116,0.03342074204181807,0.10793750002574683,0.12076852721026571,0.03528246493053294,-0.04091688017394331,0.013019303779332657,-0.007924223769502504,0.13521297340979735,0.1205059456132985,0.04134496581132058,0.009808550073547126,-0.01439809749161624,0.03730020795418192,-0.00828834751565081,-0.0615036853021371,-0.01174656749752737,-0.05498634622399699,-0.01361103560381042,0.09815270433337529,0.11883602088439918,0.04074910300137442,0.019608296798753085,-0.001393945281965477,0.12876995515820072,0.059180822416221426,0.06626884072907557,0.02118994281559225,-0.1172983929197697,-0.06197131884568297,-0.11674563847797596,-0.05138760105736703,0.08989015640014456,0.054446994188602105,0.045201840809186045,0.010399187622924713,0.002703745076287139,0.12515924129217731,0.06898274001274801,0.05608170670897602,0.02885523785879187,-0.11065402993383908,-0.06894814212278041,-0.10346525566313541,-0.058043487870178156,-0.8681313983617398,-1.1293322507866421,0.13943962679303099,0.0,21.973174678770036,21.269852365914588
Gemma 4 - 26B-A4B,Gemma 4 - 5B,tinystories,JohnsonSU,hc_values_map_agg_hat_1_new.parquet,15.891004999919096,20.0,17.927881425866897,25.0,0.005598614909143865,0.0,0.09908169721593642,0.13352524939263116,0.03537873063519831,0.1160472572708359,0.12076852721026571,0.03828979471253161,-0.04881609917812319,0.013019303779332657,-0.010468715539623238,0.14789779639405962,0.1205059456132985,0.045847446174821546,0.0029463014052655313,-0.013005569619151594,0.03946909776361227,-0.005698416477806469,-0.08053876511833077,-0.014537286508552568,-0.0624456762676803,-0.016368404675973208,0.1020310293756982,0.11883602088439918,0.04076532084009596,0.012760774536202082,-0.0019380363676243554,0.1331213347696057,0.05979139021227663,0.0654078929775342,0.021347957793892838,-0.12022378270667516,-0.06335803778649883,-0.12732165432584114,-0.052749730281702344,0.09148836076451786,0.054446994188602105,0.04576067522754114,0.000979947600669615,0.002591063175045084,0.12656115273915375,0.06957788965823553,0.049652985811086306,0.028837670091530095,-0.11080937236053512,-0.06923343533886223,-0.10655072655958908,-0.05820986206436907,-1.2721856547125,-1.3543908847966264,0.12823550794192023,0.0,21.973174678770036,21.269852365914588
Gemma 4 - 26B-A4B,Gemma 4 - 5B,race,GMM,hc_values_per_expert_standard_1_new.parquet,6.528750536557448,2.0,8.872576548862499,3.0,0.5061078122764344,0.0,-0.03876157942829389,-0.001396323134458324,-0.040610871698211246,-0.04153759245378423,-0.007812594647894432,-0.03998755302546735,0.012768564353842963,0.017603629441641056,0.003791781450023822,-0.051530143782136856,-0.01899995257609938,-0.04440265314823507,-0.03831024959790877,-0.04029751584102936,-0.03885934059878997,-0.03720151064866783,0.006656443726004643,-0.0029697569213642827,0.007548154505944389,-0.0018503903237683755,-0.00038277262530086813,0.026882687932129355,0.0010069636109980773,-0.008116386803712392,-0.006758176105296238,-0.003983166167243493,0.004815353800250308,-0.00855105130774735,0.0007320574697009082,0.009819017929290016,-0.010604231810928504,0.004110354768880459,-0.01769149525939708,0.0251089018053698,0.029719717552276002,0.01172758400025263,0.01603828463427212,0.0020509103387039954,0.035853078776245675,0.0319199666650829,0.02748036645838275,0.023413167456105416,-0.027634613232201406,-0.046370447362587115,-0.02773706738902893,-0.04740866857915043,1.264882237856733,0.9973590937471186,1.0973631135563728,0.09248788203653173,2.275897839462012e+298,434.49553129034933
Gemma 4 - 26B-A4B,Gemma 4 - 5B,race,GMM,hc_values_per_expert_hat_1_new.parquet,8.112283588496208,3.0,12.408758406066676,6.0,0.5061078122764344,0.0,-0.010639850236539584,-0.001396323134458324,-0.038265467020613175,-0.021686048380538673,-0.007812594647894432,-0.03826458487959038,0.0314183404575803,0.017603629441641056,0.005164507978342598,-0.04205819069411989,-0.01899995257609938,-0.043429974998955775,-0.009125138475988608,-0.03750794585819351,-0.01905947571287461,-0.03550382494110518,0.028196059833294252,-0.0003821316706938338,0.028666012981564477,0.0005699148585263085,0.019257379291610578,0.026882687932129355,-0.001578517571062061,0.015399375640292257,-0.00803737593825599,-0.00022259401336584142,-0.0003508042587188635,-0.0025962447606829478,-0.0039487151388009,0.04540462813628808,-0.0027295219936005672,0.04280811591119716,-0.008081246684858948,0.0667613514441353,0.029719717552276002,0.015620909317906101,0.062086126294976535,0.007366757158253798,0.04557404726282188,0.03055996016017574,0.04061450989954586,0.022995760182938446,0.03624618312402306,-0.03539640777762815,0.03758696143257353,-0.03560540292817974,0.4096734384962392,0.9669235771753644,0.686125505575495,0.09248788203653173,2.275897839462012e+298,434.49553129034933
Gemma 4 - 26B-A4B,Gemma 4 - 5B,race,GMM,hc_values_map_agg_standard_1_new.parquet,6.251824295321219,5.0,6.445870296179711,5.0,0.5061078122764344,0.0,-0.008576228521956792,-0.013764011988126459,0.0016538165310476813,-0.037943182626880054,-0.015341571092401883,-0.021786477797798277,0.08086601229089377,0.006140345879025226,0.06339849215246954,-0.08944224081285056,-0.019904357867151685,-0.06174467562142186,-0.04023001213807711,-0.007279374753240449,-0.039383448943132136,0.003328151867719487,0.003110949029513387,-0.02790555828316925,0.06456074188019272,0.04361151393383024,0.003192728322293092,-0.012599367119191539,0.009667772417663851,-0.04476747272086415,-0.01676819682584599,-0.04862805380263599,-0.0322381148890665,-0.040196392492732456,0.0017203310169541393,0.13817569489447715,0.10917323570693249,0.003903061925852303,-0.044098805525901376,0.08138266216292779,-0.02251491574486508,0.0735867701202004,-0.07666359448154743,-0.052282827007612956,-0.005077216649791864,-0.0028243717912715977,-0.06804053117465383,-0.039052765015769736,0.17789582509579094,0.1569590534280812,-0.0061209840014231276,-0.020681183800365963,2.6989360958993465,2.768744821143535,2.1016181265759784,2.067356921544804,1115.8619423067767,394.94454559178
Gemma 4 - 26B-A4B,Gemma 4 - 5B,race,GMM,hc_values_map_agg_hat_1_new.parquet,7.926894047789383,6.0,8.16481256259837,5.0,0.5061078122764344,0.0,-0.0010815217473837879,-0.013764011988126459,0.006552691559869151,-0.03279087148856625,-0.015341571092401883,-0.015598091484592331,0.08621176430899119,0.006140345879025226,0.0592370076372386,-0.08729328605637497,-0.019904357867151685,-0.05268431607736945,-0.009118502124287137,0.0035608758591631397,-0.019919001225702053,0.013644339906884118,0.03063872386233273,-0.02793791559187088,0.07125854233610314,0.03873388365420176,0.020470976704464537,-0.012599367119191539,0.016057544227525367,0.008160140537968737,-0.0014779324065207263,-0.033217763516347754,-0.02516999801366966,-0.0061974678073894495,0.013285928358291638,0.1369430459979214,0.10503613417702033,0.03601769007614134,-0.0395565396979573,0.09422046017904873,-0.02251491574486508,0.0781012488820264,0.007493477733367201,-0.03614287594293767,0.0173108738086237,-0.0005518229519849397,0.0045091259744726945,-0.0315536452843622,0.15481993536901978,0.16119461965897647,0.005408147828969283,-0.004062435113790329,1.3939967641884525,1.6331816948814524,1.2469255347977342,1.3380530108362265,1115.8619423067767,394.94454559178
Gemma 4 - 26B-A4B,Gemma 4 - 5B,race,GLM,hc_values_per_expert_standard_1_new.parquet,8.815236442981828,2.0,13.694278509085706,17.0,6.259836886535985e-05,0.0,-0.09091303501402613,-0.0008560499554600926,-0.06185023758994966,-0.11513282656585867,-0.00201006491543269,-0.07737579279609785,0.07801330815848612,0.0032478256623668035,0.05049106786668622,-0.16892634317251226,-0.004103875617826896,-0.11234130545663588,-0.08042452035855246,-0.03925187856544228,-0.09820867733038688,-0.045640821825710894,0.05887858047393673,0.0225238621758269,0.0707213788623192,0.04307789050309061,-0.05737575885201452,0.009950785732906288,-0.02986614687964225,-0.08256064445842588,-0.025501052550822863,-0.09423533825976733,-0.05431602477655584,-0.10520558309030954,-0.03000028332097089,0.11987619945540696,0.07655098146719139,0.0908281528414433,0.02132836048018964,0.04253181174582096,0.057630015150646356,0.045691902433903656,-0.06518073186702204,-0.010946220582286779,0.011011925798401575,0.03354011564529704,-0.08807620231617772,-0.010107989775438976,0.06283510293267511,0.01962704656942783,0.060848331009338806,-8.748156521471085e-05,-0.8976868705694673,-0.9345428923439374,0.16381290706614993,0.0,1.788524824724567e+295,33.833571177316244
Gemma 4 - 26B-A4B,Gemma 4 - 5B,race,GLM,hc_values_per_expert_hat_1_new.parquet,12.78055694663042,4.0,19.626377164115038,26.0,6.259836886535985e-05,0.0,-0.06741620041995873,-0.0008560499554600926,-0.06902519041959962,-0.09944297135124981,-0.00201006491543269,-0.08318220404719953,0.09603033755122051,0.0032478256623668035,0.04774538135894031,-0.16344653797117925,-0.004103875617826896,-0.11677057177853993,-0.046677754511898,-0.048793551061360366,-0.07450099494682498,-0.053658470525802186,0.08163488464732399,0.01965435493122792,0.09020686237931481,0.040547726253028306,-0.024650886136728972,0.009950785732906288,-0.03548780410551419,-0.017934477177964585,-0.03323450229830273,-0.07381081181205337,-0.057537443259085136,-0.05855102471885486,-0.03496243845793642,0.14110133178333867,0.07213256352928443,0.11595792947126347,0.016647946496595865,0.09442940659211611,0.057630015150646356,0.03559886733753841,0.03439340884284717,-0.019997424683420518,0.03756979212322088,0.027100166845920547,-0.026182408206434655,-0.015450464346297184,0.11057132160899283,0.013155003475990851,0.1277852954080921,-0.006796139965391113,-1.6290203022423324,-1.21348750388095,0.1189649467799922,0.0,1.788524824724567e+295,33.833571177316244
Gemma 4 - 26B-A4B,Gemma 4 - 5B,race,GLM,hc_values_map_agg_standard_1_new.parquet,11.343638217198455,7.0,12.032765774788954,7.0,6.259836886535985e-05,0.0,0.008744449700327787,-0.02818210518869127,0.009164249087665924,-0.0115220559490187,-0.04129703064662584,0.008865455522781066,0.05382674104353459,0.03940198625191467,-0.0004264410151132344,-0.04508229134320681,-0.06758409144060594,0.009590690102779159,-0.010110289400295524,0.0008325301467714373,0.003533131602518356,0.019100872718353104,-0.035805220874489306,-0.0498913609712919,0.024240381630555162,-0.02207462783444828,0.02444467425313367,-0.019152791715209366,0.01949201457000449,-0.006965901090637726,0.0036415097784282084,-0.014144299769295807,0.014912706422633704,0.014449092745673167,0.03151126939043851,0.09490546058897643,0.005255983075870662,-0.05567631996661748,-0.07711687408314755,0.07656287129305882,-0.00615184219339335,0.03149316150116836,-0.07551957547687738,-0.04269039853486531,-6.992041844848789e-05,0.0006427084060205046,-0.06171713849190157,-0.021173724650185452,0.1569807731116143,0.06309126228126519,-0.017587127466102533,-0.040754486007566156,0.08602153402191852,0.07029671147551177,0.4044339748394744,0.0,41.49411814796442,39.188881347536416
Gemma 4 - 26B-A4B,Gemma 4 - 5B,race,GLM,hc_values_map_agg_hat_1_new.parquet,12.03334704535699,7.0,13.258021533838889,8.0,6.259836886535985e-05,0.0,0.017963441212170868,-0.02818210518869127,0.009653723596107562,-0.012412715333807275,-0.04129703064662584,0.009529940269180037,0.08002160275645508,0.03940198625191467,-0.0009675476434975784,-0.06205816154428421,-0.06758409144060594,0.010621271239605141,0.005601792296615945,0.0012358034302551344,0.0033826737491179882,0.020111733816405287,0.005287115647454487,-0.05160163258255055,0.05803165175023732,-0.022982937234186165,0.041288421091370237,-0.019152791715209366,0.019720692034327043,0.02344528379416509,0.0036101399677257472,-0.012112891995472167,0.015372026983259696,0.02241494144683488,0.032437922685461355,0.12863391364755788,0.004553062876106496,-0.005794449445981115,-0.07971036990663363,0.11830073498292035,-0.00615184219339335,0.030879615093258612,-0.004737036398094951,-0.04516931411878287,0.033681612509967956,-0.000491413810138625,0.00033411278055141833,-0.02303883636395273,0.1680423804466264,0.06433557044746638,-0.010551620361551321,-0.041692926778334305,-0.21770426100513873,0.06912852132710806,0.3556825163298626,0.0,41.49411814796442,39.188881347536416
Gemma 4 - 26B-A4B,Gemma 4 - 5B,race,StudentT,hc_values_per_expert_standard_1_new.parquet,7.75382744312491,2.0,10.893305551581056,3.0,0.06918014022034626,0.0,-0.0778416558890114,-0.008311639736476268,-0.06937893401145029,-0.08990001245730374,-0.010647161673015205,-0.07334815633803002,0.043239660398578676,0.007461391763357339,0.020141375408173748,-0.12108131628759009,-0.015773031499833605,-0.08952030941962404,-0.08288669688793193,-0.058506857149758444,-0.08557740850746268,-0.05203485378445977,0.018361615344534336,-0.00974789536282093,0.013339798478146026,-0.0026442139524716166,-0.0433574350024213,-0.007925185332267888,-0.03034381894035322,-0.07909780784392118,-0.04135431547694248,-0.059914681676632775,-0.034240307284839955,-0.08180047020978683,-0.03017304575193632,0.060214023269095765,0.0214616177229235,0.03590931702405313,-0.015122736088178077,0.02077989306574981,0.00909465558164644,-0.004453923735095623,-0.07907465951620869,-0.06619313840825525,0.020953874454056762,0.010398290241790054,-0.076316800615232,-0.045917614557830326,-0.003644951609404029,-0.03205428906680648,0.006330306575660645,-0.03421463195993665,-0.3653231743227575,-0.6231273039557035,0.2562142486668263,0.0,4178919.9520683424,47.82133754044211
Gemma 4 - 26B-A4B,Gemma 4 - 5B,race,StudentT,hc_values_per_expert_hat_1_new.parquet,10.757216697667763,3.0,16.73573651452282,25.0,0.06918014022034626,0.0,-0.0539492961775339,-0.008311639736476268,-0.0698954125776172,-0.07212584804048974,-0.010647161673015205,-0.07305525814855447,0.05661957386095915,0.007461391763357339,0.018014298584522394,-0.11056887003849306,-0.015773031499833605,-0.08790971116213958,-0.0371541755798836,-0.05880112042289353,-0.050254645922108786,-0.05175166138224456,0.040496370399410134,-0.011275081429555486,0.035437878095644165,-0.003901995869508849,-0.014617107375030334,-0.007925185332267888,-0.031608316781498474,-0.021233890024044653,-0.04179008955908076,-0.04254469115010731,-0.03463337052304104,-0.04269724895139691,-0.03039508145225034,0.08038110537848994,0.01957634781153111,0.06545492535183879,-0.01554024425530141,0.07113380998474135,0.00909465558164644,-0.005096415205662473,0.022818980038925404,-0.06376360868764719,0.043770700501464296,0.009083275879443397,-0.015782914388851627,-0.04477068907354652,0.049179338941524604,-0.030470352147147387,0.08131805286103529,-0.03177471491943687,-1.01767691187907,-0.7427347268518651,0.20360956569921126,0.0,4178919.9520683424,47.82133754044211
Gemma 4 - 26B-A4B,Gemma 4 - 5B,race,StudentT,hc_values_map_agg_standard_1_new.parquet,14.05334275289741,10.0,14.632547574760338,15.0,0.06918014022034626,0.0,0.02342485959264969,-0.029877332607653698,0.012280076483026967,0.009261668684761507,-0.046594328103185215,0.01462608723735507,0.035278819791160494,0.049407651648726514,-0.008025709914043569,-0.011853960198510805,-0.07928498425638021,0.020305786397070535,0.007351106389410493,0.0016319961741079981,0.026433862572807526,0.02140191747700731,-0.053011152600353065,-0.05410490554065418,0.00208078049466542,-0.030365367598678385,0.03806212381855843,-0.018683723605519828,0.023790668107070374,0.008581154253647635,0.005686667822964325,0.008341463596697418,0.022554686080507515,0.03699553379675961,0.034975964074451624,0.06613127343122374,-0.005289478163431731,-0.08044833092493568,-0.08176335320456823,0.07936260802835393,0.005748131137840445,0.03250800883048301,-0.06777553289138913,-0.04411267889040822,0.008610822490021673,0.002578996673746265,-0.0517616271224726,-0.023615277716454414,0.14357210117010755,0.06089995222258482,-0.023756466805863356,-0.03808612685725802,0.00959514776590772,-0.16279419954882882,0.47892986021416717,0.0,27.305691220444043,27.26477329115142
Gemma 4 - 26B-A4B,Gemma 4 - 5B,race,StudentT,hc_values_map_agg_hat_1_new.parquet,14.728108456145371,13.0,16.01807304335384,20.0,0.06918014022034626,0.0,0.034956554211379096,-0.029877332607653698,0.013281166299054004,0.009019598659072956,-0.046594328103185215,0.015762304499806035,0.06567815090916213,0.049407651648726514,-0.008527648698975519,-0.03072159669778303,-0.07928498425638021,0.021808814998029523,0.02737440039810773,0.0025181126840481583,0.035828569834075466,0.02288268625410946,-0.026770857904969744,-0.05584633411916982,0.03656065120374908,-0.03122523810658219,0.056549937409490006,-0.018683723605519828,0.02462510883511488,0.040005554498751844,0.006227477452161853,0.008604089616074055,0.023538705186067002,0.05381087372071204,0.036449171141653774,0.10844073305930554,-0.005993736243209322,-0.052270550229573665,-0.08449857625211876,0.12812428273842413,0.005748131137840445,0.032757918075163664,-0.01151984457535306,-0.04595823942563689,0.043829470630984926,0.002241734495387362,0.00027748538786399624,-0.02476179466290422,0.16578544082589372,0.06215560848466688,-0.024418194013125012,-0.03932358276164601,-0.32150411238234394,-0.16798170489041186,0.4193366635856124,0.0,27.305691220444043,27.26477329115142
Gemma 4 - 26B-A4B,Gemma 4 - 5B,race,StudentTSkewed,hc_values_per_expert_standard_1_new.parquet,7.8164973529832595,2.0,11.216313134926313,3.0,0.07905279725282587,0.0,-0.08035180096821651,0.0057069943653570675,-0.0579315149908573,-0.09950117291874035,0.00563272130186728,-0.062499575967673235,0.0628250810945156,-0.0005690105180615646,0.020221027326416504,-0.1431768820627321,0.006276004883418632,-0.07815254231727381,-0.0806294708286641,-0.05241463718797635,-0.09550400392949868,-0.050510274478471645,0.05117856214375532,0.001856876443675818,0.05870119149816888,0.015229421579892873,-0.045340466641341365,0.006465154160124786,-0.018148705136185987,-0.05586649218632963,-0.02213491178164587,-0.07410254799595933,-0.02303670194340718,-0.07830288233953422,-0.017725051815004902,0.093747291163926,0.019712636003151606,0.08061821079223969,-0.003853695355749403,0.024039711120705163,-0.0039338076953093085,-0.013158736118189726,-0.002522597974681291,-0.038450406404033126,0.006515347235738803,-0.0031764094242045593,-0.015889742007132703,-0.02117052211470665,0.03487326395560369,-0.019948653791235428,0.029864602699391896,-0.032024115701101204,-0.3376925453637593,-0.23718196884747048,0.25964694667003374,0.0,1.1625411360709685e+296,65.61766899203245
Gemma 4 - 26B-A4B,Gemma 4 - 5B,race,StudentTSkewed,hc_values_per_expert_hat_1_new.parquet,10.740440334811847,3.0,16.803432179138646,25.0,0.07905279725282587,0.0,-0.05988539396130457,0.0057069943653570675,-0.05558708538003434,-0.08730818610471311,0.00563272130186728,-0.05959007875102018,0.08251731926438861,-0.0005690105180615646,0.018370753856655684,-0.1424027132256932,0.006276004883418632,-0.07395783923669003,-0.054390789031824774,-0.04959439906001682,-0.07899801864862215,-0.04741333788326256,0.07407723926924906,0.0007278672120304599,0.0794367850965659,0.0136953927886987,-0.021012944776235505,0.006465154160124786,-0.017532625078284333,-0.02463891881431958,-0.02100602576077046,-0.06403510777527409,-0.021654223709224284,-0.06360379354314889,-0.016366712108952065,0.12328160641333846,0.017428973598364792,0.11379670057837928,-0.004880065247935088,0.07857147098655402,-0.0039338076953093085,-0.011732871780563085,0.0649711720948391,-0.03548414982661482,0.032579555804371226,-0.0013546606505060186,0.018751811621815186,-0.018193255176542123,0.08909379492712849,-0.021045470650364696,0.09163318192362696,-0.03251647593498588,-0.9557323483312546,-0.26367839717431407,0.20040168501717637,0.0,1.1625411360709685e+296,65.61766899203245
Gemma 4 - 26B-A4B,Gemma 4 - 5B,race,StudentTSkewed,hc_values_map_agg_standard_1_new.parquet,14.036351767062527,10.0,14.620099441980255,14.0,0.07905279725282587,0.0,0.024664250426604802,-0.02984964271493843,0.01824586914784127,0.010480237904701522,-0.046482027507275994,0.019818663709079032,0.0351679817222823,0.049174261807532954,-0.006732589290992544,-0.010503731295677495,-0.07902390452247138,0.02497845843883381,0.008922627760702205,0.007207679099142249,0.028110579405955096,0.028176142435495457,-0.05351223160843073,-0.05813132787817709,0.002261048264338971,-0.03058002180873203,0.039175194016292304,-0.01870730375430129,0.029744460375125438,0.009941656872002824,0.010538224465176738,0.009334246779858025,0.026971868186743755,0.038375796504364706,0.041617556054757074,0.06605173826538852,-0.0033133542321539984,-0.08100352187599182,-0.08841838493315186,0.0812320801085505,0.005473798370392174,0.03721555820676089,-0.06539611353416676,-0.047036620430324104,0.010033982682053326,0.0037222227912335967,-0.049882904281938326,-0.02538918338281782,0.14426294236424667,0.06802146605548459,-0.023055853941036934,-0.04013891076214671,0.41739116919558933,0.24463913596257117,0.6836390163848692,0.0,32.411517334415294,32.34110285331036
Gemma 4 - 26B-A4B,Gemma 4 - 5B,race,StudentTSkewed,hc_values_map_agg_hat_1_new.parquet,14.580573043353843,12.0,15.641096723422521,18.0,0.07905279725282587,0.0,0.03365193036137689,-0.02984964271493843,0.020097829084248266,0.008334028136157622,-0.046482027507275994,0.021713426287553992,0.06417407273940867,0.049174261807532954,-0.007098830606230421,-0.03052214237803178,-0.07902390452247138,0.027196659690478686,0.0241950466150892,0.009069174172735723,0.03348605712704903,0.03068541291077567,-0.028619143449063023,-0.06015046311088932,0.03444883117313929,-0.031354750552615544,0.05512285491106779,-0.01870730375430129,0.0314172791474203,0.036399797425968,0.011984864974402237,0.008071426105274128,0.0286276481972837,0.05137704743304533,0.044071850080872374,0.10655252341662025,-0.003873134862512413,-0.054133558530539035,-0.0916916472073297,0.12510400586184445,0.005473798370392174,0.03801475696273793,-0.018020140741952517,-0.04884418271346417,0.041691596351806165,0.0036693466936829123,-0.004858516453528755,-0.02645100104830995,0.1643135086900074,0.06977510126383182,-0.026310157195641237,-0.041487957921553055,0.11178395559191598,0.23906386138102081,0.5824777580023196,0.0,32.411517334415294,32.34110285331036
Gemma 4 - 26B-A4B,Gemma 4 - 5B,race,KDE,hc_values_per_expert_standard_1_new.parquet,11.476740234654457,4.0,14.083980183144941,18.0,9.836886535985119e-05,0.0,-0.009379461640865549,-0.002216042410797273,-0.04128331668530795,-0.00850882227383289,-0.0006634147210330653,-0.039051824080607464,-0.001096606999143533,-0.003914925084305577,-0.0004823361986379493,-0.008282854641722015,0.001698882673508304,-0.040800980486670003,-0.006326679806407964,-0.04706218405315238,0.0015411695941490576,-0.04148195432985905,-0.020501109479636043,-0.008794858358823368,0.019876693174130322,0.008908733792874176,0.028891534974859634,0.010521908370251002,-0.006889461047210764,-0.012653046136496053,-0.03836426055323497,0.030652975516335963,-0.00042758101738985487,-0.0013231023673070845,-0.0269726150157335,-0.015195318822285555,-0.014880060554540114,-0.025859898584281307,-0.016713008180604626,0.03330054420411199,-0.010593891378149076,-0.017241224703647404,-0.05826638048771265,-0.07250027672157468,0.044288711859472855,-0.0021851783222657344,-0.05107000429573081,-0.060064565677110444,-0.02945830808971232,-0.03049691017007852,-0.006785167965043672,-0.01609733062690801,-1.1373778741467986,-1.4336038796683348,0.20847470720286437,0.0,55.749424954023894,21.947823580170898
Gemma 4 - 26B-A4B,Gemma 4 - 5B,race,KDE,hc_values_per_expert_hat_1_new.parquet,16.845042209185863,25.0,19.72234940620976,26.0,9.836886535985119e-05,0.0,0.020872376562751108,-0.002216042410797273,-0.039049461642646124,0.012441667305588421,-0.0006634147210330653,-0.03626306905854833,0.020064336017458762,-0.003914925084305577,-0.002290081986830312,0.0008080405452923455,0.001698882673508304,-0.03675937965581581,0.04444961927907392,-0.04401731138617476,0.03494991290667321,-0.037783752020442936,0.01978564897497048,-0.010979024713268712,0.04210003290260839,0.006652836307507351,0.06036730946581984,0.010521908370251002,-0.00573202065836001,0.04568595476169592,-0.036390220206838006,0.04414145439945757,0.0004233608077607424,0.025002341649261656,-0.025478815437608375,0.021772620582712277,-0.014474988053871776,0.03902802037361622,-0.0161376337958965,0.10115323344092364,-0.010593891378149076,-0.016482046456504747,0.06970497288644695,-0.07086330622923993,0.07794145756532865,-0.0028976824753498337,0.020758178438138413,-0.06021626997313391,0.03531312198813648,-0.027370585279534666,0.09681003683035508,-0.012418380989879343,-2.014722158520219,-1.8233795465343472,0.16572438045274362,0.0,55.749424954023894,21.947823580170898
Gemma 4 - 26B-A4B,Gemma 4 - 5B,race,KDE,hc_values_map_agg_standard_1_new.parquet,14.660502217770782,13.0,15.290814136500215,19.0,9.836886535985119e-05,0.0,0.02436599481577779,-0.027499189190352394,0.006858636321636967,0.011242893840580989,-0.03928788165565783,0.009416187765840148,0.0323287213209915,0.03571010315482939,-0.00786782986346749,-0.007962726505213711,-0.06320929234518179,0.014726466185104457,0.012345973110820092,-0.002000156077122697,0.03163474110902003,0.016031547234855784,-0.054247728406656065,-0.04887115751231211,0.004542229597231985,-0.02694448374880526,0.039059281371479446,-0.01958076809071553,0.017827140036852582,0.013635391248323336,0.002012847609933974,0.01111214673782197,0.017401444561504185,0.04242059545600189,0.02867506499464596,0.06100177085454618,-0.00530919740418539,-0.08330171132283559,-0.07325621238376137,0.07580178950803076,-0.00963137837371019,0.027755530104244194,-0.06650395884727736,-0.039134492320630605,0.0069801675448880685,0.001703419892318217,-0.04983196990877429,-0.020337941254809987,0.1398743963353023,0.05309616594980107,-0.025510014634497827,-0.03518755231665295,-0.5138040424729163,-0.6944971030476337,0.2862743167952402,0.0,22.99608246265095,21.84660481280846
Gemma 4 - 26B-A4B,Gemma 4 - 5B,race,KDE,hc_values_map_agg_hat_1_new.parquet,15.8259765345543,19.0,17.4785734725998,23.0,9.836886535985119e-05,0.0,0.040420771970620877,-0.027499189190352394,0.007240093634519735,0.015042365166945314,-0.03928788165565783,0.00993295171091429,0.06342431279719224,0.03571010315482939,-0.00828658737439005,-0.023003540826571363,-0.06320929234518179,0.015526681008909785,0.042022403580374124,-0.0017369703246080525,0.05008740203344368,0.016736375366293868,-0.02769378981911695,-0.05011058221131366,0.04127930987585636,-0.027586357282398857,0.06211286910773257,-0.01958076809071553,0.018000151496470645,0.05490964122326845,0.0019323393689355433,0.014923240641724803,0.01773963221139284,0.06760919566238356,0.029285983746888688,0.10439358178940253,-0.005815943304369839,-0.0547201407826832,-0.07510718331388952,0.1316048256834455,-0.00963137837371019,0.027674408070329337,0.00507713270207928,-0.04063113188876326,0.04720686710408496,0.0012130306223046916,0.01351050194282565,-0.021363232963418372,0.16546665840884167,0.05401144677993409,-0.019845885202575412,-0.0359775362665465,-0.9522109867950931,-0.7652403595992053,0.25893076682382093,0.0,22.99608246265095,21.84660481280846
Gemma 4 - 26B-A4B,Gemma 4 - 5B,race,JohnsonSU,hc_values_per_expert_standard_1_new.parquet,11.031039848333094,3.0,13.871959507797968,17.0,0.007842681356417226,0.0,-0.02234258754933473,-0.008012920151491187,-0.0397571611997023,-0.027441289309831855,-0.00884577016325112,-0.03929127654285938,0.0168558010766302,0.0033424941396503344,0.004103815246388936,-0.03919838862596493,-0.011355414291141522,-0.043860976446091236,-0.01305998960017347,-0.03696974175067796,-0.010230216248616066,-0.029638023031549256,-0.005922335284410893,-0.014922724154141868,0.01482401913793337,-0.00011114166007591369,0.016852533823183857,-0.005580928959300942,-0.00018385914706788356,-0.01821806021139155,-0.025212911810041663,0.009353305309395822,0.0029820441621174285,-0.014869774759302914,-0.012384110104126772,0.014062372228792547,-0.008445663985760151,-0.0023954590181212406,-0.025348188357221038,0.037054731995563375,-0.013884355569449454,-0.011094765993040611,-0.04585071073971945,-0.0681286821376743,0.04002286379743289,0.0011918717445049817,-0.0450456033836052,-0.054976997045106314,-0.012361072070502814,-0.025354234175622964,0.005385532981754051,-0.01829303197855408,-0.8308594929449457,-1.092272705107995,0.25736063711667345,0.0,816.8944087165108,25.851753564863426
Gemma 4 - 26B-A4B,Gemma 4 - 5B,race,JohnsonSU,hc_values_per_expert_hat_1_new.parquet,15.239125769065675,23.0,19.173934039204465,26.0,0.007842681356417226,0.0,0.00298942380602855,-0.008012920151491187,-0.034656022187124144,-0.010516674339737535,-0.00884577016325112,-0.03361914960128726,0.03625468641264934,0.0033424941396503344,0.0018652403568071687,-0.03326526260662079,-0.011355414291141522,-0.036521262543931315,0.025649211606616807,-0.0298573695862003,0.013750331306348078,-0.022324791093780053,0.02884170639266032,-0.016425105978572364,0.03828968494365286,-0.0022197978214964597,0.04113270164829759,-0.005580928959300942,0.0031604390154150257,0.02710147827153307,-0.019259900711342547,0.017425626269374217,0.006253146911522844,0.0034029776444640817,-0.0072537145748363075,0.048850824050861386,-0.009459563348485377,0.05388768095837903,-0.02529535380363657,0.09827851601391954,-0.013884355569449454,-0.008623668914078023,0.06739665292980945,-0.06253745673498919,0.0690616583024592,0.002146877737418969,0.018766018152142214,-0.05139747536999893,0.04900718337286977,-0.022398650570517136,0.09644147635673214,-0.014741061498099742,-1.6249541668849479,-1.4077419305450274,0.20182406431483038,0.0,816.8944087165108,25.851753564863426
Gemma 4 - 26B-A4B,Gemma 4 - 5B,race,JohnsonSU,hc_values_map_agg_standard_1_new.parquet,12.357785448562026,7.0,12.971473029045644,8.0,0.007842681356417226,0.0,0.012500941859324046,-0.029274796281296415,0.005423586322955742,-0.00510168022417452,-0.044477972512988205,0.007100018109929981,0.046089179564660215,0.04521747413303732,-0.005282517344902571,-0.03358823770533617,-0.07449227041433373,0.010706103667858314,-0.006164768647956867,-0.0024699580420636954,0.009759820324579761,0.01331985472891503,-0.04255906014993488,-0.04269376766206957,0.013717483124919931,-0.02395944572361068,0.028018634442476244,-0.018952719264231525,0.016300655253004705,-0.0033993100438030064,0.0023443124522263942,-0.0066003135796028145,0.014730291781008705,0.021157636497384617,0.025692079667267276,0.08293733258355995,-0.001678889425793313,-0.06553788971255187,-0.06435818907237287,0.07461355992121635,0.0006486226259977551,0.0277032995855579,-0.07649131697188345,-0.03248061794270318,0.0012020228024373983,0.0029040452944372173,-0.060681896609964904,-0.015531649356195387,0.15018293393018964,0.05034146391597365,-0.021842874326862848,-0.0322698827487644,-0.5271395105857689,-0.5990206920538459,0.2135245752210372,0.0,26.233162012468995,25.757331034352198
Gemma 4 - 26B-A4B,Gemma 4 - 5B,race,JohnsonSU,hc_values_map_agg_hat_1_new.parquet,13.43737480326227,9.0,15.059861925883531,16.0,0.007842681356417226,0.0,0.027551822203920176,-0.029274796281296415,0.005705765780218169,-0.001801475057480797,-0.044477972512988205,0.007524078457753287,0.07595065314948057,0.04521747413303732,-0.005705713480152602,-0.0483988309455604,-0.07449227041433373,0.011411479260370772,0.019774343189222783,-0.002318274645507999,0.020904437949231892,0.013917810307475433,-0.0057662743092339605,-0.043930527133484706,0.051045151457686795,-0.024693500430224193,0.05044999650440102,-0.018952719264231525,0.01637228284441233,0.036500451271866435,0.0021624258320901532,-0.001866779556652892,0.014958765657475136,0.040293627753660695,0.02618488662809688,0.12240122899833011,-0.002126535610198597,-0.023717567182030216,-0.06612632921034263,0.12800766409372993,0.0006486226259977551,0.027559584438978983,0.003310628848740692,-0.033960711883846036,0.04185411395635548,0.0023027334666109968,0.009160204610402756,-0.016606802914366225,0.16990278294461908,0.05137314834655458,-0.013732857596700858,-0.03291501137682156,-0.945471579002917,-0.656059129501876,0.19419214688092812,0.0,26.233162012468995,25.757331034352198
Gemma 4 - 26B-A4B,Gemma 4 - 5B,mmlu,GMM,hc_values_per_expert_standard_1_new.parquet,6.26296,2.0,8.59424,3.0,0.4444,0.0,-0.08802878062392948,-0.03680792928578099,-0.08927580109623878,-0.09548636188869351,-0.044662321178653604,-0.09733881424984411,0.03132105962031858,0.02672695878615952,0.033203141815845966,-0.11934984024424805,-0.06353488807194052,-0.12247894291208475,-0.07479255364071448,-0.07609341560314212,-0.07910177579225196,-0.08103936437774624,0.020651458845692243,0.022625484520351593,0.02384000316464828,0.02573252071682313,-0.05262670948312555,-0.023274241591863767,-0.046435526718251297,-0.04421281254912575,-0.03744377670495578,-0.0645525302181481,-0.05782468524934056,-0.05163314229723233,-0.044241051693419575,0.048284355988894495,0.04500924060172112,0.03329761941629498,0.029624091490549592,-0.014258900463030823,0.017612686189814587,-0.021176516662868804,-0.021440147152756633,-0.028845980294331,-0.019132077193287394,-0.029942112710231884,-0.01817618055318733,-0.029794273789493543,0.012202767132588646,0.021323736253046476,-0.003834509798353278,0.00603504755026522,1.3403227131510846,0.9734758958588585,1.1520678778555573,0.0,1.6159999999999998e+298,361.99552255557956
Gemma 4 - 26B-A4B,Gemma 4 - 5B,mmlu,GMM,hc_values_per_expert_hat_1_new.parquet,7.7156,2.0,11.66456,5.0,0.4444,0.0,-0.04032332383035259,-0.03680792928578099,-0.07537696671431278,-0.05070638804644031,-0.044662321178653604,-0.08583512253691779,0.034398150935676934,0.02672695878615952,0.03853985150240674,-0.07472147476602953,-0.06353488807194052,-0.11391681821671952,-0.0297395718070254,-0.06268502880805937,-0.038285741614256644,-0.07064406771102455,0.027852310583578174,0.029805044355526816,0.029979201083705956,0.03250195386013096,-0.014716876870779286,-0.023274241591863767,-0.025857172124804574,-0.007842197606402385,-0.016495640948038837,-0.03266829317627172,-0.04130556551480798,-0.02317315781052108,-0.028196403196703718,0.054082449310918046,0.05034543538420294,0.04481859513048485,0.03722391382879995,0.03258201879216245,0.017612686189814587,0.01211538766310849,0.029852559701571878,0.007514351516735245,0.014766749727525319,-0.00766299734438415,0.01658829388961396,-0.006020535918622616,0.032753378019604575,0.0397299563476407,0.023618756150495628,0.02732010832683426,0.46852910385055185,0.9284788390781616,0.6849536387990545,0.0,1.6159999999999998e+298,361.99552255557956
Gemma 4 - 26B-A4B,Gemma 4 - 5B,mmlu,GMM,hc_values_map_agg_standard_1_new.parquet,6.10096,5.0,6.14728,5.0,0.4444,0.0,0.05377526708026251,0.04693847410969917,0.05018138219485758,0.02087040787913931,0.039939978177290524,0.01827391028954261,0.08867788614451336,0.01488510138022664,0.08620988093419006,-0.03490261906425085,0.03205337272947253,-0.03602849873933248,-0.043936272530032724,-0.042813233596244164,-0.04113468564671967,-0.04000432635208784,-0.0028974864533937873,-0.003051485120361551,0.07632943004449014,0.07386373507625478,0.07820784480898432,0.023234085321671302,0.07451184941938414,-0.016310788728520983,-0.016995729835674545,0.03322703995287144,0.03204220183752555,-0.014306749827905378,-0.01245969531233399,0.1023309214205702,0.09642483381451344,-0.0007326983674040509,-0.007595353591787335,0.157229720845112,-0.03530136270146103,0.15261640168766644,0.013311181607760882,0.012965894604183867,0.06670365737555539,0.06271423698876724,-0.0034998625518779503,-0.006441943289169712,0.16759843876861014,0.16693743613006018,0.033446675057859074,0.03900493358803861,3.4781091804114252,3.459571167678215,2.7476061928895907,2.689147068212509,23697.199699372468,1247.6801341772452
Gemma 4 - 26B-A4B,Gemma 4 - 5B,mmlu,GMM,hc_values_map_agg_hat_1_new.parquet,8.094,6.0,8.12128,5.0,0.4444,0.0,0.06265217846797844,0.04693847410969917,0.052631090344774666,0.03132423721955276,0.039939978177290524,0.02011828729584021,0.08314541424599489,0.01488510138022664,0.08767768395885847,-0.020493235778016455,0.03205337272947253,-0.035046593614083806,-1.4839257024776853e-05,-0.029479498243022303,-0.001917672007715676,-0.03011227580800261,0.005499749825759516,0.005315542846464926,0.06977928245743299,0.07527646776132177,0.08520681637902255,0.023234085321671302,0.07670668165080469,0.020056735407964904,-0.0065787640108861956,0.04374267183446566,0.03359903653001209,0.01736737495800189,-0.006108644956494047,0.09054944191982933,0.09756326485904604,0.001529144969792487,0.0006483482503935917,0.1546980778089737,-0.03530136270146103,0.1512753834053095,0.0362776250764709,0.013438962037810271,0.06926445435945255,0.05601750474102421,0.016400749179192705,-0.01876021004481885,0.15728669447544416,0.1783426864184282,0.036195694265975686,0.06602926345916114,1.7207190028239392,1.8592055236321474,1.4848482142419182,1.5876602979554537,23697.199699372468,1247.6801341772452
Gemma 4 - 26B-A4B,Gemma 4 - 5B,mmlu,GLM,hc_values_per_expert_standard_1_new.parquet,8.81264,1.0,13.24216,5.0,0.0,0.0,-0.08522652572518793,-0.05766514849052447,-0.05000805629281648,-0.11004332641694343,-0.07635097867530778,-0.05976030026043487,0.0809670139261488,0.060235558727148794,0.033667226222322405,-0.16619353965133674,-0.11790070721767326,-0.0836752825151389,-0.02453735526619871,-0.015086705681888841,-0.04065523370185392,-0.01706727527891504,0.04883469906589446,0.007285918103592859,0.04089520720092622,0.018924043765968273,-0.06177882904158119,-0.06610916093951552,-0.025833487971162018,-0.037821738409916025,-0.007810241354335479,-0.09806296065945098,-0.03530176058733704,-0.05990426696918109,-0.006161420849159826,0.11854989069420463,0.03373584151475498,0.07214390719810734,-0.002364836952925974,0.029019302843204007,-0.018412707022616513,-0.01760347377176746,0.005641395823772192,-0.028787485516154638,-0.01252398166490898,-0.027270725903706234,-0.0411051042481745,-0.03375535645343656,0.08295038834462246,0.022712114943143,0.09714610588379881,0.014461358033715989,-1.1744459400964358,-1.1098206580976697,0.06341712075037122,0.0,63.13034712317615,31.032146824913443
Gemma 4 - 26B-A4B,Gemma 4 - 5B,mmlu,GLM,hc_values_per_expert_hat_1_new.parquet,13.51944,10.0,19.5888,26.0,0.0,0.0,-0.05038294488956806,-0.05766514849052447,-0.05237958174409613,-0.08523442353248917,-0.07635097867530778,-0.06216821798866852,0.10594471945763978,0.060235558727148794,0.03403754544936616,-0.15632766434720785,-0.11790070721767326,-0.08641712719346228,0.024538735857450006,-0.017622214653853607,-0.006923170398095621,-0.019628105026090536,0.08761352689558179,0.00762845420437099,0.08028537473525803,0.019713045141281686,-0.018052622506782176,-0.06610916093951552,-0.025719035608453858,0.029500711745558628,-0.00765916813813108,-0.06907472658246369,-0.03482407338628703,-0.015287651995919404,-0.005598394546665266,0.14685928873245827,0.03269438198563461,0.11614250928957029,-0.003553124330168574,0.08873247001747718,-0.018412707022616513,-0.01687401933643634,0.10015500825413626,-0.028048456674189103,0.019137266645340358,-0.027655427848764756,0.010500115144352569,-0.03417661992477388,0.13334672009605048,0.02494360895227994,0.17373854791096568,0.01678828253933195,-1.9326461463571585,-1.502451408802648,0.055095595436312254,0.0,63.13034712317615,31.032146824913443
Gemma 4 - 26B-A4B,Gemma 4 - 5B,mmlu,GLM,hc_values_map_agg_standard_1_new.parquet,12.02704,7.0,13.00064,8.0,0.0,0.0,0.06950918703024712,0.11922763982843011,0.038129627520455414,0.04093845165659743,0.09967470912724222,0.023673190589177957,0.07444228267499521,0.042921202307758394,0.037335514737508714,-0.004933095644748087,0.07630643752067172,0.0007941127829467001,0.010065256704991858,-0.001982112140388247,0.016309403534201978,0.004526504107917136,-0.019249540890099757,-0.018583172926916216,0.058063493466821,0.02220921647574777,0.08636561331867235,0.06630206941285127,0.05392874380900802,0.00667797290883106,0.0043965637291827975,0.0497791922020159,0.03740628754837613,0.019899733638586433,0.016139851875989365,0.07667316394659371,0.030321906360116332,-0.03892928301933689,-0.03411608875388286,0.14341686941915865,-0.003994415480784707,0.10820804632653983,-0.02290747577186454,0.016678138033991225,0.06230976326475236,0.0543890200440125,-0.021925828883858085,0.011156261385166446,0.14980390231515453,0.09757741588156857,0.001771749652456594,0.008900254965819554,-0.003562326701542388,-0.058566780397150985,0.4156362250736459,0.0,42.709803937531056,39.169563064821155
Gemma 4 - 26B-A4B,Gemma 4 - 5B,mmlu,GLM,hc_values_map_agg_hat_1_new.parquet,12.90976,8.0,14.5772,12.0,0.0,0.0,0.07906354894148676,0.11922763982843011,0.03552743770022919,0.04580879367664138,0.09967470912724222,0.020868708793207284,0.08685290181791558,0.042921202307758394,0.038209124361612876,-0.007789352876428818,0.07630643752067172,-0.0026816866613836865,0.024119984233896764,-0.006027870618575716,0.025043247067406165,0.0007845584424383036,-0.005534542330739845,-0.018981026053352324,0.07422556126758233,0.022920526884058334,0.1012001132432992,0.06630206941285127,0.05305751106991625,0.029296022588650772,0.0022013177841880387,0.05704179807565671,0.03610491374974811,0.03360104096316697,0.014173679481834312,0.0934178293051451,0.03176732948783472,-0.02080618114823669,-0.0340977627481472,0.15956973253653775,-0.003994415480784707,0.10863480400119262,-0.009123986017040986,0.014748964552655702,0.07454683416947917,0.0541825165860934,-0.007449905870144154,0.009795061611867677,0.15574451725079935,0.0988440452577656,-0.0020142057819335967,0.008020722472645748,-0.3293915305614498,-0.058799462488903234,0.364152469630157,0.0,42.709803937531056,39.169563064821155
Gemma 4 - 26B-A4B,Gemma 4 - 5B,mmlu,StudentT,hc_values_per_expert_standard_1_new.parquet,7.63808,2.0,10.86568,3.0,0.02584,0.0,-0.09971492987595179,-0.02221111340777283,-0.0849712954028655,-0.11469628402279289,-0.024241743183844033,-0.09172418465540766,0.05428316026501742,0.008331523499359225,0.028950556817252754,-0.1539980901409692,-0.030542636907132055,-0.11392185222011825,-0.039368513514996706,-0.03184933374265637,-0.04818674046768527,-0.030185631716349325,0.029520564885159337,-0.0013232023047646763,0.03095023446591376,0.009566515210103687,-0.06308074067754835,-0.02526606891234626,-0.05588871583380049,-0.04630572387422726,-0.03514010423352058,-0.08625405631895397,-0.06098621729491189,-0.06023741458503869,-0.02665132095286026,0.08252538474745838,0.030267282847515172,0.05191496489498912,-0.013525852228491078,0.009212211159778976,-0.025253688701549003,-0.025459128842548216,-0.01542939479016738,-0.045510305461860405,-0.0023126637007596733,-0.03421672488899505,-0.031879500167814954,-0.05392726196195145,0.022849357967925855,0.021906442303278192,0.03661107983489328,0.024001691813268437,-0.6416039913841133,-0.7697732598196168,0.2068510606608922,0.0,75301.94719731699,39.88576676179274
Gemma 4 - 26B-A4B,Gemma 4 - 5B,mmlu,StudentT,hc_values_per_expert_hat_1_new.parquet,11.43048,4.0,16.62016,25.0,0.02584,0.0,-0.05693619405404608,-0.02221111340777283,-0.08284333596613154,-0.07884029845715843,-0.024241743183844033,-0.09097176320983899,0.06941610660299713,0.008331523499359225,0.03267104446711794,-0.12635230065704323,-0.030542636907132055,-0.11551438043324948,0.019138671576091996,-0.02993547157253443,-0.00017795000630138155,-0.03026776524881045,0.05327320603810748,0.004188435182387076,0.052813774941395254,0.014579106853127586,-0.02661425846264614,-0.02526606891234626,-0.05264528475932476,0.011620826316616241,-0.03117927173516379,-0.06047294626116793,-0.05957652331225363,-0.018515222104304504,-0.025285214675991555,0.10167671272895049,0.03442312362175974,0.08035053219189964,-0.007453678947433453,0.04918556891594699,-0.025253688701549003,-0.01877925216045634,0.052186406448857706,-0.03607708979490669,0.01655243088295358,-0.035295374959436805,0.0049552508270792085,-0.05371620284700782,0.06146530192421972,0.03722165160101187,0.09160134467862707,0.04199334983970974,-1.3902459680055537,-0.9814257603514365,0.1669968098958525,0.0,75301.94719731699,39.88576676179274
Gemma 4 - 26B-A4B,Gemma 4 - 5B,mmlu,StudentT,hc_values_map_agg_standard_1_new.parquet,13.35968,9.0,14.14416,11.0,0.02584,0.0,0.06924603871438795,0.11389557775525273,0.04227091236940943,0.04121165836122788,0.09379282924771147,0.027354105722989686,0.07292812424134237,0.04510070298543265,0.03819668299163195,-0.003682085526954426,0.06879487476982007,0.004074229377777475,0.012249218120476257,0.00300615648312038,0.01789163115588292,0.009152800667367747,-0.017774569468283513,-0.01813345961028179,0.056080071989581544,0.02254339540340041,0.08907069698769199,0.07067156427067336,0.058482905466640034,0.011370814426412811,0.008071995377905171,0.05320883131415281,0.04161517403070031,0.02373290579584534,0.019901900727165692,0.07388157778037564,0.02996735545142439,-0.03794920254746492,-0.035471451753947704,0.15435482356652847,0.012827569296930076,0.10912468502558678,-0.0037584479414844944,0.012327004836682384,0.06962406344521738,0.05250725745413631,-0.011186448049451113,0.005273828112708722,0.1558625948763683,0.10331035873203731,0.016385205019958264,0.012856946752175136,0.13640266990366065,-0.016709057533104556,0.5469080189136071,0.0,33.468811854639554,32.84038958318311
Gemma 4 - 26B-A4B,Gemma 4 - 5B,mmlu,StudentT,hc_values_map_agg_hat_1_new.parquet,14.1376,10.0,15.412,17.0,0.02584,0.0,0.07927911632379972,0.11389557775525273,0.04068071936055525,0.045949311492985076,0.09379282924771147,0.025407275082784165,0.08704475324915703,0.04510070298543265,0.03940116738259976,-0.007765636925357311,0.06879487476982007,0.0012795519779554912,0.0233391775124391,1.1819574570515916e-05,0.025843145041770203,0.006385566134366535,-0.010017269012402671,-0.018434099013916492,0.07345997715571717,0.023554573915207537,0.10442785118732248,0.07067156427067336,0.05812451902653897,0.029184872425466486,0.006196644360021838,0.060476047435458494,0.040726834279010186,0.0371333320926142,0.018318545234952226,0.09191380006288491,0.03154201578459856,-0.030972094073509322,-0.03572368603620645,0.17424966507479644,0.012827569296930076,0.1092818373334645,0.0055430306560401415,0.00944018556794497,0.0838939683536369,0.052101737428653074,0.0008257479463359444,0.0033141181818766305,0.16485922546181275,0.10446687812982572,0.009058049699781282,0.01138219327349578,-0.19005031694568209,-0.016757440805689566,0.47078824004104,0.0,33.468811854639554,32.84038958318311
Gemma 4 - 26B-A4B,Gemma 4 - 5B,mmlu,StudentTSkewed,hc_values_per_expert_standard_1_new.parquet,7.61976,2.0,11.38808,3.0,0.04696,0.0,-0.10490619368555852,-0.022635684791158454,-0.07883692099885048,-0.12389291219496325,-0.026745133914134286,-0.08794985547511494,0.0663919442133445,0.014361905256905557,0.035055782483397156,-0.17129813789890302,-0.03699759004806401,-0.11389270348224764,-0.09650577307843443,-0.06878376657948403,-0.11403991679746837,-0.07584735997583145,0.06111706841992222,0.027936949422536234,0.06422562315886424,0.03205616000685308,-0.07260616892002467,-0.014199896985804369,-0.046379450805542455,-0.06742722511307492,-0.0395487147166506,-0.10046715549831793,-0.05592927146785035,-0.0929370981524105,-0.04557766180280981,0.09828645022078356,0.039886470123206355,0.0902062904805357,0.028105859337425813,0.009554486418327308,-0.01513511839185516,-0.017606714402184448,-0.00530664789542463,-0.0344843490843557,-0.012831938775401338,-0.03462740423475073,-0.02783670779655379,-0.04679888016894265,0.04555095938615707,0.038114340091363,0.04794525860164138,0.030634798206567615,-0.48000143022356656,-0.4863964192405477,0.26675026579060823,0.0,1.2799999999999998e+297,49.614380969754066
Gemma 4 - 26B-A4B,Gemma 4 - 5B,mmlu,StudentTSkewed,hc_values_per_expert_hat_1_new.parquet,11.29056,3.0,17.24232,25.0,0.04696,0.0,-0.06744275394235677,-0.022635684791158454,-0.07629359996386079,-0.09313000829616962,-0.026745133914134286,-0.08640137265436655,0.08148060759652956,0.014361905256905557,0.03763410198505212,-0.14892336153888633,-0.03699759004806401,-0.11392770194891291,-0.05927435446184472,-0.06632422769218653,-0.08390593479924968,-0.07449035502909707,0.07739629476818125,0.030834382754324006,0.07992081657483675,0.034815481978651225,-0.038268440679053564,-0.014199896985804369,-0.039017132946691506,-0.032241096984419355,-0.03182099866514786,-0.07689305900909202,-0.049827302367485365,-0.06917823667640509,-0.039244442583256926,0.11826885744896135,0.04126275779932513,0.11182058160064093,0.02975656663553998,0.04747460423843454,-0.01513511839185516,-0.010917718351842742,0.05275777275382408,-0.02586698702533992,0.011652688947682895,-0.03152066449487012,0.013463534697489276,-0.04275771925470232,0.06838368791740157,0.04468107657322459,0.07492476000205933,0.039013725887496985,-1.2223535515809063,-0.5855003373828485,0.20639546119637195,0.0,1.2799999999999998e+297,49.614380969754066
Gemma 4 - 26B-A4B,Gemma 4 - 5B,mmlu,StudentTSkewed,hc_values_map_agg_standard_1_new.parquet,14.20184,11.0,15.01168,16.0,0.04696,0.0,0.0706288225429365,0.11303416843039354,0.048105456189122,0.042988893673953865,0.09286862670384617,0.032224365116233854,0.07163803905153499,0.04537788915478406,0.0403184913574475,-0.00100921650859849,0.0676562792756095,0.0077869648316745005,0.015052107656253165,0.007468845597925171,0.020786113914205658,0.013850687385762986,-0.01837443343948482,-0.01934564623993827,0.054670244072304516,0.02402843497365965,0.09058648863556415,0.0711541759977472,0.06266697093738305,0.014208631802191736,0.009498382590531991,0.05537493511047626,0.044812599512957754,0.026822742144237036,0.022188627899051218,0.07163903576453463,0.031500155913671495,-0.0395087705471175,-0.03830559147529705,0.1568768212831489,0.015213139479215956,0.11082571823324676,0.0013404392143327598,0.006360992697186377,0.07202381375169865,0.05125891328327273,-0.007313481070120853,-0.00044161205683489695,0.1557656233774942,0.10924972468009247,0.01811549658496663,0.013336554147722413,0.37481077548039526,0.19944375377595916,0.7013942768607622,0.0,34.036615149367826,33.599002530154365
Gemma 4 - 26B-A4B,Gemma 4 - 5B,mmlu,StudentTSkewed,hc_values_map_agg_hat_1_new.parquet,14.8968,13.0,16.08896,20.0,0.04696,0.0,0.08027606876746038,0.11303416843039354,0.0477028480401519,0.047419689677196716,0.09286862670384617,0.03136722944586316,0.08557058890702599,0.04537788915478406,0.04167170726460514,-0.005294520139565606,0.0676562792756095,0.006031140775546763,0.025164497817101377,0.005739887633206539,0.02841432169723138,0.012325398694955669,-0.012393295667772414,-0.019728935321076783,0.07141246293827815,0.02517549385021004,0.10545375583839536,0.0711541759977472,0.06286696668697234,0.030353296272074975,0.008043239770803616,0.06240206749369667,0.04440891862174698,0.03992646542965203,0.021098496164750197,0.08911897682313158,0.033118492274996976,-0.035866799118408614,-0.03888785279882301,0.1770684598279772,0.015213139479215956,0.11094137212160836,0.010482049677392821,0.0026574123112482776,0.08651531350802405,0.05055249468610188,0.0049311863342864975,-0.003199902367940464,0.16487822050758116,0.1109553663394785,0.00998166046363985,0.011963332449335205,0.055363808727081854,0.19199509594260072,0.5938876837685596,0.0,34.036615149367826,33.599002530154365
Gemma 4 - 26B-A4B,Gemma 4 - 5B,mmlu,KDE,hc_values_per_expert_standard_1_new.parquet,11.30328,3.0,13.65552,12.0,0.0,0.0,-0.035057345701633685,-0.011930109632647071,-0.06515081000344036,-0.045177411747479135,-0.008785269763736937,-0.07359176978820534,0.03305151678290037,-0.007714809161198263,0.03158916152565676,-0.06810886248453406,-0.004215300471448809,-0.09673997152909712,0.016048540955634537,-0.04409341957317779,0.01261827842250309,-0.047379880218567184,0.008088862536308994,0.014314020750623168,0.05671072755823631,0.03761968056651152,0.010022269564597078,0.012411115941919638,-0.027078737940003726,0.023023909252225156,-0.031917248930462085,-0.006096922514679744,-0.034666672451249436,0.02113010532835183,-0.028779938726402682,0.04186230999733819,0.02887446542856883,-0.0013716687488215449,0.0004785713964165574,0.03855334397749253,-0.030138154878583533,-0.022752607852497143,0.011321080918084404,-0.05056322505783415,0.02331107951611027,-0.03605729492609415,-0.0037486638493989008,-0.060831451002995335,0.026528380186683118,0.031051474726370574,0.029961712947386074,0.02860332900777455,-1.1316038336057153,-1.4753387065261478,0.22045463737226323,0.0,45.28885784480784,22.04822521131259
Gemma 4 - 26B-A4B,Gemma 4 - 5B,mmlu,KDE,hc_values_per_expert_hat_1_new.parquet,16.33312,24.0,19.58104,26.0,0.0,0.0,0.017648911414845397,-0.011930109632647071,-0.06279902142272534,-0.0012660245631665595,-0.008785269763736937,-0.07215046459564595,0.05246065384018112,-0.007714809161198263,0.03394615746637631,-0.034811742425335725,-0.004215300471448809,-0.09674517888910164,0.09864570187203353,-0.04100703885594686,0.0798544166184619,-0.04538595230540379,0.04312708765938886,0.017113606703484163,0.07568358097963325,0.0401759686332515,0.05906411182479952,0.012411115941919638,-0.021307807777527388,0.10213281170933365,-0.025006525537384236,0.028570621516740304,-0.03020368888773746,0.07453904277817815,-0.02328014340676954,0.06762931896740895,0.030841761088599675,0.04725597333723541,0.0024083013312016116,0.10272545201487329,-0.030138154878583533,-0.016811064150059514,0.1221132941392403,-0.04337881444633726,0.060453864448592465,-0.035780136134766743,0.062114325938141896,-0.06031373233731075,0.07415874184282517,0.042083853744642054,0.10846602058237405,0.041552323778167824,-2.0603726347790454,-1.9423364303129038,0.17537983801019988,0.0,45.28885784480784,22.04822521131259
Gemma 4 - 26B-A4B,Gemma 4 - 5B,mmlu,KDE,hc_values_map_agg_standard_1_new.parquet,13.97808,10.0,14.87608,16.0,0.0,0.0,0.07559888970179139,0.11099311851832169,0.036674951914659984,0.048388692460632564,0.09410283313575099,0.02317466021904592,0.06984468506320304,0.036180285860809715,0.034746638274919514,0.005754204638588348,0.07481283265751199,0.0019283136397404699,0.016310418451237783,-0.0044581478533881145,0.022663748941868043,0.0022060458093051856,-0.020319700564652647,-0.018735011525499348,0.05336540035069684,0.020709855274815007,0.0912776032336329,0.05463196409657572,0.053986507374135684,0.017039147951938175,0.006186860629782709,0.05727564887248435,0.03823082086593589,0.03011237076576509,0.01699752940505686,0.06808151811671177,0.028176448010352954,-0.04162617108643502,-0.03204905238715909,0.1419881674873403,-0.021291327555116188,0.10542624102853812,-0.013125851125762762,0.01894737236817228,0.06296661019101629,0.05151505306126626,-0.0161084195402209,0.009582885960616206,0.14563570497844483,0.09815983389401514,0.008523621774626181,0.016655588598379657,-0.24709593606954616,-0.4010454558554638,0.39483431070195735,0.0,33.41890054135181,28.319465631313815
Gemma 4 - 26B-A4B,Gemma 4 - 5B,mmlu,KDE,hc_values_map_agg_hat_1_new.parquet,14.99488,14.0,16.63856,22.0,0.0,0.0,0.08726420114482789,0.11099311851832169,0.03475030368879445,0.053860000322343414,0.09410283313575099,0.021000020237853467,0.08636463101575918,0.036180285860809715,0.03568165117429509,0.0008995701290687025,0.07481283265751199,-0.0009313474855006387,0.030358639678544786,-0.007539593126286321,0.031690047152838866,-0.0007212263914835514,-0.007479740127901215,-0.018812294342319708,0.07306764914768622,0.02159897386597751,0.1096262571323561,0.05463196409657572,0.05338218922044176,0.04159787413750679,0.004478005780363772,0.06620373854565063,0.0371952530166289,0.04734400621898859,0.015407146093082063,0.08894542309179876,0.029547986899281776,-0.02853717307640873,-0.03186683299633143,0.16964970719355532,-0.021291327555116188,0.10653747519604698,0.012413288231240018,0.018356160680471172,0.0820209273176869,0.051964591450632515,0.005650382231973656,0.009201548883490432,0.15979158227615128,0.09939020947913674,0.012241835790812325,0.016310289913670038,-0.6374824223774097,-0.4325865946240355,0.3488709358191617,0.0,33.41890054135181,28.319465631313815
Gemma 4 - 26B-A4B,Gemma 4 - 5B,mmlu,JohnsonSU,hc_values_per_expert_standard_1_new.parquet,10.8548,3.0,13.37192,10.0,0.01344,0.0,-0.0506029463988348,-0.013089371662094331,-0.07856374530386306,-0.0628900558360792,-0.015090932928187622,-0.08879665018073916,0.041029180789237576,0.007226338859610426,0.03824846100776208,-0.09163212718807237,-0.020315710521704756,-0.11681220631162514,0.022689639482341407,-0.03964850606348016,0.01849213596252082,-0.042422849865767366,0.009572019096667755,0.01229185030106881,0.04089979878841607,0.033850632632727765,-0.008628550265108463,-0.023996034199001492,-0.038248266469666004,0.028250772110648626,-0.027590525355131595,-0.02873285375992423,-0.05062713866553298,0.02406625907852046,-0.025109510835571665,0.05830405738209134,0.045396293073185295,0.0035295255421800126,0.0010154955371734782,0.029145994730677312,-0.011692227775611953,-0.02063789926086161,0.010825272660637555,-0.04501410576678778,0.004913819694295361,-0.040347106389925294,-0.0080836407492823,-0.057148606205865406,0.046674544528855284,0.04416973071967133,0.03809944888543529,0.031758965672975994,-0.8159960396153416,-1.1692202957847373,0.3019745562980655,0.0,1121.5363081533092,25.494636716842532
Gemma 4 - 26B-A4B,Gemma 4 - 5B,mmlu,JohnsonSU,hc_values_per_expert_hat_1_new.parquet,14.94808,21.0,18.99144,25.0,0.01344,0.0,0.004237423479940473,-0.013089371662094331,-0.0716117631078983,-0.015873111689343463,-0.015090932928187622,-0.08269405261820971,0.057403509803523815,0.007226338859610426,0.03991444848504226,-0.05316608632358334,-0.020315710521704756,-0.11152621159294056,0.08772341734369811,-0.03158949938942401,0.07068891197632471,-0.0358875000902026,0.03932120916603223,0.015785745439449043,0.05872616839504957,0.03571467509925761,0.041368566866918755,-0.023996034199001492,-0.028152956596325034,0.09359075831452503,-0.014147880314218252,0.009640355288764078,-0.041568274210853205,0.0692372355291623,-0.013645502315704784,0.0761596426486195,0.04536292093898993,0.040848695888888835,0.0026602416826865434,0.0865077653084137,-0.011692227775611953,-0.010896863767002607,0.10456577234393068,-0.03231458868688964,0.04033507314399387,-0.03665234004171174,0.05154141007981307,-0.05192770160661885,0.08459968705047892,0.05547012918643022,0.09639956789708531,0.04564342807693743,-1.6731766406820616,-1.5228348908174492,0.22833585586090016,0.0,1121.5363081533092,25.494636716842532
Gemma 4 - 26B-A4B,Gemma 4 - 5B,mmlu,JohnsonSU,hc_values_map_agg_standard_1_new.parquet,12.32632,8.0,13.16888,8.0,0.01344,0.0,0.06878620930078826,0.11650084143885314,0.03770691408954075,0.04045904082381099,0.09658524381068914,0.02472784949164738,0.07382226281875605,0.04427032514828413,0.03313098112328788,-0.005036053517967792,0.07223051629056901,0.004575932966252874,0.010364722343005247,0.001998179045169434,0.01629928188151419,0.00791972802285555,-0.018392280762372464,-0.017360467773139182,0.05709744217570012,0.01855288446316153,0.08694253498421523,0.06904603253510225,0.05194931840018385,0.007828699445842219,0.007001477277644867,0.05066695568297787,0.037282037216216105,0.02061394982335578,0.017713008898382718,0.07564381609156531,0.025742083251479295,-0.03806108305380614,-0.03202052837942842,0.14706035581250412,0.005675586368638909,0.10371367823776556,-0.016456460150367294,0.01959932545813279,0.06437352265847038,0.05238072033540076,-0.01900814049918162,0.012196698455488266,0.1526026398079993,0.09299944966886237,0.008191853922314696,0.01238007087611128,-0.26359541779941204,-0.3501272157264556,0.33140838198464123,0.0,32.65236130464355,31.326455158301524
Gemma 4 - 26B-A4B,Gemma 4 - 5B,mmlu,JohnsonSU,hc_values_map_agg_hat_1_new.parquet,13.37872,9.0,15.01528,15.0,0.01344,0.0,0.07915294751461216,0.11650084143885314,0.035208667311608224,0.045414451356265796,0.09658524381068914,0.02204408202002999,0.08823509486217143,0.04427032514828413,0.03394468268297924,-0.009082147347559272,0.07223051629056901,0.001263984628628985,0.023751427545908893,-0.0017171648442538786,0.02489929531441275,0.004483086699442485,-0.006141594743842958,-0.01772488506312541,0.0755240190917946,0.019184891356781638,0.103153321930264,0.06904603253510225,0.05097085694130049,0.0298425727073714,0.004832522197031129,0.058432986495619885,0.03591912353150341,0.035159839687787374,0.015758282357133564,0.09441499242740109,0.027091577620398724,-0.02380758103893941,-0.03196803596299847,0.16800855607502357,0.005675586368638909,0.10433563717215327,-0.0008787923954127666,0.01822336561654701,0.07989796153444736,0.052577825627765945,-0.0021652931411648047,0.011447250436735279,0.16103046428117368,0.09380224621001278,0.0028759761969937357,0.011284486531994717,-0.639401834692717,-0.36795610836388476,0.29383214723418977,0.0,32.65236130464355,31.326455158301524
Gemma 4 - 26B-A4B,Gemma 4 - 5B,pg19,GMM,hc_values_per_expert_standard_1_new.parquet,6.023600782778865,2.0,8.016947162426614,2.0,0.4329941291585127,0.0,-0.13604782313597266,-0.016776293737860118,-0.15503526400323145,-0.14784970252657853,-0.02076091296763777,-0.16397737815192293,0.05509387822633553,0.01220286252081048,0.053144665040697106,-0.19114170136230818,-0.028979156258670598,-0.20817992904392857,-0.12108469845972883,-0.14196174120718147,-0.13048369171520705,-0.1485792861601017,0.04641618458334262,0.045026406356576586,0.05259623377996836,0.05107012124576215,-0.07178887921117227,-0.002759283734345836,-0.10280669129357922,-0.063398420284034,-0.09696329292361885,-0.08206248612966191,-0.10888478977135099,-0.06941840634190413,-0.09895255901975375,0.04620701891368791,0.04861101862182389,0.0345312762610341,0.03813938097820213,-0.06928826666642215,-0.014549947484806897,-0.08475224308194267,-0.04141999985889105,-0.062436971296161964,-0.07589179425697866,-0.0847732291044746,-0.048549378920132336,-0.06140405605190343,0.02131929065334767,0.013327677755237917,0.017742097308877807,0.008135876699434925,1.3554060060957525,1.0038006173120901,1.1341964215027893,0.13181901549293035,2.2504892367906066e+297,681.3340481747708
Gemma 4 - 26B-A4B,Gemma 4 - 5B,pg19,GMM,hc_values_per_expert_hat_1_new.parquet,7.467221135029354,2.0,10.680802348336595,4.0,0.4329941291585127,0.0,-0.07400998171897585,-0.016776293737860118,-0.16680683593295315,-0.08699052600919652,-0.02076091296763777,-0.1741196732534917,0.044000864070039954,0.01220286252081048,0.052243492686778366,-0.1180108457890158,-0.028979156258670598,-0.2190503286197315,-0.058680386676187114,-0.1542133427165092,-0.06971802604381377,-0.15907003938584563,0.036326678537161296,0.043936491445452065,0.04169705751803455,0.05004697003030926,-0.017472717172850327,-0.002759283734345836,-0.09957813379981029,-0.007429360642363763,-0.09350869641419693,-0.030387388242192802,-0.10387433598937429,-0.017154410702651637,-0.09366207069202027,0.0324266511928011,0.04384862244095834,0.02238312459558642,0.033192326284030814,-0.027355707538847106,-0.014549947484806897,-0.08311902379644695,0.0009941157910537779,-0.06085634778791722,-0.04684658248406346,-0.08478834604841196,-0.02030213649512432,-0.06181320593247356,0.03513676779766185,0.015680094336873604,0.033486489368115,0.011031880020889319,0.4949689788227268,0.9901690869430196,0.7072073425992772,0.131166402877555,2.2504892367906066e+297,681.3340481747708
Gemma 4 - 26B-A4B,Gemma 4 - 5B,pg19,GMM,hc_values_map_agg_standard_1_new.parquet,4.9260469667318985,4.0,5.111115459882583,3.0,0.4329941291585127,0.0,0.09331165171768524,-0.005006123359669589,0.0887306580503744,0.053052271768903266,-0.00567656736612631,0.05508091251770719,0.06562161403911368,0.002532353210687322,0.05249161424727722,0.02769003767857156,-0.007538476570356911,0.036239043803097185,0.03377608621507693,0.02386683024414935,0.028288002021982343,0.031862453115214476,0.004152222609187856,-0.022492808752246966,0.03804722266760563,0.025330725772227954,0.07676027361316537,0.007272602010377355,0.07441537713841304,0.000710857685861162,6.947368098820631e-06,0.005110798488397543,0.011331327844655601,-0.003888284267671787,0.011806003694208377,0.11865494551547504,0.10206141869921725,0.009169371785573978,-0.02418480240022226,0.14321800784544217,-0.012824235735266814,0.13821897178335077,0.054035365325536426,0.04238099980124858,0.016170040945073374,0.023060730954215642,0.028558405227786174,0.03982571255755902,0.17859676079761785,0.1605645971082979,0.03166986186781166,-0.003190115873694676,2.84016789856463,2.510015422942706,2.14221442265231,1.6676506753542364,474371.07660733396,1678.3430968707944
Gemma 4 - 26B-A4B,Gemma 4 - 5B,pg19,GMM,hc_values_map_agg_hat_1_new.parquet,6.202407045009784,4.0,6.473424657534246,4.0,0.4329941291585127,0.0,0.07712240220019762,-0.005006123359669589,0.07868826452688922,0.030481786981145023,-0.00567656736612631,0.04321133456635096,0.08282102015886983,0.002532353210687322,0.05860292203966057,-0.005698617958672214,-0.007538476570356911,0.020085342487228652,0.014575098966052332,0.0013649298137067647,-0.00857175725416195,0.004811889787148242,0.04628836498106596,-0.0076886605669911545,0.059040401088248116,0.029917241466177497,0.07646484220592098,0.007272602010377355,0.08161125932894805,0.019606155027820225,0.016986480979339087,-0.0008246060473596167,0.014178015333768586,-0.010150777248715789,0.018623652227499222,0.1302296708177958,0.1083695434985554,0.0539093320719335,-0.009487522213275219,0.11394052325395986,-0.012824235735266814,0.14051035538655265,0.020980213797148036,0.04743333605978157,0.00374254040124086,0.023458918500326675,-0.002187271059810477,0.04191182058350655,0.15652302377283056,0.16320128011922622,0.03364898077828781,0.0007105350130702933,1.3969015458752079,1.5018990976048798,1.1825056502319204,1.1544683980779216,474371.07660733396,1678.3430968707944
Gemma 4 - 26B-A4B,Gemma 4 - 5B,pg19,GLM,hc_values_per_expert_standard_1_new.parquet,10.115362035225049,2.0,12.993679060665363,5.0,0.0,0.0,-0.15722518264170326,-0.09666506846555664,-0.10227318110573605,-0.1812741767648638,-0.11383023114991019,-0.10892095397767682,0.08593256166163782,0.057921493920250144,0.03665982228845378,-0.24315774430334108,-0.15458656238580679,-0.13893300339418985,-0.05774499603019747,-0.05135010225226963,-0.06655093929588739,-0.04956100614643887,0.03068893514777898,0.006966276437252523,0.041163945626456463,0.02382973235446217,-0.09069954896741987,-0.06323075892501588,-0.07240515033730295,-0.03779004227855207,-0.04819380298613468,-0.11787494165789136,-0.07221007677202546,-0.043359621304317496,-0.0381530882378818,0.08724966829678982,0.025133150356373715,0.024400600640937433,-0.003661175673845542,-0.04185371836509896,-0.046151172472920776,-0.05607482828149628,-0.03157620415619475,-0.05067708703416058,-0.09974172611226532,-0.047694731320453654,-0.058514975846905515,-0.028600235813793822,0.09817712254687844,-0.004466042491454126,0.04748295028906089,-0.027215072253279966,-1.6177261139966923,-1.5671711634222514,0.05063363256908334,0.0,33.198818560436784,19.82565100422182
Gemma 4 - 26B-A4B,Gemma 4 - 5B,pg19,GLM,hc_values_per_expert_hat_1_new.parquet,15.342250489236791,25.0,18.991702544031313,26.0,0.0,0.0,-0.1403891630748487,-0.09666506846555664,-0.10611147622414632,-0.17645810107265256,-0.11383023114991019,-0.11266034765274996,0.10794370108707546,0.057921493920250144,0.037290595158321733,-0.24833286416192416,-0.15458656238580679,-0.14340207138246805,-0.03849843401959418,-0.05405220771152191,-0.06713101928445679,-0.051893004904300453,0.06854937534869045,0.00674981856054746,0.07601146775400659,0.02412985340027999,-0.07399691265258186,-0.06323075892501588,-0.0736988543504985,-0.01522290389765584,-0.04935795249670528,-0.11882257011669714,-0.0731387158865529,-0.049667199101109914,-0.03883340023656607,0.11725740135742871,0.024846839764987496,0.07515502266387503,-0.004239136506942345,-0.005683375480889014,-0.046151172472920776,-0.05683889797831408,0.02376139460263467,-0.05142267150364679,-0.0882490218553427,-0.04791845913918191,-0.04136669760538963,-0.02861899493443054,0.1315574399528649,-0.005201317400180809,0.0995001356649886,-0.02825207703516602,-2.581940310890386,-2.174566639314431,0.044707100917019744,0.0,33.198818560436784,19.82565100422182
Gemma 4 - 26B-A4B,Gemma 4 - 5B,pg19,GLM,hc_values_map_agg_standard_1_new.parquet,9.82412915851272,5.0,11.127514677103719,5.0,0.0,0.0,0.031209986687822384,-0.010840604057962139,0.003011939744551863,-0.003006190915581016,-0.03395952211154933,-0.001892988753230269,0.06632541007495202,0.05182063690546253,0.009828658220089362,-0.035115423387129634,-0.06266124096342467,-0.006816718475537499,-0.097025348183447,-0.04254936815752396,-0.08968782640352094,-0.027016269485407057,0.006258627608090319,-0.023628013084126587,0.02904624420361027,-0.011051680827532781,0.05036702313077558,0.02852731381416601,0.04021309736869145,-0.055919395298936095,-0.0006914003636266528,-0.01283704601924137,0.023729659743130002,-0.04349731812535991,0.020936065066259817,0.11078490922051525,0.01934490949543577,-0.005196833693584975,-0.04412295339630955,0.10208640991265958,0.012227434907790566,0.03844048159587125,-0.05971085658493062,-0.03311755955142312,-0.009200284024974303,-0.003704923481369571,-0.05147248747887811,-0.013362452616571513,0.16010545373235602,0.0606681837068024,-0.0027707717005451154,-0.02598705017425576,-0.9349786471136811,-1.0727040729373678,0.14315202763875892,0.0,31.38604657996064,28.439633557422102
Gemma 4 - 26B-A4B,Gemma 4 - 5B,pg19,GLM,hc_values_map_agg_hat_1_new.parquet,11.783502935420744,6.0,14.330450097847358,11.0,0.0,0.0,0.045612386108506514,-0.010840604057962139,0.004489442900905184,-0.0019774076401816035,-0.03395952211154933,-0.0005344712242879453,0.09176552954800737,0.05182063690546253,0.009758893238842655,-0.04615314343950086,-0.06266124096342467,-0.005269450337937471,-0.0850338710576955,-0.04212448962649732,-0.10134975705025168,-0.026191761916418067,0.05419579910658488,-0.024580014573797215,0.06509859344325057,-0.011629290209722186,0.05525125235528,0.02852731381416601,0.04169795873054323,-0.055539172026935785,0.00023260415938857354,-0.025925944478884088,0.02468346457530209,-0.07580883549924543,0.02199769306742898,0.14561642298221028,0.019901411619538036,0.06173998664240674,-0.04474058906485236,0.11790058951054089,0.012227434907790566,0.03915041165717079,-0.03980958148596645,-0.0337146577576646,-0.009781997492545628,-0.003453548714869633,-0.06024645428096785,-0.013288250296704947,0.1835724503144148,0.06128251809676983,0.03990096363689705,-0.026962957868688377,-1.6626908494247528,-1.376440956411026,0.12986363410067228,0.0,31.38604657996064,28.439633557422102
Gemma 4 - 26B-A4B,Gemma 4 - 5B,pg19,StudentT,hc_values_per_expert_standard_1_new.parquet,8.000195694716243,2.0,11.100019569471625,3.0,0.018962818003913893,0.0,-0.11949024982464992,-0.0026277390269208063,-0.1506705474164868,-0.14132435960611894,-0.0035245998590945895,-0.15827756612233457,0.07291522740634127,0.0024946480259178923,0.04933165004903356,-0.1924054772309912,-0.005122387052838699,-0.20000219746552036,-0.029399644062490887,-0.09942111591021363,-0.034677261456706646,-0.09391219827800927,0.017414669396819637,0.009347232878422856,0.05325173294574433,0.038905408160876814,-0.06390098940856125,-0.005228762037924859,-0.10699836062907021,-0.008196135031004512,-0.08178318238869998,-0.09130170234710208,-0.11089030450401988,-0.01420644292987713,-0.06922820257057175,0.07825881304358888,0.04564279834317553,0.01505466031658243,0.002943518408278291,-0.03526260740014038,-0.01698412122042025,-0.07784491344537658,-0.008715892109455285,-0.06829090527905947,-0.09027351354173405,-0.07914052743946814,-0.024816742012091456,-0.04219371479323706,0.09259000784554576,0.014261363586308834,0.026804423336245217,-0.030961817077428844,-0.3355172235917431,-0.4445260952452199,0.23939355098327644,0.0,113106.86257815115,47.83813551726273
Gemma 4 - 26B-A4B,Gemma 4 - 5B,pg19,StudentT,hc_values_per_expert_hat_1_new.parquet,10.351780821917808,3.0,15.372994129158513,23.0,0.018962818003913893,0.0,-0.08750574020612359,-0.0026277390269208063,-0.15297179914229891,-0.11517643852087744,-0.0035245998590945895,-0.16029069240410207,0.07837852964355035,0.0024946480259178923,0.0492204600387488,-0.16588426984967394,-0.005122387052838699,-0.20219225918104772,0.010787917929320021,-0.10193991446939289,-0.0050611038587351324,-0.09598370738427066,0.03133724592072579,0.008931289445708538,0.06053449530589282,0.038494506081755524,-0.034853729156316765,-0.005228762037924859,-0.10459006168355849,0.030283726039136278,-0.07906813534932035,-0.06924047075369913,-0.10886038863756582,0.011580396858367271,-0.06706529215170635,0.08222497528439955,0.04556319177977221,0.02744904292990357,0.003120613591048039,-0.0032736193020695293,-0.01698412122042025,-0.07565029484471945,0.03813972802225216,-0.06586414752473617,-0.07045797523188002,-0.07709293550995575,0.0011709938366397804,-0.04010468427851548,0.10683746741079755,0.014149789807678668,0.052736300366520876,-0.030794862485159943,-0.8585694533501309,-0.50757791398372,0.19932421510175619,0.0,113106.86257815115,47.83813551726273
Gemma 4 - 26B-A4B,Gemma 4 - 5B,pg19,StudentT,hc_values_map_agg_standard_1_new.parquet,8.750450097847358,5.0,9.651037181996086,5.0,0.018962818003913893,0.0,0.052450262282126923,-0.010940124608668807,0.027381405109591653,0.01588083842285303,-0.034007807001463615,0.011714461562756146,0.06669702383175727,0.05173290408017995,0.027496458695981513,-0.014246761549630345,-0.06267302868884876,-0.00011505358638986066,-0.07495226166882758,-0.04974231311686495,-0.06811770423644413,-0.031766682895798884,0.0023510101081016823,-0.027218065420449276,0.029345416730389158,-0.001673572967590172,0.06477098434946782,0.027915806746417294,0.05286726049675073,-0.03997080616524703,-0.012081587395779568,-0.0029522882157877036,0.01825201392989515,-0.029418295565167642,0.01391870337346967,0.11489724495936468,0.0517594877134963,-0.007142312372756895,-0.04896278108241332,0.11949911076457645,0.011708484809887936,0.07237230818050522,-0.03854711662687019,-0.034678512621686725,0.0013331081457465992,0.003036282177488239,-0.0364353922806384,-0.01251069001398427,0.16826103923414093,0.09837661169213832,0.0033897849783901773,-0.02958823327151906,0.33939107492944515,0.12684021362086428,0.5691714103060957,0.0,69.39684820751822,61.76755430562109
Gemma 4 - 26B-A4B,Gemma 4 - 5B,pg19,StudentT,hc_values_map_agg_hat_1_new.parquet,9.495166340508806,5.0,10.926888454011742,5.0,0.018962818003913893,0.0,0.05956666291110928,-0.010940124608668807,0.026118866344128848,0.01231690374405136,-0.034007807001463615,0.01074908694935063,0.0879761868927132,0.05173290408017995,0.027138001723597455,-0.02840952398160393,-0.06267302868884876,-0.0010191353794686067,-0.0587142208080074,-0.05243857387494746,-0.07411286988230827,-0.03362944963036856,0.046278397794137796,-0.028391774417122928,0.05770007736953309,-0.0027989494523327388,0.06723273917674313,0.027915806746417294,0.05317462620490448,-0.03124810851410473,-0.012165022596185713,-0.01376551779237065,0.018808428284331637,-0.05071492612566738,0.014667916363587321,0.1410278509083811,0.051144597036132014,0.05128621093586599,-0.05064095658565718,0.12001420693809142,0.011708484809887936,0.07087710113678862,-0.03108212215070039,-0.03826003044170659,-0.0044867148163971315,0.002413130614490903,-0.046412413071927804,-0.013594985668063298,0.17820569400915698,0.09723106490590969,0.03016183433219259,-0.032978628759055835,-0.0354881349490241,0.12243242928051679,0.4629567351966621,0.0,69.39684820751822,61.76755430562109
Gemma 4 - 26B-A4B,Gemma 4 - 5B,pg19,StudentTSkewed,hc_values_per_expert_standard_1_new.parquet,8.09142857142857,2.0,11.434227005870842,3.0,0.05868884540117417,0.0,-0.13930314712555247,0.006587838512639252,-0.1477704711039967,-0.1608553332853373,0.010219167097654877,-0.15644215022943012,0.07666008553339612,-0.009211548889690047,0.050972118533557716,-0.2159632326589486,0.0157993874023293,-0.1987425896375544,-0.14020687370781051,-0.14821941824219098,-0.1623464037092087,-0.15708338060228402,0.07811025770715635,0.05147931102778077,0.07813403010732393,0.05183413321449722,-0.08460924314454359,-0.003216334948098456,-0.10639524194144064,-0.08406066608062995,-0.10660159954020326,-0.1085361437871106,-0.11104581690708415,-0.10857465861544252,-0.11130709793779878,0.07849546907656356,0.04697304123143502,0.07949012634695153,0.04715356112467981,-0.04769076178849366,-0.009632047473859238,-0.0727797909202303,-0.0452905628327401,-0.07177306971408558,-0.09552852562340747,-0.08386323779264505,-0.08975780959875228,-0.07669535939007667,0.08318752057898049,0.028956767273808776,0.0774410762706565,0.0189975369281104,-0.2859070381686617,-0.37652678029263165,0.29543925555705874,0.0,3.013698630136986e+297,54.08227598206053
Gemma 4 - 26B-A4B,Gemma 4 - 5B,pg19,StudentTSkewed,hc_values_per_expert_hat_1_new.parquet,10.635890410958904,2.0,15.468454011741683,24.0,0.05868884540117417,0.0,-0.11081579704226313,0.006587838512639252,-0.15520396690390437,-0.13961330401933922,0.010219167097654877,-0.1637229467398138,0.08590350317735772,-0.009211548889690047,0.052276777067648515,-0.19671930021962086,0.0157993874023293,-0.2074807439715529,-0.11043485924029373,-0.15543498797425095,-0.13966943250408867,-0.1641056117983083,0.0867497172369459,0.052649196364586516,0.08678685291109862,0.05293347687712586,-0.05683779926268212,-0.003216334948098456,-0.10833267274256485,-0.05559758256862539,-0.10804578627260564,-0.0912262723829011,-0.11238238170781548,-0.09037746900858996,-0.11210632203114564,0.0899800296446078,0.04643413580764619,0.09033233133691675,0.046351098384750516,-0.0186885278957525,-0.009632047473859238,-0.07118912262808604,-0.0165902560921685,-0.0695622440127117,-0.07871240798117796,-0.08251581148938844,-0.0744237172765311,-0.07625978585164872,0.09792353604648296,0.029092198266078326,0.09411097483857031,0.02146159241671469,-0.8661995229825937,-0.41333338442292367,0.2323846800987439,0.0,3.013698630136986e+297,54.08227598206053
Gemma 4 - 26B-A4B,Gemma 4 - 5B,pg19,StudentTSkewed,hc_values_map_agg_standard_1_new.parquet,9.217455968688846,5.0,10.07050880626223,5.0,0.05868884540117417,0.0,0.05038356208215087,-0.009517957801368167,0.023845217548046062,0.014777311009031414,-0.033381017200442,0.009311183002555542,0.06509071775383207,0.05312180222213763,0.025849624186693808,-0.014707155671681203,-0.0626397600235058,-0.002004406638647746,-0.07554287692597407,-0.051608852351158536,-0.06755710146172055,-0.03334061425587546,2.5005599540800034e-05,-0.027418084822643993,0.02745437577856712,-0.0032422431474822093,0.06438286029476359,0.02819353307164084,0.051611465066423785,-0.03848542886755358,-0.011770175597526317,-0.0020504573158326607,0.018822294484439374,-0.026638704635244634,0.014474830694303513,0.11241059091091773,0.04848841160183584,-0.010334700482781302,-0.04957949910864109,0.11784538038045164,0.0142504565490075,0.06899271413993677,-0.03988427397921121,-0.03654546975434332,0.0009674051280188214,0.00198661345055584,-0.03682987152130962,-0.013812548976268716,0.16648205414315276,0.09521947361078817,0.0021130801190704348,-0.030164548339386418,0.304753130175214,0.07150980546141728,0.5681652309205288,0.0,63.29550307217816,57.496577340954936
Gemma 4 - 26B-A4B,Gemma 4 - 5B,pg19,StudentTSkewed,hc_values_map_agg_hat_1_new.parquet,9.966340508806262,5.0,11.358630136986301,6.0,0.05868884540117417,0.0,0.05874983627012337,-0.009517957801368167,0.02279939299661824,0.0120122041295029,-0.033381017200442,0.008394066005338617,0.08706020586027174,0.05312180222213763,0.025803869726809137,-0.028310369590148377,-0.0626397600235058,-0.0030044767301908963,-0.0625265740854972,-0.054456902047789864,-0.07642117166242192,-0.035389000249903255,0.04392613168273158,-0.028484760075099237,0.05605096626816218,-0.0040891791867494216,0.06713601173866061,0.02819353307164084,0.05169459929980928,-0.0333310941969379,-0.012476624169317163,-0.01329833662058979,0.018893907773204252,-0.05079765055168505,0.014571575980757973,0.1399150814990026,0.048482529916773626,0.04794294322882364,-0.0509710950135945,0.12026638131749748,0.0142504565490075,0.06772428990344634,-0.03431127203138999,-0.040245433546717356,-0.004145682087493634,0.001227824265079427,-0.04796359295814935,-0.015148177445009183,0.17802551267981068,0.09461190882725265,0.028033953978904815,-0.033319606130621474,-0.06563777861959964,0.0706286545879562,0.46562050220637996,0.0,63.29550307217816,57.496577340954936
Gemma 4 - 26B-A4B,Gemma 4 - 5B,pg19,KDE,hc_values_per_expert_standard_1_new.parquet,10.47009784735812,3.0,12.664833659491194,6.0,0.0,0.0,-0.12243587975569906,-0.033222580185662806,-0.12112014095165749,-0.13021572041243828,-0.0313455571957955,-0.1277599188015715,0.043505381314755245,0.0032762469830146077,0.04077853289045158,-0.16594126107045432,-0.03649882716867742,-0.16189867384210907,-0.03863517726771059,-0.061193324899066655,-0.03137505996943023,-0.05930515227035324,-0.007124086258987881,0.009117358514772569,0.03203507462935259,0.03208694611711116,-0.051812419045827354,-0.00789936342926048,-0.0815397167546896,-0.029746722664793893,-0.06984554612738852,-0.057479782921216124,-0.08398052551651289,-0.013470217721036034,-0.06079382813940308,0.029795204416683742,0.03371482546837591,-0.022646955851530204,0.00611038742374173,-0.0542437416399696,-0.041310722559801255,-0.05673306228115789,-0.046427505104860725,-0.04618005656336569,-0.06889069529969329,-0.06259183589756727,-0.04363092861217749,-0.04071638761647835,0.031688652086213236,0.01817122192655338,0.0027967111910252272,-0.0014595061450189295,-1.0922503428408359,-1.3080174197385288,0.2366416428036284,0.0,42.65563339310859,25.143404347787595
Gemma 4 - 26B-A4B,Gemma 4 - 5B,pg19,KDE,hc_values_per_expert_hat_1_new.parquet,14.301956947162427,17.0,18.079334637964774,25.0,0.0,0.0,-0.0913996612262532,-0.033222580185662806,-0.1290877957058007,-0.10425767087446058,-0.0313455571957955,-0.13507310161581831,0.04755483397913019,0.0032762469830146077,0.041127325025216724,-0.1389544952053834,-0.03649882716867742,-0.1702151207310174,0.009658812611732787,-0.06980466268247582,0.006377809380510154,-0.06673720315454099,0.004892818961482283,0.008461149148282332,0.03740962766454568,0.032288172270100536,-0.026120449639100544,-0.00789936342926048,-0.08562801858579455,0.012714335798505755,-0.07487184070466507,-0.04187003862058104,-0.08729567316865683,0.009490043712578595,-0.06478284002241305,0.04124146761800537,0.03358391317433687,0.0020924068456079402,0.005765694425986428,-0.027332666100757904,-0.041310722559801255,-0.05781769709366188,-0.0022025523073632225,-0.04751454233977268,-0.05796036124436134,-0.06261171926286707,-0.02598649606588762,-0.04112484858838456,0.05275795306484712,0.016656316779059047,0.03795441736898876,-0.0027164168465354617,-2.0656459573719084,-1.851010412102214,0.18904584185954626,0.0,42.65563339310859,25.143404347787595
Gemma 4 - 26B-A4B,Gemma 4 - 5B,pg19,KDE,hc_values_map_agg_standard_1_new.parquet,10.159178082191781,5.0,11.044109589041096,5.0,0.0,0.0,0.03420033645050276,-0.01658461300317951,0.00724113020813488,0.001565386696730196,-0.032443367173942375,0.0012318947005212212,0.062287613540649614,0.03755463900547093,0.011262251233041918,-0.028087277090146856,-0.05413925200865044,-0.004021121024907038,-0.0854370468506317,-0.043710599554777164,-0.07587840212118344,-0.0264681357122175,-0.0011208898297374386,-0.02702856516164666,0.028516114346599966,-0.011868180831152963,0.05506400872806415,0.027851557989263708,0.04433471472354633,-0.044341664737663385,-0.0010480287213489672,-0.006379571018598103,0.025626427389274786,-0.02987904797140392,0.02294640382121936,0.10554828589641965,0.0224165279079137,-0.013579307602421584,-0.04885818565471996,0.10413409792299595,0.002729840222269672,0.0423994059865817,-0.048925324962889545,-0.036655539704715336,-0.005811006504254793,-0.0038165015774606,-0.04170708965974971,-0.014578598794373098,0.15766108829638675,0.06648903200388467,-0.003026113287764231,-0.02910590195962993,-0.6528454618635068,-0.870175589197826,0.23936775798485546,0.0,35.39953317217993,30.25654370646338
Gemma 4 - 26B-A4B,Gemma 4 - 5B,pg19,KDE,hc_values_map_agg_hat_1_new.parquet,11.447729941291586,6.0,13.243346379647749,8.0,0.0,0.0,0.05131828423590251,-0.01658461300317951,0.008616407484950234,0.0050761143735673425,-0.032443367173942375,0.0024397182999205654,0.08763141028549759,0.03755463900547093,0.011318571884596344,-0.03631312604959508,-0.05413925200865044,-0.0027021643996461096,-0.07562571044065287,-0.04358740478022672,-0.08803203664664953,-0.025889833944860424,0.04370015153657781,-0.02803118979978267,0.062243885046624814,-0.012343277176486173,0.06138824420599262,0.027851557989263708,0.04560667512744026,-0.046834565236566136,-0.0004784301835267817,-0.018652163227821667,0.026377096127192523,-0.0625360634853794,0.023822306271302784,0.14114053555033781,0.023028238678102067,0.04922522758522223,-0.0496935541978954,0.11912332408726761,0.002729840222269672,0.04278535331854086,-0.03882787065838885,-0.037931994982314324,-0.006496195504574944,-0.003737699466738088,-0.053456814753092906,-0.014751155508287714,0.18011569988802312,0.06691457013213883,0.03037599863440604,-0.03065902350870786,-1.2493191657828944,-1.0408073188863287,0.2117037614615749,0.0,35.39953317217993,30.25654370646338
Gemma 4 - 26B-A4B,Gemma 4 - 5B,pg19,JohnsonSU,hc_values_per_expert_standard_1_new.parquet,9.760978473581213,2.0,12.5453228962818,5.0,0.01385518590998043,0.0,-0.1274238329733532,0.0034464979171607937,-0.12442495062374824,-0.1410794013652206,0.006146535915599697,-0.13156111337111961,0.05716568559053916,-0.0065305643358506945,0.042565306870784345,-0.18458951856389236,0.009977062253011489,-0.16699025749453258,-0.1264512088416128,-0.12327445501628088,-0.14032566560710102,-0.13048056263995503,0.0574115996142639,0.04245580195699382,0.05798422185176966,0.043097087211089014,-0.05975217048950284,-0.002712942367390756,-0.0826230881330847,-0.05895678584512622,-0.08221068421439344,-0.07447484176987629,-0.08696521749095398,-0.07397250654764702,-0.08666717550242306,0.05101139391209693,0.03796371865907973,0.051325042140379015,0.03804962515917775,-0.05477616168891989,-0.004829991958025432,-0.05933635026236576,-0.0545598589828321,-0.05941181995392533,-0.0810589953364021,-0.06800351198337777,-0.07875445178976556,-0.06521778375784748,0.05018676568698793,0.02302405199915488,0.046836808102426165,0.018493476242851536,-0.7821699582363868,-0.9311109969813843,0.25726857010244336,0.0,8.806262230919764e+296,30.68311334151882
Gemma 4 - 26B-A4B,Gemma 4 - 5B,pg19,JohnsonSU,hc_values_per_expert_hat_1_new.parquet,12.868473581213307,7.0,17.30880626223092,25.0,0.01385518590998043,0.0,-0.09719291812722242,0.0034464979171607937,-0.1326258330531202,-0.11643976160625795,0.006146535915599697,-0.1390660614419128,0.06248917612167573,-0.0065305643358506945,0.042876607999691896,-0.15968209424889815,0.009977062253011489,-0.1755024410528121,-0.09572238382644553,-0.13155427835062786,-0.11515816616892144,-0.13804834697799415,0.06256119171235991,0.04274990382759025,0.06298123661470524,0.04334315034179831,-0.03471395071193231,-0.002712942367390756,-0.08619700896150527,-0.033714380160112425,-0.08573326341297172,-0.05824746726057396,-0.08940291584318075,-0.057488682281484044,-0.08901669933734013,0.060102440039630486,0.03691302981672436,0.060237337608822064,0.036905983001302003,-0.02664237776632651,-0.004829991958025432,-0.05802286961093753,-0.026117385960046723,-0.057821573266904694,-0.06658862255887381,-0.06713554287885849,-0.06472886766062624,-0.06468505054092373,0.0673969314194876,0.023523069165874443,0.06519964328103144,0.01991812536874684,-1.581674607769131,-1.1802560471547987,0.20560046334716653,0.0,8.806262230919764e+296,30.68311334151882
Gemma 4 - 26B-A4B,Gemma 4 - 5B,pg19,JohnsonSU,hc_values_map_agg_standard_1_new.parquet,8.645009784735812,4.0,9.815968688845402,4.0,0.01385518590998043,0.0,0.04172587756250803,-0.010949239989741335,0.012132742272161184,0.005434416311636407,-0.034007220511956246,0.004236986041386613,0.06845595440230763,0.051714156106116495,0.014223311344151779,-0.026730076839799603,-0.06266339609585783,-0.0020905690719905945,-0.08871853128482175,-0.040656461774303466,-0.08301398012337977,-0.02496178009732053,0.007878534898512802,-0.024399487066278827,0.030875921582578715,-0.008380197340368276,0.056903371425038256,0.02824176788239407,0.04447059847374916,-0.05116226460973032,-0.0021670238681675874,-0.0095616941035496,0.023293699927488497,-0.04090075316574986,0.020341899145395987,0.11511241036524589,0.027389268125601315,-0.0024888029957640533,-0.045395693752116745,0.11047781343825805,0.01184995947050349,0.04875769150911813,-0.05169643350635357,-0.03090824550713212,-0.004715751024646321,-0.0006771904813368665,-0.0462095019317326,-0.011413606752948863,0.16497205230935377,0.07058590710864777,0.00025610211753268516,-0.025954585087503014,-0.6222626580217404,-0.7363376231887221,0.19620309349065698,0.0,40.220404378507155,36.12000794921128
Gemma 4 - 26B-A4B,Gemma 4 - 5B,pg19,JohnsonSU,hc_values_map_agg_hat_1_new.parquet,9.974168297455968,5.0,12.355146771037182,6.0,0.01385518590998043,0.0,0.053196661925374505,-0.010949239989741335,0.013665197743353123,0.004369032263980563,-0.034007220511956246,0.005641162082969367,0.09274843979955646,0.051714156106116495,0.014161363114317281,-0.03955177787418196,-0.06266339609585783,-0.0004961653709641585,-0.07191742745211384,-0.040276760081947055,-0.09079567456814729,-0.024124868912488242,0.056713633727489283,-0.025464532308564564,0.06587570514208042,-0.009031569981272214,0.06056570710294461,0.02824176788239407,0.0461872848748027,-0.045234364656833635,-0.0009854693412408072,-0.022280038550886387,0.02451506396622774,-0.06892031318126778,0.021765198788033284,0.14713604693287738,0.02779135325175479,0.06501088943923025,-0.04632043113272486,0.1198982024817219,0.01184995947050349,0.049493480831341044,-0.03322733781784074,-0.03169309963783901,-0.007958119671916786,-0.0003638119986369157,-0.05471108505523497,-0.011292591232988305,0.18353404741446816,0.07113898400776036,0.04043597085051117,-0.02727518126881281,-1.2040788621689686,-0.8991783935693257,0.17406970580291958,0.0,40.220404378507155,36.12000794921128
Gemma 4 - 26B-A4B,Gemma 4 - 5B,competition_math,GMM,hc_values_per_expert_standard_1_new.parquet,7.13708444784104,2.0,9.5963531715705,3.0,0.4046498853649217,0.0,0.002984479528713696,-0.003855253071905611,-0.027078653068264465,-0.038405813167233356,-0.004634712010628546,-0.06826289918090353,0.07217650509371375,0.002419522437867203,0.07996255004645922,-0.06919202556500005,-0.006274775509772814,-0.10704120311472368,-0.04478829880799603,-0.07125376485706944,-0.046438862892181715,-0.07938731340006955,0.015208666288906908,0.033947356856331434,0.0682557604953124,0.0767966980366222,0.03701653637435767,0.0018653359822991696,-0.01319654431184325,-0.040829101091697836,-0.08644665094840981,-0.022433290144501357,-0.06668410796087415,-0.02723542055593222,-0.08018410456645736,0.08265337437016074,0.0940689039641652,-0.005012134522444599,0.026909282872400075,0.15553602886614498,0.021768756302408408,0.12519003836960693,-0.025748481865530543,-0.03381849898859521,0.08498702632597219,0.02120084569424713,0.09098888847776758,-0.008433210662826448,0.03835005465748496,0.09083367227903247,-0.1407621301190382,-0.020621230844979434,0.9272525557957121,0.9910203269954162,0.9348232382151074,0.0,1.671761559037065e+296,472.35551488252156
Gemma 4 - 26B-A4B,Gemma 4 - 5B,competition_math,GMM,hc_values_per_expert_hat_1_new.parquet,9.065294230034391,3.0,12.761069449751623,7.0,0.4046498853649217,0.0,0.013020333300276804,-0.003855253071905611,-0.02372933542649958,-0.026926504396629282,-0.004634712010628546,-0.06789970458696976,0.06691071691370828,0.002419522437867203,0.08432020886935454,-0.05389038361343148,-0.006274775509772814,-0.10804954429585412,-0.018611579935714256,-0.06819843777764961,-0.028065651960059716,-0.07946592756433049,0.0218448459062107,0.03865818571161797,0.06287953877853208,0.08115195779469755,0.062009969347967944,0.0018653359822991696,-0.001281403491896039,0.012504058145490137,-0.07345943971412504,-0.0002359247814015189,-0.0607684493789729,0.0030284479483893814,-0.07346695976961393,0.07668741485907904,0.09894388573016587,0.010386684520805718,0.03174616294349413,0.16277157540439446,0.021768756302408408,0.14445105779985992,0.03985365936563076,-0.013788237154722813,0.10936036908071525,0.03214535720805506,0.10928431608622026,0.005881096572153728,0.014194131049563501,0.09504923010316108,-0.1032465791646178,-0.020372499149974313,0.0711833595775767,0.9748825778624927,0.6489277471042334,0.0,1.671761559037065e+296,472.35551488252156
Gemma 4 - 26B-A4B,Gemma 4 - 5B,competition_math,GMM,hc_values_map_agg_standard_1_new.parquet,6.285835403133359,5.0,5.9955340084065725,4.0,0.4046498853649217,0.0,0.1330992327243089,-0.007056281441526138,0.12699261969578657,0.047755579493193444,-0.008088920834486854,0.04692204640222835,0.11441069774684093,0.0037336880755466473,0.10676777123355119,0.018688534977467974,-0.010789969517072786,0.02022484846223538,0.06636931630375735,0.055377065752978086,0.09793105590514943,0.08965266837331609,-0.07548853453832974,-0.07721118641724356,0.05957461654641412,0.054593152166639985,0.1313020151241316,-0.013391619914095869,0.12085702090238024,0.030801140865009822,0.014067408543617346,0.006824561236517813,0.002863429490658333,0.07855804275905753,0.06261114642027388,0.15026530190137158,0.14396609739140587,-0.09461654385855485,-0.08851191268709602,0.3524102428834287,-0.011073387239933823,0.34265031247858174,0.09118142526129594,0.08087714272935496,0.09042903975979381,0.0797086735838766,0.15550665609813819,0.1168316863947944,0.21663586779862293,0.2210732168818565,-0.12253210675362264,-0.0806460146402761,4.6250192612867265,4.0790825506489545,3.79550897187285,3.108533287732381,106002682.45983,50801.62064852135
Gemma 4 - 26B-A4B,Gemma 4 - 5B,competition_math,GMM,hc_values_map_agg_hat_1_new.parquet,9.154888708444783,5.0,8.981276270538785,5.0,0.4046498853649217,0.0,0.09496856324888069,-0.007056281441526138,0.09103468755861405,0.007208728359707204,-0.008088920834486854,-0.003788228243612705,0.12900755692569355,0.0037336880755466473,0.14252860948149765,-0.03403899367681286,-0.010789969517072786,-0.0514939219228836,0.003813202228539718,-0.01753050947252636,0.014713182588993297,-0.004121931352815248,-0.02061421932693474,-0.019013393295276362,0.06733064354795526,0.08564865423782608,0.1200324072476794,-0.013391619914095869,0.10305785061231831,0.02261920141880421,-0.03106168549362492,-0.0022142516235189253,-0.035965078437374426,0.04269351385865719,-0.01233462766684352,0.15135077082609494,0.18629440122605423,-0.04407062147351558,-0.017927108446528717,0.3066553570094832,-0.011073387239933823,0.3438078666616408,0.050258259798299156,0.06231830150082462,0.10062629399488754,0.04777796485315097,0.131103560398612,0.05839227057361544,0.16064041900370934,0.262724914861086,-0.12785122377728914,-0.02011103972358094,2.0681030186375886,1.9890285522122702,1.861497989130206,1.7100996260711159,106002682.45983,50801.62064852135
Gemma 4 - 26B-A4B,Gemma 4 - 5B,competition_math,GLM,hc_values_per_expert_standard_1_new.parquet,10.947733568972106,3.0,14.318864635078334,23.0,0.0,0.0,0.018889435711291,-0.006066165337774705,-0.008763665405398767,-0.05138284821978842,-0.03806616373911685,-0.027796850132149623,0.11879408752175269,0.05807154819237005,0.035937758492710165,-0.09990465181046168,-0.06413771353014476,-0.04470142389810893,-0.058802133166366975,-0.030635157125889552,-0.04433406704361641,-0.020675782171678484,-0.009478289368867044,-0.009267176432401698,0.09886148144322142,0.02271071565763806,0.0824894014526818,-0.010481130106675882,0.011397989193506555,-0.01404666459648226,-0.02103564300831867,-0.028447079093703725,-0.016423825522545562,0.003500063371711788,-0.006053136529394396,0.14855100324513168,0.04119168082572187,-0.02349155065610147,-0.016064976781987237,0.23582185411908757,0.04850285234427308,0.062407316019881004,-0.03179272570868875,-0.009674773422297382,0.05322079221060094,0.010886769797362403,0.05272918393110832,0.0052467278574742544,0.15422855222098927,0.04487650692114329,-0.09897267445247879,-0.015868968434445577,-1.5649203463402221,-1.4443922969132128,0.03451817008384181,0.0,41.54005689024894,19.992864534281022
Gemma 4 - 26B-A4B,Gemma 4 - 5B,competition_math,GLM,hc_values_per_expert_hat_1_new.parquet,15.153336358425678,24.0,20.34314100114635,26.0,0.0,0.0,0.03804936501525061,-0.006066165337774705,-0.017796290994046914,-0.08175722101911362,-0.03806616373911685,-0.0357140865303161,0.20094655487967067,0.05807154819237005,0.03641946124180301,-0.16289718986442006,-0.06413771353014476,-0.05421575223584992,-0.028040390530706758,-0.03986573031546624,-0.08909312900557897,-0.028939711293822123,0.11695343862556323,-0.008423067139616868,0.19900730080903745,0.024035512010307947,0.11632346596345491,-0.010481130106675882,0.0035556815626613756,0.03668012593138944,-0.02877863176970012,-0.05422935424586248,-0.02258434187299243,-0.03628949175562491,-0.012569006546313264,0.23282840488107637,0.04173295213531129,0.10729136068893877,-0.014721762323999988,0.30211317451822384,0.04850285234427308,0.05551497664136662,0.06193353234903168,-0.01680963728160568,0.029859219815694733,0.006888250652825868,0.014516531657722273,0.0011712540290864134,0.24626569867884637,0.04347237349994534,0.03811455845274581,-0.01708896721730426,-2.6309315163120837,-1.9729702236758806,0.030445054733578364,0.0,41.54005689024894,19.992864534281022
Gemma 4 - 26B-A4B,Gemma 4 - 5B,competition_math,GLM,hc_values_map_agg_standard_1_new.parquet,12.79654661826519,6.0,14.63842185708827,21.0,0.0,0.0,0.07481472502139239,0.004263912470599877,0.02606619550862265,-0.017098644113809333,-0.06177794433042751,-0.002420121917399449,0.14179489728299421,0.11529898896720447,0.043165409038855025,-0.06698017226160183,-0.1110350764966046,-0.017099213530232374,-0.052392197944207686,-0.03920221292778566,-0.003214827158893973,0.007763548595803451,-0.07356706032995058,-0.07337166008793564,0.059953398418851625,-0.0077301417018793015,0.12719171519832706,0.09658674408541243,0.05582443316441053,0.023271285281434437,-0.012418752135267868,-0.010849411385083796,0.008427321761508332,0.07650987345770663,0.04146967820312504,0.17444349974082635,0.05474635623985419,-0.10130021841274679,-0.08646545832632593,0.33294625460681393,0.18710298752794502,0.21240655939349784,0.03938166730623482,0.03797818403761031,0.06534172923870443,0.07763024514447323,0.1204312574763255,0.08370214654284294,0.23019551161921858,0.10119359790867546,-0.12496334486404381,-0.07700747269693761,-0.5617178908163266,-0.6960736402490336,0.28341156655226774,0.0,36.77732150775923,34.847631551486494
Gemma 4 - 26B-A4B,Gemma 4 - 5B,competition_math,GLM,hc_values_map_agg_hat_1_new.parquet,14.839678066488345,19.0,18.624379059992357,26.0,0.0,0.0,0.0867434285910737,0.004263912470599877,0.027385416554756365,-0.042947101755704715,-0.06177794433042751,-0.002124867721429535,0.2051756317163463,0.11529898896720447,0.044613411358025934,-0.11843220312527261,-0.1110350764966046,-0.01722799480326957,-0.041108650092955556,-0.03930532799814533,-0.06004782971174377,0.008372529239735652,0.0459424864832052,-0.07462528757305636,0.15012456000675078,-0.007128104439695072,0.1441437134888391,0.09658674408541243,0.05750068807047812,0.05721156192658455,-0.012028958913170677,-0.034133751734510054,0.008290851528556773,0.036721609396784954,0.042195022003244556,0.23381720690680396,0.05703456588985529,0.009427215401118514,-0.08721254285201353,0.336311464988114,0.18710298752794502,0.21739112060870197,0.02505566359232612,0.040148358636668546,0.04648836599135467,0.07869470604525436,0.09183323099862785,0.0853961696442359,0.25731129761516347,0.10453033531970543,-0.09990579700167944,-0.07726521875513029,-1.1921273720617114,-0.8081986964801002,0.25437287882108256,0.0,36.77732150775923,34.847631551486494
Gemma 4 - 26B-A4B,Gemma 4 - 5B,competition_math,StudentT,hc_values_per_expert_standard_1_new.parquet,4.807878773404662,1.0,10.962910775697363,4.0,0.0005851165456629729,0.0,0.05413097770480566,0.017524751533673742,0.06596396907448782,0.02077026542703537,0.007465591884139747,0.025814215944684527,0.044152994261550435,0.01298727763269798,0.05291680814032833,0.009977983443255227,0.004537473900975763,0.013047160934159488,-0.02519446566790288,-0.0161494073919233,-0.00298106428603711,0.001488342466943496,-0.032243467647843374,-0.026720140483691184,0.03433603008918969,0.047823975111896996,0.06488507124492024,0.017552119765022967,0.07890305147244099,-0.017905103263885842,-0.006874229926430202,0.01138113089837094,0.014368323322398195,0.013110452480642043,0.016855437551298133,0.06100851615552365,0.07331497602648449,-0.04432276345741743,-0.03697723041850669,0.1917890805340567,0.07421011707737757,0.23537036591445046,-0.018989858226926577,0.016099274262626327,0.06836835885723483,0.08352592397588518,0.033703962902129146,0.049196669059363395,0.09356451995675974,0.11530608054421299,-0.06152776193582508,-0.05051351441010229,1.0388377917232983,0.8040227001253372,0.36462108688708295,0.0,725.9830398200686,620.722895648931
Gemma 4 - 26B-A4B,Gemma 4 - 5B,competition_math,StudentT,hc_values_per_expert_hat_1_new.parquet,4.798337791364157,1.0,13.015117500955292,7.0,0.0005851165456629729,0.0,0.041450563815784554,0.017524751533673742,0.06556930253944245,0.010608379270675473,0.007465591884139747,0.0250849531845341,0.04314930012946158,0.01298727763269798,0.053613802407807165,-0.001698736313677028,0.004537473900975763,0.01195550013163528,-0.02844150448211076,-0.01792518768944598,-0.011074935134225134,0.000264146403302493,-0.02267153950462526,-0.027187135034503183,0.03658537678858106,0.04840935203928737,0.05592009638150357,0.017552119765022967,0.07918370012942921,-0.016783271244140297,-0.007481553678954728,0.0068416295865362155,0.014018990183506289,0.007624029580341572,0.01650278820227681,0.05748704344730312,0.0742381382385356,-0.033669244536763926,-0.037134359749302466,0.18641934161335413,0.07421011707737757,0.2388536123663961,-0.005271764611799443,0.01622015880257913,0.06381727237000842,0.0849433327939024,0.031158113621053165,0.05045031609597627,0.0942946396727044,0.11678217233547691,-0.04586406140320741,-0.0520602221067348,0.9438495772130352,0.8031443317774599,0.32268002642705457,0.0,725.9830398200686,620.722895648931
Gemma 4 - 26B-A4B,Gemma 4 - 5B,competition_math,StudentT,hc_values_map_agg_standard_1_new.parquet,7.960534486052732,4.0,9.282491880015284,4.0,0.0005851165456629729,0.0,0.11915445461518284,-0.014455837212928402,0.0999197476652218,0.022418692746668287,-0.06368858957841568,0.032270208947595774,0.13827904607288372,0.09073313874476326,0.09220394519590382,-0.019124591457700874,-0.10518897595769165,0.007715802469317981,0.02531344781237449,0.006604420762982939,0.07993992691285977,0.06975673110048351,-0.10554120089292728,-0.11550280565123962,0.06013841746036371,0.026713570602001777,0.1404971801612794,0.07234526107746134,0.10651956367000248,0.047212224472183664,-0.0009156994745440611,0.0011718124442773076,0.005489379686347351,0.12032125074129116,0.07646060889344009,0.1709295778603423,0.12198153610144653,-0.1456387340936526,-0.13143526447450912,0.34690514034502207,0.1381441223341407,0.3117670792522117,0.045122757227185575,0.05208490696421644,0.07471267964127792,0.0832494742131368,0.15097934474228444,0.1123314760457038,0.2314223218148838,0.18752343455152437,-0.16031975501388127,-0.10215144160235551,1.8384629012857863,1.6299685008990286,1.4942190550509198,1.0122806435836866,299.00263414005155,233.00883987815314
Gemma 4 - 26B-A4B,Gemma 4 - 5B,competition_math,StudentT,hc_values_map_agg_hat_1_new.parquet,9.918979270156669,5.0,11.024873423767673,5.0,0.0005851165456629729,0.0,0.09650966623910595,-0.014455837212928402,0.07480452784917863,-0.008159815385085825,-0.06368858957841568,0.006354108374086404,0.15840740753834048,0.09073313874476326,0.10042429665325454,-0.06189774129923453,-0.10518897595769165,-0.025619768804075918,-0.010484829834500668,-0.034765350796043024,0.0029884384640290157,0.02577485537308146,-0.021224609523384404,-0.09891728174343617,0.08098839472622198,0.03142308281640789,0.14002232330188225,0.07234526107746134,0.09036579187711541,0.05119273100743243,-0.028035938368448952,-0.0037943774574523636,-0.012835983025761756,0.07538428957489081,0.04513335124037663,0.17856016865970326,0.13241892943857725,-0.0640628682100208,-0.11216577922809598,0.31071131167021515,0.1381441223341407,0.31127435722770835,0.01407175568418719,0.045460619056773816,0.08481008735311658,0.07555097894392696,0.13165354367804544,0.10192197368362066,0.1845477709631776,0.19683962281278877,-0.16318497822154093,-0.09434867594728419,1.0421483483456482,1.1687544345392853,1.0439948827317864,0.7935916003890439,299.00263414005155,233.00883987815314
Gemma 4 - 26B-A4B,Gemma 4 - 5B,competition_math,StudentTSkewed,hc_values_per_expert_standard_1_new.parquet,7.731992739778372,2.0,10.854962743599541,3.0,0.03775792892625143,0.0,0.03734614953254193,-0.025934987270341,-0.03963352301775,-0.026744997396797636,-0.03552082158133264,-0.06722496022735257,0.10289142496578088,0.023933507852962867,0.05939700329004061,-0.06554527543323896,-0.049868495123303866,-0.0990305263077906,0.04513625314974803,-0.03658038394208153,-0.017248177598353127,-0.061728867614253946,0.09778985472518821,0.0542344477992487,0.09973583116415148,0.05588869106366705,0.08479088527783227,-0.03598777720606049,-0.03106214554733584,0.09954296363965684,-0.024857157560437878,-0.01833025534534871,-0.06373518440988454,-0.0006444791851830655,-0.052153810779000914,0.13464794243885625,0.06720906057488282,0.12367866231604274,0.055654264474229394,0.17989322620071208,-0.009254569404636589,0.07237406805409084,0.18065746737778707,0.06972404521826649,0.016799143176952736,0.004492632318284533,0.024067211654734823,0.009518251873855547,0.1478844539842173,0.062374917306761285,0.13952930210365427,0.053558819193315746,-0.484559600913561,-0.895768418558253,0.17205731231521718,0.0,1.4675678257546807e+298,32.93914038477829
Gemma 4 - 26B-A4B,Gemma 4 - 5B,competition_math,StudentTSkewed,hc_values_per_expert_hat_1_new.parquet,9.41489539549102,3.0,14.1968738058846,15.0,0.03775792892625143,0.0,0.046062401406110474,-0.025934987270341,-0.04581674560747188,-0.03759238787744976,-0.03552082158133264,-0.07353913954130767,0.1350261889940837,0.023933507852962867,0.06130404547253042,-0.08896378758797321,-0.049868495123303866,-0.1071207910800023,0.052037576873419325,-0.04249389961571321,-0.030354069464131037,-0.06740240877649648,0.13120023426054156,0.055410546737916004,0.1326519504152304,0.057269676261580554,0.10357874119582036,-0.03598777720606049,-0.03518392312422652,0.11427373624820224,-0.028154867808264965,-0.029410018230980217,-0.06882123502558328,-0.01644605470949791,-0.05561935911849107,0.1760922102221169,0.07055074309026968,0.16796214368817264,0.05732496035604763,0.22471989206475074,-0.009254569404636589,0.07307515173106216,0.22543468251482673,0.07026750097489975,0.009819913235034469,0.00223110786654368,0.01545063935086296,0.008002660165618913,0.19891875059151176,0.06590732497873088,0.19265513435164996,0.05599787524583484,-1.0100814608311142,-1.0701658501283646,0.1479610892754659,0.0,1.4675678257546807e+298,32.93914038477829
Gemma 4 - 26B-A4B,Gemma 4 - 5B,competition_math,StudentTSkewed,hc_values_map_agg_standard_1_new.parquet,10.060732709209018,5.0,11.430765189147879,6.0,0.03775792892625143,0.0,0.10462691273483868,0.002662954293350627,0.08011159345570387,0.01068394891227975,-0.061910279752729565,0.015615561200113414,0.13729242874126812,0.11314327519588216,0.09201271742156619,-0.032665516006429446,-0.11048032090253153,-0.01190112396586232,-0.0021487147018236746,-0.018229263879102453,0.054156093439184164,0.043869539638246365,-0.10082416920440511,-0.10663832798083334,0.0581419290648894,0.025390881845140427,0.13058602515690795,0.09471254405910773,0.09548442022981006,0.027774427836243516,-0.009661806434123654,-0.006767259063556968,-0.002813410483746156,0.09800482585816449,0.0621085967106424,0.17186734489228495,0.12213799368835652,-0.1322943574779165,-0.11820816418766589,0.34906178622282813,0.18097346662304747,0.3074812235469425,0.06147757399297159,0.06025942576415953,0.07420961532352387,0.08142958907165207,0.14393852252874195,0.10827144121409757,0.23409013409265864,0.1858036114699353,-0.13607508494424342,-0.08936545538742093,1.8449439141346253,1.5864263545228263,1.5901210664935446,1.0045658212250597,170.71217029821844,157.4916666067569
Gemma 4 - 26B-A4B,Gemma 4 - 5B,competition_math,StudentTSkewed,hc_values_map_agg_hat_1_new.parquet,11.795818207871609,6.0,12.964164596866642,7.0,0.03775792892625143,0.0,0.09017928710390447,0.002662954293350627,0.062472856720171645,-0.015683758343363406,-0.061910279752729565,-0.003969013551390073,0.16222808723097693,0.11314327519588216,0.10022533696607065,-0.07204880012707246,-0.11048032090253153,-0.03775248024589901,-0.030383166178689427,-0.04750163226853514,-0.0033661390810109187,0.013392335324784541,-0.03993751677912388,-0.09604909874956999,0.08334388290738022,0.03146998189550009,0.1340090317661704,0.09471254405910773,0.08194390227174161,0.03744549782926342,-0.03259939615606199,-0.013556980042381433,-0.019392925798687097,0.07620988608941116,0.03689333932281842,0.18731027850293758,0.13290283357600546,-0.0828955793844515,-0.10407828178184671,0.3239484711471219,0.18097346662304747,0.30606987134529695,0.017235605936048955,0.04990754923552817,0.0797248035083057,0.07157380274170776,0.14291852395435997,0.0957441245608516,0.20345995785995868,0.1969961355914303,-0.17571483589858863,-0.08215824459871059,1.1234074099954499,1.142590656442747,1.1433141294857239,0.831787647619928,170.71217029821844,157.4916666067569
Gemma 4 - 26B-A4B,Gemma 4 - 5B,competition_math,KDE,hc_values_per_expert_standard_1_new.parquet,11.369423481085212,3.0,13.806254776461596,14.0,0.0,0.0,0.0067985498857947,0.07176331016001479,-0.06381328244186471,-0.040862540010831144,0.050756501426378636,-0.08218448610398736,0.0822002071934425,0.017589060587982715,0.04969305422281072,-0.07540165730764779,0.054174249572032075,-0.11350633666467544,-0.0538100764067095,-0.10017202631159178,-0.0035265009249892732,-0.06810210599839953,-0.07481106878491248,-0.029705005965100496,0.08710528813170149,0.04342379789384587,0.059040906199586296,0.08228979648010779,-0.038606642161787386,-0.038079595636811216,-0.09518215919780217,-0.01793811434559549,-0.06242667423127239,0.024025971726324057,-0.05060744779804465,0.10231646736317823,0.05576182010222211,-0.08781508920741592,-0.03346726348717557,0.19938421103985693,0.10455357940099105,0.05240957543071709,-0.027757913173113175,-0.061547643652422546,0.07801981003081293,-0.007042888542989677,0.09696343734865226,-0.020372806704989133,0.08844863306922923,0.058248385849489305,-0.15168908779709694,-0.030712335811114898,-1.1857666315951196,-1.1394365913424813,0.17314333680241228,0.0,40.504699957830475,23.9707434075033
Gemma 4 - 26B-A4B,Gemma 4 - 5B,competition_math,KDE,hc_values_per_expert_hat_1_new.parquet,14.849816106228506,22.0,18.605368742835307,26.0,0.0,0.0,0.029990876407493865,0.07176331016001479,-0.06499739439452712,-0.048966571359153666,0.050756501426378636,-0.084450632262826,0.13109973306728384,0.017589060587982715,0.051922041645202865,-0.10110885665978997,0.054174249572032075,-0.11691943603972998,-0.006890872214546184,-0.10229744917489937,-0.019887609600992947,-0.07072182339444917,0.025024031802403538,-0.028243737667874264,0.1444103730150136,0.04575708604706564,0.09112722783535648,0.08228979648010779,-0.03726050883750266,0.02254931460165822,-0.0941657529736462,-0.025171452648952618,-0.06245023834496186,0.008706743643112516,-0.050595111234248244,0.1537605988233783,0.05745708327506513,0.013446804086023494,-0.03222214066404085,0.2450454691024592,0.10455357940099105,0.05860438131420051,0.05906707683929343,-0.0574248706817102,0.08798838151571357,-0.005145587956810734,0.11229831979560632,-0.01865282660107023,0.11873859337397419,0.061665609120455024,-0.0909569985399969,-0.029116433457000514,-2.210347065614266,-1.4473149186537861,0.14633927305215225,0.0,40.504699957830475,23.9707434075033
Gemma 4 - 26B-A4B,Gemma 4 - 5B,competition_math,KDE,hc_values_map_agg_standard_1_new.parquet,12.852837218188766,7.0,14.15020777607948,14.0,0.0,0.0,0.07694088961695442,-0.02193462895781126,0.03950160902398507,-0.012189129808563052,-0.06096827331405326,-0.001280618316190639,0.1363105298214532,0.07477587034639958,0.06120537674427864,-0.05936964020449878,-0.09671049930421084,-0.021703767720293567,-0.03185189108697081,-0.03477663862024393,0.021326706577418492,0.019538432977430555,-0.08686095898769046,-0.08807473344612139,0.07063119555960859,0.007111257830397973,0.12423781951176535,0.05551001594371655,0.06882453896545215,0.023962799463351052,-0.0117294630845183,-0.011003549466722039,0.0025256570701510366,0.0801800671616867,0.048758635309475565,0.17106399061483502,0.08050398281985609,-0.10687971823235622,-0.09823828106879139,0.33754683390858686,0.12271389933625289,0.25315073050651915,0.06786974798366772,0.057117737987736596,0.06717963983581784,0.08027931892767058,0.12832202385044245,0.09702667920505399,0.23218849586669343,0.1361563040825456,-0.10925082854791912,-0.0772046182966477,0.297267436011774,0.0041492005943630055,0.7066222550711809,0.0,61.269018486783914,49.406187828695714
Gemma 4 - 26B-A4B,Gemma 4 - 5B,competition_math,KDE,hc_values_map_agg_hat_1_new.parquet,13.53962074894918,8.0,15.88460068781047,22.0,0.0,0.0,0.08910556873435499,-0.02193462895781126,0.04028482591810803,-0.03179577896099864,-0.06096827331405326,-0.002621778835313242,0.1890369185876229,0.07477587034639958,0.06473908430481538,-0.0999313498532679,-0.09671049930421084,-0.024454258386707353,-0.025869720822309282,-0.036356744511247034,-0.015320060076209941,0.01863275255008426,-0.01163375587606226,-0.08883956855631836,0.13791065186091536,0.01007181327152823,0.14421254990500196,0.05551001594371655,0.06952727698358138,0.06148545798077484,-0.013404586137423846,-0.02485970430096299,-9.212596108646364e-05,0.07576397109168517,0.04723560743787922,0.21856117734637254,0.08569885557843426,-0.05189914324784558,-0.09775001213386236,0.33735193458164947,0.12271389933625289,0.25908676985911766,0.03612333510833102,0.05870441038558323,0.057408553243610175,0.0793555124771107,0.13645008778545975,0.0972002277649334,0.24441773643421907,0.14291386566096362,-0.14974175182657998,-0.07596011533809303,-0.15994858458077052,0.004145581647102458,0.5896057491364163,0.0,61.269018486783914,49.406187828695714
Gemma 4 - 26B-A4B,Gemma 4 - 5B,competition_math,JohnsonSU,hc_values_per_expert_standard_1_new.parquet,11.390523500191058,3.0,13.852025219717234,15.0,0.002627053878486817,0.0,0.04419747846084392,0.048838900530436435,-0.03451111734457669,-0.012941197982771241,0.03894299530774554,-0.06005385425478205,0.08877456725180453,0.004210906352339723,0.05439587163240156,-0.04457708879096062,0.044627994178096715,-0.08890698897697824,-0.013085977816146151,-0.07894276486611071,0.02416748772184096,-0.05129065833311871,-0.06276544431739574,-0.027480549566094296,0.08471478308706128,0.04738143622978277,0.0994410272114824,0.041288854241358044,-0.011785833481081961,0.017651111594736205,-0.07187775029045909,0.005073885304058459,-0.044728456570509695,0.05732163374974875,-0.0334061804775293,0.11395938707390393,0.059486560860939744,-0.0744835670545398,-0.03327423568170027,0.2180945167095771,0.04239381766139214,0.11387832807552342,-0.0064184361166179215,-0.009518657652901668,0.08034269098265198,0.0235641682672279,0.10555118938380045,0.012392752446350505,0.10309852026124681,0.0771905605300385,-0.14317337569038624,-0.024950783745315435,-0.8559620402979784,-0.8156071442117012,0.23886934094465695,0.0,529.873001562111,24.823671123396515
Gemma 4 - 26B-A4B,Gemma 4 - 5B,competition_math,JohnsonSU,hc_values_per_expert_hat_1_new.parquet,14.189255349636989,17.0,18.075921857088268,25.0,0.002627053878486817,0.0,0.05320967219210805,0.048838900530436435,-0.03316019452306164,-0.0314698377651672,0.03894299530774554,-0.05978831826796151,0.1348956794083408,0.004210906352339723,0.055943585236665136,-0.08168600721623274,0.044627994178096715,-0.08910377975972678,0.007910004304206474,-0.0763845550469521,-0.01109117737543905,-0.050977109912764794,0.031672590734480296,-0.02418716643378745,0.13816269117632474,0.04929454593288319,0.11636264499683963,0.041288854241358044,-0.007037510075727703,0.050279445813112035,-0.06486400166636329,-0.011052376936962092,-0.04220224566780013,0.024670647209428843,-0.030715009338839434,0.1614551324783597,0.06115015680343132,0.021083821975715396,-0.029070603769102053,0.2556074225695703,0.04239381766139214,0.12266014627016539,0.06921753619266253,0.00025305860632979623,0.08843125699621529,0.026825276099948257,0.11668463288602428,0.01603689991453035,0.1281115912285537,0.08130888281213285,-0.08739725851593506,-0.02061225352678936,-1.807168948461629,-0.9541755075097237,0.20353786705188592,0.0,529.873001562111,24.823671123396515
Gemma 4 - 26B-A4B,Gemma 4 - 5B,competition_math,JohnsonSU,hc_values_map_agg_standard_1_new.parquet,9.66703286205579,4.0,11.401998949178449,5.0,0.002627053878486817,0.0,0.09741812006492337,-0.003191920458992468,0.06628765114294811,0.0017725790185822996,-0.06294904110695425,0.021056558798816245,0.14224879295563478,0.10623790003081965,0.061789239439256995,-0.04483067289071141,-0.10942982048981212,0.00449841170369112,-0.01757693995553869,-0.015046961742759183,0.03163744475361208,0.040225603302806556,-0.08355262034690338,-0.0951865403278006,0.05880496514226395,0.0036961657424454623,0.14074326837400558,0.08795642644206869,0.08881489026752463,0.04946638860460454,0.0026182472168745268,-0.0008476368596515914,0.016499388566217882,0.10621518240050452,0.0668551112442298,0.17457285038683001,0.08198540173646982,-0.11887324253455016,-0.11073003702041108,0.33843342428567247,0.16903832804071112,0.26710421831872155,0.03561786715870115,0.05295417186812964,0.0698479964338157,0.08937784494917721,0.133507607118088,0.10405202881933047,0.2296327943273475,0.13772410748595787,-0.14587022204223093,-0.09034543009060181,0.43018976511829354,0.33055034320921584,0.6342169960756507,0.0,86.68826243274245,77.39797581264703
Gemma 4 - 26B-A4B,Gemma 4 - 5B,competition_math,JohnsonSU,hc_values_map_agg_hat_1_new.parquet,10.558260890332441,5.0,13.166901509361864,7.0,0.002627053878486817,0.0,0.09477127362696544,-0.003191920458992468,0.0625776006020973,-0.021430921793475867,-0.06294904110695425,0.01618078112150584,0.17921484046384642,0.10623790003081965,0.06485052661141491,-0.08444356683688098,-0.10942982048981212,-0.0022729260093176107,-0.016719881838568054,-0.021438234898210718,-0.018162721428397876,0.034242633169904106,0.007402289278933555,-0.09408502290804928,0.11020294680623062,0.005395539947105067,0.14709882239615202,0.08795642644206869,0.08659067565879407,0.06469880918364407,-0.0017973947840026064,-0.012688864458188868,0.011927096254638555,0.06861552482473444,0.06192914640407157,0.20197997727698355,0.08681201189871947,-0.035564175456753694,-0.10788833709129995,0.3181143775456682,0.16903832804071112,0.27208016885425246,0.010623552097947237,0.054963611900865204,0.0678380886076007,0.08871028952313662,0.11357170830129659,0.10425625184772518,0.21307198738985925,0.14325299087124685,-0.14231693748004778,-0.08875738580693347,-0.013600363238079689,0.3089133223237508,0.5230656018622712,0.0,86.68826243274245,77.39797581264703
Gemma 4 - 26B-A4B,Gemma 4 - 5B,structured-wikipedia,GMM,hc_values_per_expert_standard_1_new.parquet,6.292016040831207,2.0,8.200783813343055,3.0,0.4243073277433467,0.0,-0.024360233590561504,0.03649655723950762,-0.035788880821359816,-0.022612845947404436,0.01933848397423267,-0.02871985206993181,0.0008057799015523861,0.027811221996344858,-0.007800747784972396,-0.025166013492113892,0.008685335243162763,-0.02798813303638742,-0.03784199087143259,-0.04906486690654541,-0.028358344756924,-0.03440497785269596,-0.012232295456729813,-0.020580090711627343,-0.005621965152171383,-0.0140741257386129,0.0017925557124218597,-0.007517899291857707,-0.011131923353659416,0.0003147830105186594,-0.01336193415072503,0.029278744363341703,0.024453408645050367,0.03408114186348763,0.028232362857251298,-0.053652390034806687,-0.06494324077715369,-0.06528556019235786,-0.0758018221256609,-0.06004612524519792,-0.01884322454012553,-0.08368893098992403,-0.062406645738376315,-0.08751261930214826,-0.02058220829985016,-0.04594402192105929,-0.01706647813787646,-0.045605588245544226,-0.04665530098008501,-0.03770925025341215,-0.05533071334363493,-0.04328671257114797,1.2961538693353416,0.9918800543765756,1.212976171224721,0.0,7.883703973751367e+297,461.79180843766204
Gemma 4 - 26B-A4B,Gemma 4 - 5B,structured-wikipedia,GMM,hc_values_per_expert_hat_1_new.parquet,7.959259934378418,3.0,11.27296755377324,5.0,0.4243073277433467,0.0,0.012346042093592122,0.03649655723950762,-0.023065027817951122,-0.0015104857737025439,0.01933848397423267,-0.026000372594426724,0.025478334762654917,0.027811221996344858,0.009923073719905024,-0.013132292669062795,0.008685335243162763,-0.03298810153785615,0.004853959003047584,-0.034771330523864316,-0.004390574272482616,-0.031109524345075294,0.01760045170892132,-0.0011506806216987986,0.02167556220355472,0.00456167680670272,0.03825731225237108,-0.007517899291857707,0.006765917514272708,0.03874286791556658,0.005753480125856323,0.03416143038686148,0.025674558689604457,0.03726247817419671,0.02966154792682907,-0.004944521946271235,-0.03876756383743664,-0.010156506025729786,-0.04808283483501114,0.03410247115319616,-0.01884322454012553,-0.06004915073978121,0.04241185204199311,-0.0620666168597587,0.045601384377674095,-0.03152824233942513,0.054629600512749885,-0.029675102146101508,-0.027180170148251238,-0.029333387150230802,-0.03050431481271053,-0.03492582299636728,0.26945294438791445,0.961906518570881,0.724098975052172,0.0,7.883703973751367e+297,461.79180843766204
Gemma 4 - 26B-A4B,Gemma 4 - 5B,structured-wikipedia,GMM,hc_values_map_agg_standard_1_new.parquet,4.683603718556325,4.0,4.436702515493985,3.0,0.4243073277433467,0.0,0.1099989545997444,0.00534712114778162,0.09800871530242126,0.059179756342771214,0.0064784959843980855,0.0572281051330988,0.08203665452560138,-0.003200289031638427,0.06411526097436811,0.02796230007414302,0.008547410179420047,0.03389345432805316,-0.004588820186399811,-0.023279233319829763,-0.007413213812454669,-0.006266193835813444,0.0064971713264199,-0.029680487682491374,0.05753051158401366,0.03957005449998681,0.10978716418623582,0.005963493665472584,0.09701204817983941,-0.003142309458534094,-0.02414279432850717,0.03266265821569943,0.03181618400661672,0.0008520244662188387,0.0012199508537963047,0.11198048900881122,0.09324826479525156,-0.006667594190322948,-0.040876467332952575,0.13010701212254563,-0.0034211615200554213,0.09876735195540834,-0.01654917787521012,-0.06910878688528344,0.044279745583289856,0.02766953794457656,0.01878392810066625,-0.01847060726980172,0.1015944789664022,0.08653169268525406,-0.051737450913975865,-0.06151927850252566,3.0000506042266673,2.6778210329623127,2.298760136117827,1.8100152201862767,1545088.5594690193,2139.097019191324
Gemma 4 - 26B-A4B,Gemma 4 - 5B,structured-wikipedia,GMM,hc_values_map_agg_hat_1_new.parquet,5.99270871308786,4.0,6.007701421800948,3.0,0.4243073277433467,0.0,0.09949705097192696,0.00534712114778162,0.09892334651333615,0.04558362883053586,0.0064784959843980855,0.05527609387296013,0.09006274887443881,-0.003200289031638427,0.06967516725725281,0.009434302097488148,0.008547410179420047,0.029248179256083334,0.01567710832770296,-0.021951191939026955,-0.005627388504064396,-0.011138116139740665,0.039669404073692946,-0.017535428728948674,0.06711603643368994,0.0439674674969241,0.10415165828491638,0.005963493665472584,0.09927399591783484,0.02596789872159366,-0.02081933829696121,0.03310390726260358,0.03307240888397667,0.011494222864404872,0.003842159783043006,0.10214477189307766,0.09442963869211726,0.01907741977732329,-0.04067211253945092,0.12782512722778808,-0.0034211615200554213,0.091172659222064,0.031226253070918322,-0.08901959020760122,0.05484217839530374,0.01457532325522697,0.03727195624637515,-0.048833790160420144,0.08186469628407073,0.09723627266065299,-0.018328425668823634,-0.0393122695607708,1.394757779303498,1.5583599383463536,1.2288644152024049,1.2228972454003382,1545088.5594690193,2139.097019191324
Gemma 4 - 26B-A4B,Gemma 4 - 5B,structured-wikipedia,GLM,hc_values_per_expert_standard_1_new.parquet,9.223842508202697,2.0,12.328199052132701,3.0,0.0,0.0,-0.05786180250811916,-0.01611705635174216,-0.036524714633463684,-0.10085062449833743,-0.053154969790288026,-0.017510256544183693,0.09599213451228548,0.07675873512414254,-0.03151113618904599,-0.15385393702040465,-0.0928757914758847,-0.005013578444417695,-0.04706618074603385,-0.02712473464184157,-0.051343554746617136,0.006805708746848357,0.016594446293162084,-0.06319744273575746,0.009101102527110124,-0.04631249253231055,-0.048125823266115336,-0.07555992471734581,-0.028157083525659182,-0.06667138521647129,-0.025547911694160375,-0.0791987972063474,0.014265395775090678,-0.06391948785553564,0.030172444471571126,0.07613756001033908,-0.07242101224952922,0.016976610221338326,-0.09920159026861741,-0.0519466914683609,-0.06211818934936788,-0.0827681147041017,-0.13601717622831083,-0.10066493339507077,-0.07201485478660405,-0.05461665877902161,-0.1243050749231079,-0.057270348186711166,0.045442351133752584,-0.02276672369920183,0.017357097521155027,-0.04217148981585249,-1.568016911148418,-1.5346372868158982,0.04905938988143796,0.0,53.784264992972055,21.045248801430812
Gemma 4 - 26B-A4B,Gemma 4 - 5B,structured-wikipedia,GLM,hc_values_per_expert_hat_1_new.parquet,14.827014218009479,25.0,19.248724024790377,26.0,0.0,0.0,-0.02673913297541297,-0.01611705635174216,-0.036688991828959794,-0.08426388189364237,-0.053154969790288026,-0.019652765672572115,0.11951727994219474,0.07675873512414254,-0.027534132150911435,-0.14625641291760771,-0.0928757914758847,-0.009154859678048358,0.0039275148273622005,-0.027139998246308004,-0.026971711645693664,0.00502787575150944,0.06110173345726138,-0.05967115231416154,0.05887274101317159,-0.04255250510866322,-0.0012744148161166343,-0.07555992471734581,-0.02674606192795954,0.014173614285495876,-0.024045444923121953,-0.055084214317694696,0.013933606040763335,-0.022687887405116867,0.03016589038019551,0.10428480511919438,-0.06953119590102089,0.06653846725989612,-0.09678610265561884,0.034540131420116235,-0.06211818934936788,-0.08343323845361086,0.02087819452802096,-0.10181493814861789,-0.025482934898968877,-0.05580303838330319,-0.03811397553894089,-0.058675513690360157,0.08591300382913156,-0.021766528707292114,0.08794880544229182,-0.04146360334072556,-2.6242196630984895,-2.146842916732181,0.043701558032493856,0.0,53.784264992972055,21.045248801430812
Gemma 4 - 26B-A4B,Gemma 4 - 5B,structured-wikipedia,GLM,hc_values_map_agg_standard_1_new.parquet,8.413415967918338,4.0,9.354994531534816,4.0,0.0,0.0,0.08738669028420437,0.08281528615893574,0.01908880459103145,0.045012219485676914,0.04900960090008334,0.016958772704869132,0.0691681777787226,0.05287268155652915,0.0008868918553571448,0.018218512505481774,0.029942604602406594,0.018201912735674307,-0.033452797008088064,-0.03975680487076116,-0.017887733314736493,-0.012593302915772901,-0.024905317022561043,-0.0469362374856584,0.028647221404858706,-0.0196057253912636,0.08717648502002033,0.04748026886179003,0.018347159665792118,-0.05136244575119817,-0.04478677768627068,0.02696260831289946,0.020294807929056448,-0.014202811029177753,0.003085339732393163,0.08693624234577203,-0.009921544339271345,-0.054269603680367144,-0.07741273432016443,0.06740170880384258,0.0047750502544799955,-0.053631190100539475,-0.17111047690602815,-0.14968642998345494,-0.009481179296732253,-0.04832673068368489,-0.13302365725930945,-0.08716775367231844,0.1039471214310563,0.005724877049787021,-0.01224339717417553,-0.05720733143062019,-0.7944421418543325,-0.8926448701327968,0.18066807204451843,0.0,37.13765981490695,32.45494136138045
Gemma 4 - 26B-A4B,Gemma 4 - 5B,structured-wikipedia,GLM,hc_values_map_agg_hat_1_new.parquet,9.809560699963544,5.0,12.698869850528618,7.0,0.0,0.0,0.10678831864611862,0.08281528615893574,0.018594261185287515,0.04702003028280932,0.04900960090008334,0.016023235352323625,0.10046261061552686,0.05287268155652915,0.001854160544392208,0.0063257080305917646,0.029942604602406594,0.016740100640895306,0.0008207514119896749,-0.041745429181138646,-0.017353051560909268,-0.01434445071096849,0.03620941444961562,-0.04704059065254988,0.07449580902554041,-0.019041621676522246,0.11157105756975294,0.04748026886179003,0.01905488606516883,-0.005677717707085453,-0.04549096839545079,0.029490403208681557,0.01956722664187531,-0.01091566816579547,0.0018964776856994425,0.12094703511018542,-0.00738900918285411,0.012179523587833757,-0.07622304555734866,0.13630742237244658,0.0047750502544799955,-0.050407889233143724,-0.04985227787183239,-0.14917863998729877,0.03371395095333679,-0.046765993366956075,-0.0584737083770165,-0.08678866908841143,0.12650026910872098,0.007507770826483948,0.027830250815178714,-0.05714603257575021,-1.5794027805874593,-1.1516751929618527,0.16173069599555087,0.0,37.13765981490695,32.45494136138045
Gemma 4 - 26B-A4B,Gemma 4 - 5B,structured-wikipedia,StudentT,hc_values_per_expert_standard_1_new.parquet,7.404347429821364,2.0,10.40361830113015,3.0,0.030851257746992343,0.0,-0.048277616829078066,-0.008215996628826638,-0.050116434121256284,-0.07461109585670778,-0.009882229176724877,-0.04720185460743005,0.06106319635668649,0.0047733265382916695,0.0030155026396638824,-0.10934081318576455,-0.012989323167118308,-0.053131936760920165,-0.04711660545340159,-0.042083233159416,-0.03284433783070459,-0.014324609153126978,-0.020372262418101587,-0.0481948178446608,0.0160194605816969,-0.018213714977523103,-0.036643085500064065,-0.014985043954914255,-0.036648854741548796,-0.061017697643458935,-0.03954754213488156,-0.04590576618723326,-0.013286634364011347,-0.03266505782010477,0.003479752849413736,0.03018531488037137,-0.032781135578423076,-0.0343203361313177,-0.0698756022198264,-0.039342926264312336,-0.011491293797584626,-0.08334045281633878,-0.10987950187333569,-0.10690476767608113,-0.025932873683771313,-0.056394131170238344,-0.054069659612460116,-0.06587452535823275,-0.010867126429404014,-0.020708483583143804,-0.05938678183141105,-0.03677031881324477,-0.684351236291354,-0.7308145380185269,0.18705598957335293,0.0,6474.30522734915,39.61878313298306
Gemma 4 - 26B-A4B,Gemma 4 - 5B,structured-wikipedia,StudentT,hc_values_per_expert_hat_1_new.parquet,11.078426904848707,3.0,16.1197138169887,25.0,0.030851257746992343,0.0,-0.023349685016917015,-0.008215996628826638,-0.0526427596956074,-0.05779648996176707,-0.009882229176724877,-0.05044718556178289,0.07286217746745528,0.0047733265382916695,0.004895683229824978,-0.0962118624843723,-0.012989323167118308,-0.05753844292543238,-0.0034466904548488215,-0.04503707903952646,-0.008503074110000544,-0.018233777452114693,0.010701166044258286,-0.04577469234620775,0.038360315022456674,-0.016010649155586924,4.01396606543032e-05,-0.014985043954914255,-0.03638825649206367,0.005462056624177331,-0.039357576658752454,-0.022710864924905896,-0.015152786285610866,0.005707255605102713,0.0015531586375073906,0.04389758099413509,-0.02876388565622506,-0.0023055910065772588,-0.06584962925680843,0.018041126099431322,-0.011491293797584626,-0.08229708162447952,-0.0012426892334449614,-0.10720790571282389,0.01339643482030541,-0.05673476296902982,0.017456343847734722,-0.06699068468604145,0.0026016322507471813,-0.018792535870142492,-0.029279015784928187,-0.03540309035530231,-1.484475104020765,-0.8838477004937089,0.1562393768060975,0.0,6474.30522734915,39.61878313298306
Gemma 4 - 26B-A4B,Gemma 4 - 5B,structured-wikipedia,StudentT,hc_values_map_agg_standard_1_new.parquet,8.382336857455341,5.0,8.872767043383156,4.0,0.030851257746992343,0.0,0.08566288834031324,0.08701503407744073,0.02459672594530697,0.044227459938407446,0.0506522722347572,0.01739027592366307,0.06759787990331975,0.05723581979774538,0.010047455315098913,0.01806500843699349,0.02977921427969535,0.014549270630208059,-0.03685161604496545,-0.05091778471976579,-0.018099789131054207,-0.02017705454073171,-0.03065457116992296,-0.052023554278985924,0.026194957543714082,-0.015426991837776611,0.08797263862854966,0.0555298624001809,0.02662826308704351,-0.05373199744289557,-0.05551569335392257,0.028244530046700966,0.01799069001523973,-0.013704202487268731,-0.00505285944534347,0.08573126310298704,0.007727231456912051,-0.05900552986064479,-0.07867782397839052,0.07564804670709813,0.015687095355651638,-0.03655146544491615,-0.163058006011834,-0.15993172672108238,0.0004265909897305472,-0.04480393862324601,-0.12002154239673717,-0.09759738005989173,0.09914607576491512,0.022686366905607,-0.022241872057999712,-0.053850477486144424,-0.13891941930716847,-0.34001231136815,0.4025548062613753,0.0,47.83164314169164,44.17135812346143
Gemma 4 - 26B-A4B,Gemma 4 - 5B,structured-wikipedia,StudentT,hc_values_map_agg_hat_1_new.parquet,9.129602624863288,5.0,10.664464090411958,6.0,0.030851257746992343,0.0,0.10486885555614343,0.08701503407744073,0.023514479352258297,0.04654799319348356,0.0506522722347572,0.01616708038883182,0.09791218946126717,0.05723581979774538,0.010519483615995225,0.00695666609487626,0.02977921427969535,0.012994995736263072,-0.002334966169533918,-0.05475508686846156,-0.016599220662076267,-0.022884011283116797,0.02897991985491795,-0.053570132402534235,0.06713054558915744,-0.015652695509470817,0.11087088795676561,0.0555298624001809,0.02761763113949494,-0.010090939429043386,-0.05702236727196274,0.030596619770490382,0.01755243605504368,-0.010388919525542793,-0.006284029274728945,0.11769575380573073,0.01015033491316886,0.004120931153336452,-0.07868498521491445,0.13823847221455401,0.015687095355651638,-0.03217150742830368,-0.05478373522731716,-0.16080387160518955,0.0391723374838433,-0.043037922275731985,-0.053654424361914525,-0.09836097917274086,0.12040858877575508,0.025670601000487816,0.013747998877699818,-0.05377579212732885,-0.6594267514196561,-0.3680303272321312,0.3400623476650025,0.0,47.83164314169164,44.17135812346143
Gemma 4 - 26B-A4B,Gemma 4 - 5B,structured-wikipedia,StudentTSkewed,hc_values_per_expert_standard_1_new.parquet,8.193629238060518,2.0,11.571545752825374,3.0,0.04844148742253008,0.0,-0.02500321449521594,0.05702063192812973,-0.03509389488045836,-0.04358638304001044,0.04990934307994093,-0.03298950919363869,0.041493764795574,0.004143310874690108,0.001984948406630817,-0.06649697929078993,0.05287732105343962,-0.03707884328708918,-0.03479362135578037,-0.03935098001489856,-0.0518649056324568,-0.0364423464192095,0.040196939754606656,0.0011670982121256722,0.04113350936394062,0.0018898094676927963,-0.00975033722317056,0.07122766536943287,-0.026452622652211634,-0.022522958317863693,-0.03293037494577991,-0.010173945565464172,0.0011703043641036201,-0.01985554889163139,-0.0035852082135423794,0.004092537691987698,-0.0444293140944952,0.0024527685757148184,-0.045455396699400206,-0.03859923538418714,0.027723971458445035,-0.09000292634592338,-0.04398266726899698,-0.09363178953262166,-0.02033516844778398,-0.06437486829550892,-0.024024865326005163,-0.06693488923512597,-0.018746105402543917,-0.016867651505055363,-0.019996222393189874,-0.01757957829976767,-0.3335892580396515,-0.3064648529289697,0.3435159163117309,0.0,6.790010936930367e+297,56.25904112363328
Gemma 4 - 26B-A4B,Gemma 4 - 5B,structured-wikipedia,StudentTSkewed,hc_values_per_expert_hat_1_new.parquet,11.474708348523514,3.0,16.43907218374043,25.0,0.04844148742253008,0.0,-0.005953443438802391,0.05702063192812973,-0.03629279918719307,-0.0339053819497917,0.04990934307994093,-0.03729648741743884,0.0568342335938728,0.004143310874690108,0.008399169950766918,-0.0627876770326752,0.05287732105343962,-0.04469196913795999,-0.014795391325940302,-0.04087455278597369,-0.041456970840317194,-0.0410277161461344,0.055778047798140135,0.007541537026488115,0.05654806591787149,0.008275907720761535,0.02051254016013215,0.07122766536943287,-0.022098265918347085,0.009487600911575836,-0.029297523147981248,0.00022311631242092527,-0.0013431563028888831,-0.008329418756666832,-0.0066634496363702014,0.03227028437877022,-0.03263647757598347,0.031140636938171623,-0.03374568222287349,0.022144628073683816,0.027723971458445035,-0.08420834864067213,0.0180966739333947,-0.0885448987479557,0.022179873615074334,-0.06283637656012542,0.01940320499603448,-0.06592281329896492,-0.005886442771917364,-0.01165662057834552,-0.0068359442037977435,-0.012471133516002837,-1.087871555753037,-0.34450594582680255,0.26873645967959403,0.0,6.790010936930367e+297,56.25904112363328
Gemma 4 - 26B-A4B,Gemma 4 - 5B,structured-wikipedia,StudentTSkewed,hc_values_map_agg_standard_1_new.parquet,9.582391542107182,5.0,10.139263580021874,5.0,0.04844148742253008,0.0,0.07630016495896508,0.08955012525319717,0.019485922120745517,0.040032092849521174,0.05139455799964064,0.015391779491434096,0.05893517778042417,0.060367036049643635,0.004736776162584897,0.01736498717854091,0.02918308920355353,0.01474914595816062,-0.04674305438768942,-0.05366292630909398,-0.02080349067109538,-0.020410577490705156,-0.043201088643240314,-0.05654713038216659,0.016659826437760764,-0.02140200832173875,0.08378350291704573,0.060657519747235954,0.024867865821035236,-0.054875593226476824,-0.054866773185182134,0.03009639107654584,0.020054020967103826,-0.008322924766494301,-0.001968647347756634,0.07547875504782414,0.0009384452590594427,-0.0712931664637965,-0.08364058218003566,0.0693733951316669,0.02510855932469468,-0.04017768193231884,-0.16755685140917106,-0.16653368210690533,-0.002108339680272237,-0.04630735581694176,-0.1220734665833843,-0.10138806809465209,0.09487877503840891,0.020281077193661692,-0.024747781917381324,-0.056331064312277704,-0.15133413672562115,-0.41307769852838083,0.4485137919997369,0.0,40.07066177110999,38.33226408681237
Gemma 4 - 26B-A4B,Gemma 4 - 5B,structured-wikipedia,StudentTSkewed,hc_values_map_agg_hat_1_new.parquet,10.368118847976667,6.0,12.025109369303681,7.0,0.04844148742253008,0.0,0.10033427979010529,0.08955012525319717,0.018562567717255826,0.045203550917282086,0.05139455799964064,0.014244237188893734,0.09234463747602217,0.060367036049643635,0.005346926092182474,0.007989642314083112,0.02918308920355353,0.013215641625073353,-0.015800162763808554,-0.05754454314633022,-0.020578672492920082,-0.02310565867695092,0.012510567513232604,-0.05819812214523258,0.05788025261825326,-0.021554775490545477,0.11055257220618309,0.060657519747235954,0.025980039263120955,-0.018311368462653042,-0.05645575717118952,0.03316040671314638,0.01963157052844424,-0.007415419151427624,-0.003202884557997734,0.11224000574394492,0.00352682208458015,-0.014766763818230432,-0.08377273179739271,0.13767491150034167,0.02510855932469468,-0.03481510348118946,-0.07645919782474261,-0.1667091347479126,0.03878326833011889,-0.0439560122315206,-0.06919013111849898,-0.10172828107190045,0.12028078006072415,0.023635443157710538,0.010169782806043538,-0.05601896493742817,-0.680724470265693,-0.4636726934251218,0.3779171132086728,0.0,40.07066177110999,38.33226408681237
Gemma 4 - 26B-A4B,Gemma 4 - 5B,structured-wikipedia,KDE,hc_values_per_expert_standard_1_new.parquet,10.53290193219103,3.0,12.473751367116297,6.0,0.0,0.0,0.0008457265930763647,0.006787287398233001,-0.03805714439184364,0.00352505879926763,0.01696975086404731,-0.019419142463511133,-0.005496318813003664,-0.021517789772836162,-0.0304897567746474,0.006342045406080029,0.028305077171069164,-0.00756738761719624,-0.035922757096200846,-0.060902349877587414,0.0005436355030676401,-0.02581074691810928,-0.06646862816270432,-0.05930676018147808,0.017010647387240622,-0.023823680746588926,0.031625367327622736,0.004833910813021935,-0.025205108434209467,-0.05165002931896982,-0.07302867178983537,0.05323031322770884,0.01700744574373894,-0.0005198482280779978,-0.019230167161363238,-0.05232141666567704,-0.07300735119406476,-0.08114507504095948,-0.07910402383312286,-0.045303423451357266,-0.01406648959077925,-0.0924104621366553,-0.1522707855656632,-0.14357349844893544,-0.015113770927524008,-0.058778289746442135,-0.10255686883761492,-0.10591867133368664,-0.03585728774506479,-0.028903045106511073,-0.03861724151500269,-0.021828591109589318,-1.1502397908344604,-1.360978427963568,0.2320918337767752,0.0,47.54182690421457,23.21163483422341
Gemma 4 - 26B-A4B,Gemma 4 - 5B,structured-wikipedia,KDE,hc_values_per_expert_hat_1_new.parquet,15.134752096244988,21.0,18.514537003281077,26.0,0.0,0.0,0.03815417178341737,0.006787287398233001,-0.038073202177282967,0.021639499799028877,0.01696975086404731,-0.02708544692341946,0.02623502542310419,-0.021517789772836162,-0.015218961461509185,0.011919146360313184,0.028305077171069164,-0.022854240715773782,0.03349206533086585,-0.06219303788494427,0.031989777794562545,-0.03555040231670703,-0.0029216690963686782,-0.04220675865286418,0.05703190363842257,-0.007153221200514429,0.07914317447971245,0.004833910813021935,-0.018128841759568703,0.039005177875651234,-0.06785020256427529,0.07016624223797602,0.012378472498726624,0.032403796519777324,-0.026951249134107475,-0.009256489999420268,-0.05279217899195809,-0.0003854362829688441,-0.05599446675341746,0.0450259600113342,-0.01406648959077925,-0.0851720697002249,0.027240172857759263,-0.14005014464176987,0.04515025206731969,-0.05757000409638922,0.018489886024746435,-0.10928250322666269,-0.012052017555142638,-0.02126416391276484,0.006681874501278304,-0.011860814555866307,-2.1816637925202347,-1.7991983549527044,0.18422931529142475,0.0,47.54182690421457,23.21163483422341
Gemma 4 - 26B-A4B,Gemma 4 - 5B,structured-wikipedia,KDE,hc_values_map_agg_standard_1_new.parquet,9.171846518410499,5.0,9.773058694859643,5.0,0.0,0.0,0.08079057426833038,0.06642794802358909,0.01569818658200306,0.04274696998253354,0.04182850065665162,0.014423748092480777,0.06168732553771977,0.03738737200283528,-0.00022311152516231447,0.019103248730610603,0.029040576020753807,0.015921298107165374,-0.03853947530933547,-0.04504052665730521,-0.016542007299995276,-0.015558365734421122,-0.036831569874431626,-0.05059799615693351,0.024520300994051874,-0.020816864080931273,0.08180376471940316,0.03153661209671463,0.01724397128174836,-0.053613730419886124,-0.04823316316164274,0.028160384885459782,0.018807160120654063,-0.009246511709600329,0.000972058328330638,0.07605930363557044,-0.008808971278949407,-0.06750205239359269,-0.07880277732232871,0.060989625690003706,0.0019384937298135086,-0.054143261514822946,-0.1719480232511764,-0.1566955756123586,-0.01035261974382469,-0.050748987673329284,-0.12828068180649954,-0.09331957130479471,0.09686542118239819,0.008883237922912783,-0.020742015452071685,-0.056448353087721906,-0.7076852989470862,-0.9027247235972918,0.24847637942340514,0.0,35.8407265562236,29.60775138991737
Gemma 4 - 26B-A4B,Gemma 4 - 5B,structured-wikipedia,KDE,hc_values_map_agg_hat_1_new.parquet,10.297256653299307,6.0,12.350346336128327,7.0,0.0,0.0,0.10462757648035939,0.06642794802358909,0.014961678952518308,0.047175245757901656,0.04182850065665162,0.013309171912492436,0.09622134089391196,0.03738737200283528,0.0006612164851735134,0.00840623558644743,0.029040576020753807,0.014300462467344795,-0.008160597410383606,-0.04751945484790125,-0.017825102692372218,-0.017609550803742494,0.020866307885012193,-0.05099131025668203,0.07003912478249986,-0.02032203847344868,0.11029575112030668,0.03153661209671463,0.01786055269461648,-0.015016308062297055,-0.049287620679305574,0.03113459946867634,0.017971444462857873,-0.009103001625011571,-0.00040923661598013083,0.11574053639105976,-0.006213031619452006,-0.006234594679779497,-0.0777968520326099,0.13652678113538289,0.0019384937298135086,-0.05063256758176292,-0.06907593379645495,-0.15659555941369876,0.0342024157083376,-0.049350379176438225,-0.07080409140129203,-0.09349428260419232,0.12601655837234593,0.011301986181063822,0.022348810364188912,-0.056039321507319904,-1.460404612714079,-1.1265505928413508,0.21817553551356092,0.0,35.8407265562236,29.60775138991737
Gemma 4 - 26B-A4B,Gemma 4 - 5B,structured-wikipedia,JohnsonSU,hc_values_per_expert_standard_1_new.parquet,9.611055413780532,2.0,12.182646737149106,5.0,0.00993437841779074,0.0,0.0015590626639319658,0.01386116238299153,-0.03488869775870361,-0.0007082998002029648,0.00814835202436003,-0.017153778701166505,0.004250322969620944,0.008958508699426335,-0.029245821995721177,-0.0026912603056889785,0.004902653683565196,-0.005642875762982433,-0.012784811488065909,-0.046839341877631835,-0.004267976081875507,-0.02065086635750359,-0.014745418616839106,-0.044010212357294416,0.0025648028401456242,-0.030471492006488438,0.025081027224114476,-0.002742884657400548,-0.02149807127223977,-0.047818645021722346,-0.06437540398564032,0.041899396539100305,0.019886471518449064,-0.0026001132189619205,-0.00954792976191339,-0.04088486912101441,-0.07265434977602792,-0.07108955308183179,-0.08404635530769243,-0.04502334817540342,-0.02119408687012013,-0.09167751213468779,-0.13540831036525253,-0.13571956196195015,-0.018148775986943214,-0.059571300504138336,-0.08999668275856507,-0.09890776017883934,-0.03068376355248649,-0.02668066631524691,-0.03623722386111018,-0.022548378766160556,-0.875058282132499,-1.0785166300887303,0.266001181351644,0.0,9.11410864017499e+295,27.91218613397364
Gemma 4 - 26B-A4B,Gemma 4 - 5B,structured-wikipedia,JohnsonSU,hc_values_per_expert_hat_1_new.parquet,13.781352533722202,13.0,17.97279438570908,25.0,0.00993437841779074,0.0,0.03349782370979,0.01386116238299153,-0.03399210325563242,0.01332401815180879,0.00814835202436003,-0.024868044835698162,0.034358345800823725,0.008958508699426335,-0.012218724443567459,-0.0008605220910337247,0.004902653683565196,-0.02177337881206496,0.025604532029738485,-0.04595910666641558,0.012261954692760786,-0.02900236602384059,0.022114746032903542,-0.02573301990958092,0.0333236590428643,-0.013289561423975561,0.06806824494526273,-0.002742884657400548,-0.012856282071948411,0.035494247859722175,-0.05702011976730636,0.055848214851251826,0.015462775871799011,0.025751190894702198,-0.016762894311254484,0.0007227678142394472,-0.050339635471957016,0.006849611772684919,-0.058433099589768105,0.042892143429150195,-0.02119408687012013,-0.08467473652535312,0.03627203261648816,-0.13353269304667528,0.04246378732080278,-0.060697945049983715,0.029170009308027343,-0.10609649809092571,-0.010615428224531195,-0.01565685389942706,0.001696900108083557,-0.008289113402124317,-1.8215137746168697,-1.3704348724367121,0.20841147072037228,0.0,9.11410864017499e+295,27.91218613397364
Gemma 4 - 26B-A4B,Gemma 4 - 5B,structured-wikipedia,JohnsonSU,hc_values_map_agg_standard_1_new.parquet,7.7152752460809335,4.0,8.406808239154211,4.0,0.00993437841779074,0.0,0.09138823693232358,0.08422559345860448,0.02390276911857054,0.04712482000811724,0.04959288126277807,0.018546035209756277,0.07223282591708,0.05427467351475683,0.0064781873457309125,0.01915541101524358,0.029950919943847645,0.017424581772839627,-0.02808387178537832,-0.040047118773338906,-0.014987341651602386,-0.013585602654125966,-0.02096873561930723,-0.04547952445775532,0.03171630553917869,-0.015301711815857917,0.09049631236295896,0.05009745667683939,0.021695769948424634,-0.04909274860933171,-0.04739987193912179,0.02728753377340488,0.018677718717002002,-0.015402881737867725,-0.0004995363678964079,0.09160155315674473,-0.0014621210502939476,-0.04831215531776914,-0.07460114967832296,0.07428708024232919,0.007568161023119146,-0.046513025717499545,-0.16392430236042962,-0.1478048590536233,-0.003577687990039862,-0.04537577165264268,-0.12528566764522206,-0.08663255902485703,0.10368837808149198,0.010446724673678656,-0.015119442096996689,-0.055564472703809764,-0.5794775324031581,-0.6860883178989732,0.22317524214143844,0.0,42.375067465954274,37.603274343761754
Gemma 4 - 26B-A4B,Gemma 4 - 5B,structured-wikipedia,JohnsonSU,hc_values_map_agg_hat_1_new.parquet,8.767225665329931,5.0,11.052542836310609,6.0,0.00993437841779074,0.0,0.10825456563209998,0.08422559345860448,0.023373924596011706,0.04761013800762624,0.04959288126277807,0.017564056688801944,0.10195275987212327,0.05427467351475683,0.007475729576772082,0.006301805759976714,0.029950919943847645,0.015898195019239624,0.00561008708959455,-0.042262117035455085,-0.014874090706847873,-0.015500455298867965,0.03993916803413854,-0.04566717694376095,0.07567283100073223,-0.014756213069643262,0.1119434698803641,0.05009745667683939,0.02255738081965064,-0.0037503349573115964,-0.048113900340303536,0.02878566284625157,0.01803486783777166,-0.012335084031894275,-0.0016732615225888957,0.122900930819861,0.001152199668832172,0.018013201188885275,-0.07345659443631113,0.13808512186963487,0.007568161023119146,-0.043218226098049525,-0.0436131587832905,-0.14759454131092636,0.036624619675382886,-0.04383439453855566,-0.05043018537178657,-0.08645179130499864,0.12423888506080366,0.01235460881169698,0.023202027875364555,-0.05557695955995245,-1.2571262595528159,-0.8371887999962218,0.19618017773987406,0.0,42.375067465954274,37.603274343761754
