Big Model,Small Model,Dataset,Estimator,HC_File,Avg_Experts_At_Max_HC,Median_Experts_At_Max_HC,Avg_Experts_At_Max_HC_Pmin_rm,Median_Experts_At_Max_HC_Pmin_rm,Avg_Significant_Pvals_Per_Token,Median_Significant_Pvals_Per_Token,Pearson_Max_Per_Row_Big,Pearson_Inverse_Min_P_Big,Pearson_HC_Pmin_rm_Big,Pearson_Max_Per_Row_Small,Pearson_Inverse_Min_P_Small,Pearson_HC_Pmin_rm_Small,Pearson_Max_Per_Row_Diff,Pearson_Inverse_Min_P_Diff,Pearson_HC_Pmin_rm_Diff,Difference_Pearson_Max_Per_Row,Difference_Pearson_Inverse_Min_P,Difference_Pearson_HC_Pmin_rm,Partial_Pearson_Max_Per_Row_Big,Partial_Pearson_HC_Pmin_rm_Big,Partial_Pearson_Max_Per_Row_Small,Partial_Pearson_HC_Pmin_rm_Small,Partial_Pearson_Max_Per_Row_Diff,Partial_Pearson_HC_Pmin_rm_Diff,Partial_Pearson_Max_Per_Row_diff_p_min,Partial_Pearson_HC_Pmin_rm_diff_p_min,Pearson_Max_Per_Row_Big_Q50,Pearson_Inverse_Min_P_Big_Q50,Pearson_HC_Pmin_rm_Big_Q50,Partial_Pearson_Max_Per_Row_Big_Q50,Partial_Pearson_HC_Pmin_rm_Big_Q50,Pearson_Max_Per_Row_Small_Q50,Pearson_HC_Pmin_rm_Small_Q50,Partial_Pearson_Max_Per_Row_Small_Q50,Partial_Pearson_HC_Pmin_rm_Small_Q50,Pearson_Max_Per_Row_Diff_Q50,Pearson_HC_Pmin_rm_Diff_Q50,Partial_Pearson_Max_Per_Row_Diff_Q50,Partial_Pearson_HC_Pmin_rm_Diff_Q50,Pearson_Max_Per_Row_Big_Q90,Pearson_Inverse_Min_P_Big_Q90,Pearson_HC_Pmin_rm_Big_Q90,Partial_Pearson_Max_Per_Row_Big_Q90,Partial_Pearson_HC_Pmin_rm_Big_Q90,Pearson_Max_Per_Row_Small_Q90,Pearson_HC_Pmin_rm_Small_Q90,Partial_Pearson_Max_Per_Row_Small_Q90,Partial_Pearson_HC_Pmin_rm_Small_Q90,Pearson_Max_Per_Row_Diff_Q90,Pearson_HC_Pmin_rm_Diff_Q90,Partial_Pearson_Max_Per_Row_Diff_Q90,Partial_Pearson_HC_Pmin_rm_Diff_Q90,Avg_HC_Max_Per_Row,Median_HC_Max_Per_Row,Avg_HC_Pmin_rm_Max_Per_Row,Median_HC_Pmin_rm_Max_Per_Row,Avg_Inverse_Min_P,Median_Inverse_Min_P
Qwen,Qwen Small,lambada,GMM,hc_values_per_expert_standard_1_new.parquet,11.292687796356377,7.0,13.97125031195408,13.0,0.15205889693037186,0.0,0.1437859348815318,0.038123677802512454,0.12035878359389665,0.23325505675867833,0.03946603102446656,0.2109701397053885,-0.14559687716800743,-0.0010583808142403694,-0.1482466484219403,0.2893828120495392,0.03918205861675282,0.268605432015837,0.11673108837726233,0.092522548480877,0.20152842606029148,0.17836926447248244,-0.13700971432105197,-0.13965600676631243,-0.1457671507578937,-0.1481754054328289,0.16532692065316618,0.03686247975806539,0.13980291477487533,0.13571222330550875,0.10846974396186605,0.2289528491479444,0.20398595462199415,0.19746659534843608,0.17060000129527259,-0.18052780938297308,-0.17399912264749884,-0.16643532809995543,-0.1591595479390428,0.1503332669521523,0.017684876347799614,0.12049335423996532,0.12467737214323815,0.09092578419793368,0.1578397880185419,0.12088550776064455,0.13343822123435126,0.0914740581396882,-0.060728307957626224,-0.036978503042786194,-0.05545409359878689,-0.02833667826670566,-0.04926747453807174,-0.5236841443695751,0.741770180216673,0.0,1.6471175442974794e+297,35.762078905465046
Qwen,Qwen Small,lambada,GMM,hc_values_per_expert_hat_1_new.parquet,14.221861741951585,15.0,17.337833790865986,23.0,0.15205889693037186,0.0,0.13344411758777014,0.038123677802512454,0.13439363474052052,0.21151563199564877,0.03946603102446656,0.22889530764923335,-0.12679936770029412,-0.0010583808142403694,-0.15433385254689858,0.2602434852880643,0.03918205861675282,0.2887274872874191,0.10964053495464372,0.10820817223740736,0.18216381994532257,0.19830932238498097,-0.11681471231240363,-0.14616573717909973,-0.12649687898438472,-0.15426863389254106,0.1539556092391789,0.03686247975806539,0.1558708747966924,0.1274053515001025,0.1266209160933853,0.2127918348771402,0.2243411359969311,0.1834959968081996,0.19342711602270918,-0.16726085647748007,-0.18764504736095317,-0.15239343029451635,-0.17408738531502274,0.16137764833947668,0.017684876347799614,0.1462024752688587,0.13869938154562356,0.1205322102025422,0.17829826283222658,0.15160253872983914,0.15747911048496696,0.1267545423966938,-0.08361931942090262,-0.05510824107525573,-0.08041300858366657,-0.04895296667562289,-0.9195960781378516,-0.5818105148636771,0.4513979141441579,0.0,1.6471175442974794e+297,35.762078905465046
Qwen,Qwen Small,lambada,GMM,hc_values_map_agg_standard_1_new.parquet,6.9717494384826555,6.0,7.783728475168455,5.0,0.15205889693037186,0.0,-0.0709680833087567,0.03167995649069971,-0.10363892375399879,-0.11247562001256693,0.04703571937406847,-0.13459243443861102,0.06741354789163065,-0.02476986184319625,0.04868457874616193,-0.13838163120038735,0.056449818333895965,-0.15232350250016072,0.021262674598169724,-0.05652877388877361,0.024497234248883067,-0.04773917962959547,-0.004538979192300168,-0.016923508453472545,0.09273649498522178,0.06332084336550169,-0.009390817358916267,0.0811638787779979,-0.05452775531358872,0.031965027623776815,-0.05210855427043281,-0.0653745286086552,-0.09500823559590543,0.03487319811019601,-0.041405916421336265,0.11793042102273908,0.09962560753101488,-0.015466661687317428,-0.006722025362759428,0.07644683432161302,0.05236512448416317,0.027961839923947684,0.09702197922481134,0.014988399269430686,0.07091521041195567,0.03749836668694613,0.09503235768365692,0.030894267177667238,-0.011440740194268224,-0.02822295501320276,-0.02499790527616083,-0.037569221330137355,0.24982383895980687,0.05900762657714201,0.23503192761383626,0.0,62.2951516703392,56.11880248559335
Qwen,Qwen Small,lambada,GMM,hc_values_map_agg_hat_1_new.parquet,7.291140504117794,6.0,8.715822310955827,6.0,0.15205889693037186,0.0,-0.05355637461425997,0.03167995649069971,-0.1001180020172884,-0.09534209661546977,0.04703571937406847,-0.13096893124986012,0.06842539898362376,-0.02476986184319625,0.048622720072557954,-0.12198177359788373,0.056449818333895965,-0.14874072208984634,0.05317947073175585,-0.0507964836472507,0.05347807529456556,-0.04155704969740632,0.0016372392455996886,-0.017443336605535972,0.09358733394914613,0.06289663590840487,0.0078745821019543,0.0811638787779979,-0.049695413925802366,0.06297209474331593,-0.04477966108813372,-0.04804752544493408,-0.08963803532266341,0.06284556884064389,-0.033505872436364346,0.11261267348620163,0.09706681563009603,-0.018360836913703247,-0.010070445610860755,0.08769467811842604,0.05236512448416317,0.03166657513677189,0.11127565269022642,0.019838147168475886,0.0777952092984329,0.03996140589481439,0.1018461031889205,0.03390538549387667,-0.005733695821272306,-0.026752768630529555,-0.013810419802326912,-0.035203008532252146,0.12957488289934443,0.05840715874482178,0.1915312357352883,0.0,62.2951516703392,56.11880248559335
Qwen,Qwen Small,lambada,GLM,hc_values_per_expert_standard_1_new.parquet,13.995632642874968,19.0,17.03299226353881,26.0,0.0,0.0,0.09025495303965823,0.12411688036744167,-0.006209726759402301,0.15888227770897678,0.13769857344306272,0.06577850389425288,-0.11230746035404465,-0.018899428221687574,-0.12096617175694724,0.2025624133937029,0.14301630858912925,0.11475644499754493,-0.07887273905708496,-0.08270914074970036,-0.037382373319035246,-0.02951127245305656,-0.07216509568773607,-0.0916455968830423,-0.1584418685578198,-0.12058661100903909,0.11993063674179708,0.14084425812972706,-0.002099981969818118,-0.0855105170237882,-0.10728555420047721,0.1710335830504196,0.04694396855543133,-0.03456217227640697,-0.06771146887164321,-0.14113053528467484,-0.10020685331250882,-0.07866107187117738,-0.04946562562360293,0.12618187470127018,0.12451279046619723,-0.019033536905771233,-0.061300285877862376,-0.1337142860355068,0.13439593693366708,-0.03364742092293317,-0.05054887848481414,-0.15371028912771925,-0.05495118885766116,0.03610156011967568,-0.003976058409146308,0.08039893236307909,-2.293258183664517,-2.534872740828798,0.05308749179361269,0.0,20.37939228902055,11.583579258697679
Qwen,Qwen Small,lambada,GLM,hc_values_per_expert_hat_1_new.parquet,19.575168455203393,26.0,21.877140004991265,26.0,0.0,0.0,0.13306689541266614,0.12411688036744167,-0.005428754962866327,0.20608880239506894,0.13769857344306272,0.06779066325812264,-0.11833965577012445,-0.018899428221687574,-0.123007233650966,0.2514065511827906,0.14301630858912925,0.11757847868809967,0.03947098518400493,-0.08351298772149973,0.08898133842168246,-0.02916740028727148,-0.07971315732793002,-0.09357582164194644,-0.1278781523659672,-0.12285100671736747,0.1487113201883846,0.14084425812972706,-0.0007302157088345915,0.021834572872209815,-0.108146496679312,0.20759373261563546,0.04960398622617859,0.07679715314785517,-0.06714065202510977,-0.1657790508261981,-0.10327155180407346,-0.11733791488633873,-0.05211520331312751,0.14055600802365892,0.12451279046619723,-0.016204463877946627,0.005505773962232233,-0.13319232440125742,0.1557805076697207,-0.0306372112162751,0.02583787512630422,-0.15315085274512755,-0.07384321183968903,0.034875817233930226,-0.04330495662628335,0.08016828427144512,-3.4871260008185803,-3.2340600285468093,0.04706802579221921,0.0,20.37939228902055,11.583579258697679
Qwen,Qwen Small,lambada,GLM,hc_values_map_agg_standard_1_new.parquet,19.129049163963064,25.0,19.303918143249312,26.0,0.0,0.0,0.023700948601016417,-0.025393730508342118,,0.06802145532889219,-0.00716725247935709,,-0.07361266166830946,-0.031372889939430104,,0.09731361026932588,0.005979159431087986,,0.0023387515362356696,,0.03526873870660032,,-0.054824429402006075,,-0.07493970424977577,,0.03838459334454052,0.029778973038429826,,0.03281120939553856,,0.06990840329591302,,0.047732093665674324,,-0.07635631576492208,,-0.0405703386970719,,0.09478447965281785,0.005367679923358991,,0.10605019965052621,,0.08909362175335386,,0.09846208490352755,,-0.01661319827515243,,-0.0160751409336272,,-2.2658218528226564,-2.322744428526395,0.0,0.0,9.369958664751996,9.335065603052211
Qwen,Qwen Small,lambada,GLM,hc_values_map_agg_hat_1_new.parquet,20.85907162465685,26.0,21.320464187671575,26.0,0.0,0.0,0.049084176011798174,-0.025393730508342118,,0.09804614053759386,-0.00716725247935709,,-0.08060471342441451,-0.031372889939430104,,0.12968888943621268,0.005979159431087986,,0.010820269781590217,,0.039872360716815096,,-0.04801103226187621,,-0.08727009686993352,,0.042445427081739845,0.029778973038429826,,0.03442414445337742,,0.0822062469137267,,0.04501864075969622,,-0.0945132066027008,,-0.03209475752944823,,0.07600896875723995,0.005367679923358991,,0.09619575065467043,,0.07128920392356823,,0.08824466541864151,,-0.012997562081075746,,-0.012360917250770985,,-2.8246998687541307,-2.750272423873197,0.0,0.0,9.369958664751996,9.335065603052211
Qwen,Qwen Small,lambada,StudentT,hc_values_per_expert_standard_1_new.parquet,7.770975792363364,3.0,11.8239580733716,4.0,4.991265285749938e-05,0.0,0.07173762884136847,0.03524409805417284,0.03308090507135532,0.15312389623821993,0.03334297825344436,0.12251909123088418,-0.1342923905903942,0.004292904920635702,-0.1490110900461865,0.20603001943176266,0.030951193133537138,0.18209199511754182,0.04665138229736772,0.00850565552293614,0.10720464619183621,0.0804999371138637,-0.09956742927323793,-0.1202218403757728,-0.1447005550495371,-0.15007323818687993,0.10214947659746174,0.024690000146337918,0.04939811430025625,0.04392027590244502,-0.00012076933803707378,0.16150213749037523,0.11666424539854944,0.10379484877700743,0.061718404917774375,-0.15274644499643322,-0.15315672599512042,-0.13552835616601075,-0.12660779407397774,0.12999613875105218,0.02563782422043951,0.07399967043279704,-0.0035402036168069775,-0.033603370649264615,0.14034253003161562,0.07734689061509448,0.00030393495649457555,-0.03730239872715036,-0.06053005685425301,-0.029169571034762698,-0.006854815529121821,0.01745177385189659,-0.6583105219029656,-0.9661611620808077,0.16009302265100575,0.0,60.72224087137636,35.169458780927044
Qwen,Qwen Small,lambada,StudentT,hc_values_per_expert_hat_1_new.parquet,10.830471674569504,4.0,15.945994509608186,23.0,4.991265285749938e-05,0.0,0.051620086247333496,0.03524409805417284,0.04326758192180874,0.12244069632694307,0.03334297825344436,0.13395005292802276,-0.11719668279447037,0.004292904920635702,-0.1507796373595261,0.16881676904180387,0.030951193133537138,0.19404721928133484,0.011356161329826243,0.019435087025418643,0.05525888317987674,0.09266037601189983,-0.0730703036699652,-0.12185447491885952,-0.12619772180904026,-0.15190267194724003,0.09389529898423628,0.024690000146337918,0.06145050683514801,0.024375920085769283,0.012685545993925858,0.14392584498667962,0.13067183898037676,0.07314334800191845,0.07702624557583221,-0.13109770452900926,-0.1608004955527706,-0.10703730546073766,-0.13549464510554768,0.1449916337582226,0.02563782422043951,0.08903521711266252,0.01085824596276575,-0.01742628474152398,0.158355050609367,0.09569608936055177,0.020329516135007417,-0.016999079034863966,-0.07130438783909927,-0.04057274825454906,-0.02263242371037649,0.004234272715571535,-1.146258299727146,-1.1966927022217313,0.1339354008049581,0.0,60.72224087137636,35.169458780927044
Qwen,Qwen Small,lambada,StudentT,hc_values_map_agg_standard_1_new.parquet,15.311330172198652,12.0,15.961417519341152,17.0,4.991265285749938e-05,0.0,-0.002966293886647875,-0.01757185535821071,0.01600487138262552,0.005491548105744713,0.00069760535794348,0.045944935812044715,-0.014282253101602645,-0.031200101728353836,-0.04972813397280203,0.01131595921495477,0.013628246370143128,0.06573300535542755,0.027640665980545348,0.012351414712963728,0.05510247901517987,0.04046423476439954,-0.044670182730166444,-0.046379145881466174,-0.008581482959653833,-0.04908328244800363,0.049372388999925784,0.03784373428135898,0.014254794149671304,0.05896755650626647,0.013013055558067317,0.04521164659068071,0.032216373484903575,0.0741610819520582,0.027905814552279876,-0.006289688353703426,-0.04121633274112499,-0.04886025641984339,-0.034659416117948004,0.13825595618811237,0.013480949962386572,0.01666155484367123,0.13608435217169665,0.017012871943521902,0.13179820839766415,0.006876827538515973,0.13020591667280382,0.007149330802641837,-0.02806533801007455,0.015346497502215737,-0.028648372985223075,0.015396609515058078,-1.2372956557561585,-1.276055173306478,0.0027448205784019915,0.0,17.398239376965066,17.205022668617126
Qwen,Qwen Small,lambada,StudentT,hc_values_map_agg_hat_1_new.parquet,16.96246568505116,20.0,17.69059146493636,24.0,4.991265285749938e-05,0.0,-0.023689309438540883,-0.01757185535821071,0.016166633141728934,-0.014485407609954822,0.00069760535794348,0.046234594850342085,-0.01618271358430492,-0.031200101728353836,-0.049937637405319965,-0.0075065958542359645,0.013628246370143128,0.0661042705470489,-0.0008783252017065508,0.012456720013398847,0.022841768669671234,0.040666098186698973,-0.039592905924037844,-0.046535879164200177,-0.01198458387906398,-0.049291299888323634,0.021944557621467062,0.03784373428135898,0.01426412008584316,0.02815549871401646,0.013000691890707312,0.019408424275868138,0.03232408840915135,0.04018071725232925,0.02793625465647265,-0.0013834494262086373,-0.041421432258812244,-0.03320049213191992,-0.034744327469196576,0.10978955348348729,0.013480949962386572,0.01658788508803944,0.1086294785636811,0.016966376204448966,0.10568971610374478,0.006626440604611903,0.10478917888768086,0.006920202229264375,-0.024425070142241573,0.01573608559155532,-0.02464022387647831,0.015790261215077595,-1.456498266865304,-1.4488403608947025,0.002658418271347914,0.0,17.398239376965066,17.205022668617126
Qwen,Qwen Small,lambada,StudentTSkewed,hc_values_per_expert_standard_1_new.parquet,9.27207387072623,2.0,14.026653356625905,16.0,0.0028450212128774644,0.0,0.0601644015715484,-0.004194536090466828,0.0864565312394856,0.14634390093337982,-0.00030600704550406597,0.17245873550588148,-0.14269615363860189,-0.006654956790162707,-0.1415755209587206,0.20286055521015028,0.002460420699695879,0.22803205219820621,-0.08432442268117596,0.014940513108992767,-0.06266557719630038,0.051323151488395516,-0.040474177060730795,-0.05973245607683606,-0.09548925054125104,-0.11439852951685824,0.07310693896627288,-0.005695412157287308,0.10296404087894813,-0.06902666373435842,0.03090775927092067,0.12489468327716159,0.1670578891828364,-0.04504729495753772,0.07645390037799255,-0.12846033012896946,-0.1627396116395387,-0.029185965142272393,-0.10218425747998863,0.10225212542510595,-0.0136105004950325,0.08744820616860645,0.02025008080196625,0.00901883629942497,0.10193113219152357,0.08397394892486276,0.03595270229475077,0.012469903977296377,-0.03002089282134239,-0.019020754776178823,-0.03858349035336842,-0.009850314957895064,-0.8008225054169253,-1.0729016631036155,0.2915828509244861,0.0,37813835.8439629,30.5126651424432
Qwen,Qwen Small,lambada,StudentTSkewed,hc_values_per_expert_hat_1_new.parquet,13.098752183678563,9.0,18.691315198402794,26.0,0.0028450212128774644,0.0,0.0701920693855654,-0.004194536090466828,0.09678303550670939,0.14767157011111992,-0.00030600704550406597,0.1847638623205555,-0.1277865564475173,-0.006654956790162707,-0.1445716590722409,0.19797862583308268,0.002460420699695879,0.24135469457895029,-0.021432251424690137,0.029561176493887755,-0.004487456744466408,0.0687360338174716,-0.029316619013375556,-0.0636062498789323,-0.07364892953395467,-0.1174756977591233,0.0772808728520752,-0.005695412157287308,0.11615553631972075,-0.018217847214456122,0.050596165813031405,0.12632987382959612,0.18242911933248124,0.0022716579369499454,0.09973763391531897,-0.12408420914902338,-0.17118752749796634,-0.036700246555655125,-0.115227468456136,0.1048226739438819,-0.0136105004950325,0.10691986337346385,0.035857312225146314,0.041485333035307576,0.11053476023811595,0.10694989995877675,0.05632595873284507,0.05090724509241846,-0.04333798257805082,-0.03215175206138925,-0.05313269467619188,-0.031951806568845734,-1.6574185532587937,-1.391194086126002,0.2183270247060307,0.0,37813835.8439629,30.5126651424432
Qwen,Qwen Small,lambada,StudentTSkewed,hc_values_map_agg_standard_1_new.parquet,16.154829049163965,15.0,16.69660593960569,21.0,0.0028450212128774644,0.0,0.0005395516194738915,-0.020597309969274516,0.03354402487015338,0.016170585671349963,-0.0023173071842936795,0.07549979222084771,-0.02620666180729955,-0.03131251302114606,-0.0693372526649493,0.02674621342677344,0.010715203051871541,0.10288127753510268,0.01993299829971614,0.02682356284418783,0.0478737703033287,0.06528674320396485,-0.04578418261063136,-0.06305153699846719,-0.022308005367436847,-0.06880468173804133,0.045566509729946254,0.034824771560564086,0.03530182148074964,0.05068679231351961,0.03314472173945939,0.048799699609332794,0.06234319896027031,0.065643304846757,0.05461058148063743,-0.020347906929962183,-0.06621320120178552,-0.04592431617185487,-0.05421116315168949,0.12773802883946433,0.010565254166858575,0.04332679938114177,0.127140613004291,0.045067952026693114,0.12219892551549102,0.03519091673865237,0.12172583373205922,0.03655511521004663,-0.02681894133850375,0.003914876862379348,-0.026927129893908008,0.004162567092430777,-0.9206431550222269,-0.9417481521501411,0.009574220916730462,0.0,18.71915403214344,18.55232335306064
Qwen,Qwen Small,lambada,StudentTSkewed,hc_values_map_agg_hat_1_new.parquet,17.17826303968056,21.0,17.8079860244572,24.0,0.0028450212128774644,0.0,-0.01675468931203984,-0.020597309969274516,0.03415841001611915,-0.0027352257571971518,-0.0023173071842936795,0.07639780894141869,-0.02404446803500597,-0.03131251302114606,-0.06979385385375592,0.007289778722966128,0.010715203051871541,0.10395226386987506,-0.0005143290508763559,0.027324196797307954,0.023887052814637814,0.06600910413870142,-0.0407167087122524,-0.06340087115483402,-0.02093282575786808,-0.06926884357527517,0.024447787887528924,0.034824771560564086,0.03601568528575519,0.028437208952684912,0.033823756603891086,0.02675684354164199,0.06332733623565387,0.04050482669019844,0.05545803988788984,-0.012098172769144684,-0.06698353804432222,-0.03337284326918393,-0.054760295653476024,0.10791432102821277,0.010565254166858575,0.04419865132408872,0.10799681960295297,0.04601056476409563,0.10344123253758901,0.03607811359363588,0.10349744635565664,0.0374983368930071,-0.02308610227689979,0.0036213032837043415,-0.023080752206448493,0.0038782054202649375,-1.054128216278037,-1.0671621173008141,0.009178462450545904,0.0,18.71915403214344,18.55232335306064
Qwen,Qwen Small,lambada,KDE,hc_values_per_expert_standard_1_new.parquet,15.669777888694783,22.0,17.653656101821813,25.0,0.0,0.0,0.11102102732256416,0.12179068942773963,0.029495632423123648,0.2091172752966221,0.14662061111532454,0.11552389776444486,-0.16109610928376888,-0.03784295905338754,-0.14340265641306335,0.2721171366063331,0.15963364848112715,0.172898288836187,-0.057920292522127506,-0.09411303725278204,-0.001212802696009041,-0.04901199581072305,-0.0965236193478404,-0.07962846132500297,-0.15845535541029337,-0.12650207745043682,0.12845943085019745,0.1325481204867536,0.04461744711752199,-0.09298671958519658,-0.120879964877786,0.20363267915690686,0.11112181186873915,-0.038221412321567734,-0.08194232663697587,-0.19318528258458734,-0.1501530992156972,-0.08528970561502021,-0.045732198532931485,0.1333969788804169,0.13700730471029085,0.05914609405616783,-0.10953826009010846,-0.13588444564672736,0.15187375407117942,0.059119649094547366,-0.09928514480121983,-0.1533219842500083,-0.07845761805198172,-0.017696212233769555,0.010659448974438249,0.07465602515230717,-1.6496833183048512,-1.8417374178541515,0.180034621904638,0.0,23.950422771820698,12.373550723351105
Qwen,Qwen Small,lambada,KDE,hc_values_per_expert_hat_1_new.parquet,19.299950087347142,25.0,20.81118043424008,26.0,0.0,0.0,0.13110178357585417,0.12179068942773963,0.03648181015504098,0.2205331486546976,0.14662061111532454,0.12420007840775885,-0.14593066778519262,-0.03784295905338754,-0.14601917276666673,0.2770324513610468,0.15963364848112715,0.18250098292170772,0.013460379280730633,-0.08891963547015981,0.05835550237646506,-0.04221233729563426,-0.07288600279936122,-0.08195565289910384,-0.13030145856302514,-0.1292022973105145,0.1408871321786535,0.1325481204867536,0.05298546472540797,-0.019140472303789912,-0.11489648286756675,0.21191602081175903,0.12146106385317906,0.02604625156082323,-0.07346370993089861,-0.1884007145988416,-0.1567220753686967,-0.08604671323950566,-0.05239999322605609,0.13685941328430082,0.13700730471029085,0.06988032403655782,-0.05287377687576567,-0.12602605238749823,0.16045828667061474,0.07201645187796915,-0.033605777079569084,-0.14074399822559502,-0.0901480269291826,-0.02541482389275764,-0.024023876678111063,0.06627675386520614,-2.5180529443013286,-2.303657566859521,0.14874904051671056,0.0,23.950422771820698,12.373550723351105
Qwen,Qwen Small,lambada,KDE,hc_values_map_agg_standard_1_new.parquet,15.83097080109808,13.0,16.286848015972048,18.0,0.0,0.0,0.012825519656737438,-0.014943355557593584,0.010056947696454007,0.029868632989087006,0.0030378164918328765,0.032436824823040805,-0.02819098343766529,-0.03063415461258552,-0.03723093906892167,0.041016503094402725,0.015690799054991936,0.04728788676537568,0.029396822396171272,0.008394276089477314,0.057146665424558186,0.02998057127365882,-0.04509631292168185,-0.03566929451810822,-0.024785342487318902,-0.03671964790223509,0.05589853326486763,0.039557425455354525,0.011621762029758393,0.05995007248581796,0.011117352091740638,0.06063092317785361,0.0245528055737652,0.07472621456196563,0.02271194216871801,-0.026536849163917683,-0.030081494975861652,-0.04830895026530395,-0.02728352027048016,0.13420375077970365,0.014545678488934139,0.018065558577734613,0.13380149336931507,0.017783427243229604,0.12729470525575828,0.012025508364788618,0.126969656825818,0.01180141351922629,-0.02591071122213783,0.007138179635852838,-0.025987547318782004,0.007094261886226413,-1.5831644972352386,-1.5939755617606508,0.0008273204071191952,0.0,13.824981559145362,13.703911698134462
Qwen,Qwen Small,lambada,KDE,hc_values_map_agg_hat_1_new.parquet,17.627202395807338,22.0,18.166383828300475,24.0,0.0,0.0,-0.007225653525739242,-0.014943355557593584,0.010121947054376442,0.013660300491455567,0.0030378164918328765,0.032570638367577946,-0.03526575313713827,-0.03063415461258552,-0.03734435075855734,0.028040099611399028,0.015690799054991936,0.04746629781293378,-0.0015224841107592598,0.008433832844715938,0.02314536891984025,0.03007404502208793,-0.04121390029774664,-0.035757630191070505,-0.03403927778042637,-0.0368316284628297,0.026118111831341217,0.039557425455354525,0.011554592135265482,0.026871375177865402,0.011040795085278896,0.03528282499090804,0.02453878964451688,0.03824970334018855,0.022661973990517587,-0.026696153407549154,-0.030170588159203798,-0.03149478196884289,-0.027315908123082714,0.10398435011677815,0.014545678488934139,0.01806901837437121,0.10661756297024705,0.017801742636636076,0.09903657817505847,0.011859378429799252,0.10113531485434694,0.011646859267536648,-0.020919531195025914,0.0074897979338109846,-0.020627909783232264,0.007448135807034308,-1.9104633776669737,-1.892764652988185,0.0008074405663791281,0.0,13.824981559145362,13.703911698134462
Qwen,Qwen Small,lambada,JohnsonSU,hc_values_per_expert_standard_1_new.parquet,15.553780883453955,21.0,17.49960069877714,24.0,0.0017219865235837285,0.0,0.10324055001521927,0.02601533102862907,0.026380134444686162,0.201006840665994,0.025607983678958668,0.11441505135260115,-0.1607861555885854,0.0014979156501438644,-0.14686667924268354,0.26402670560380465,0.024517415378485206,0.17324681368736972,-0.026948226624900522,-0.0966117453609041,0.02816359699713345,-0.05249296049126182,-0.09246445667531582,-0.07828298683789012,-0.15343136792170942,-0.1294571294998519,0.11890067171999551,0.03400448922538722,0.04219111194524378,-0.05112912841154446,-0.1210251943845536,0.19283854041983675,0.10864737679481379,0.0020838570231634973,-0.08225945135708841,-0.18777126885157036,-0.14932469017938985,-0.09386607582150827,-0.045152846767265845,0.12104301378968445,0.01836732228036126,0.05993438906733693,-0.03582674397112637,-0.10352378760590775,0.13732642522889665,0.06004890782711281,-0.012881187377867424,-0.1109460272708598,-0.0701888550419963,-0.018225928791589904,-0.03658526404415934,0.04577260419413688,-1.4219398181237346,-1.6137310109014034,0.1897490530239703,0.0,4825.649523665796,12.91231969716148
Qwen,Qwen Small,lambada,JohnsonSU,hc_values_per_expert_hat_1_new.parquet,18.5179685550287,25.0,20.06124282505615,25.0,0.0017219865235837285,0.0,0.11412937363908694,0.02601533102862907,0.03320040133833007,0.20512205350981302,0.025607983678958668,0.12342557927232728,-0.14908141923718485,0.0014979156501438644,-0.15032765301729775,0.2632107928762718,0.024517415378485206,0.18352805435562783,0.016564367850574257,-0.0891508857008281,0.06428667146192883,-0.042174197218553706,-0.07780032109532803,-0.08257471238181659,-0.13317452642340497,-0.1332648594586506,0.12631948987737096,0.03400448922538722,0.05072192902736031,-0.0018440195017931308,-0.11136554184111852,0.19659527549832204,0.1194958738970682,0.04379185636937294,-0.06912798670137799,-0.18247230844866183,-0.1566549339393163,-0.09214680440715307,-0.05488024003997211,0.12426073104822839,0.01836732228036126,0.07010886679199024,0.0001433724190119664,-0.08980551585024717,0.14736468971221575,0.0728686672029305,0.03018301659842438,-0.09302688206648188,-0.08533769115245368,-0.026780323282721168,-0.061766964539494394,0.03309624396613885,-2.1293863443846015,-1.9774405337597853,0.1577085472329861,0.0,4825.649523665796,12.91231969716148
Qwen,Qwen Small,lambada,JohnsonSU,hc_values_map_agg_standard_1_new.parquet,15.740054903918143,13.0,16.41956575992014,21.0,0.0017219865235837285,0.0,-0.0021943199763547797,-0.016801838467677084,0.005550735973468611,0.010818872513139843,0.0014527246357037475,0.02168838618908598,-0.021900410678472794,-0.03115099980716747,-0.02689969391953043,0.019706090702118016,0.014349161339490386,0.03245042989299904,0.024797002237139744,0.004955863356363974,0.054578234333984704,0.020912471439299325,-0.04865428815045819,-0.02640765488257014,-0.016195487719733077,-0.02650550572419137,0.049804793763714425,0.03856330751211504,0.011721262448256192,0.05786557265989505,0.011564080194002664,0.04941805702849572,0.020423205364846445,0.07427396864718512,0.019939988414389296,-0.014179351185808806,-0.021416045696547415,-0.0510481137526927,-0.020746639731130168,0.1379965613543817,0.014117135962673607,0.014473206424962403,0.13628306170512317,0.013849057450955259,0.13218674026626276,0.013449612229926272,0.13089465773793924,0.012956813419008496,-0.029334831006103977,-0.0022152338612056424,-0.02972630776838536,-0.002304211249942864,-1.6761541459665223,-1.6857843991783923,0.00024133713285127856,0.0,14.46307044958783,14.30563655920366
Qwen,Qwen Small,lambada,JohnsonSU,hc_values_map_agg_hat_1_new.parquet,18.055902171200398,24.0,18.7136261542301,25.0,0.0017219865235837285,0.0,-0.02526611377786082,-0.016801838467677084,0.005559826018695911,-0.006923850926237552,0.0014527246357037475,0.021731582052411914,-0.03156314185423926,-0.03115099980716747,-0.026956627269613467,0.006297028076378438,0.014349161339490386,0.03251645328830938,-0.013131649351550622,0.004957626269236787,0.01281743643459687,0.020944367883886324,-0.04380718115254565,-0.026457833974588934,-0.02873572097703753,-0.026562181014445473,0.013780190895466244,0.03856330751211504,0.011691390941754948,0.01635526256185535,0.011531066120974511,0.01986715537572568,0.020416509132435513,0.028928216450430207,0.019922152547510334,-0.01665848897175381,-0.02145471460459223,-0.030845958320045806,-0.020768286542088434,0.09654327373529914,0.014117135962673607,0.014505348408015007,0.09797917145447715,0.013885920489592635,0.09328524616215104,0.01339332193582176,0.09442818348435866,0.012904193373849324,-0.022200052196738377,-0.0020409882442088897,-0.0220427857452136,-0.0021292492964420156,-2.0358103167827712,-1.9986332184767421,0.00023676759786507413,0.0,14.46307044958783,14.30563655920366
Qwen,Qwen Small,hellaswag,GMM,hc_values_per_expert_standard_1_new.parquet,10.34576234865531,4.0,13.192756884174434,11.0,0.2733847637415622,0.0,0.057146702010264956,0.0038814153400230115,0.047062025942475536,0.07890755833986081,0.001728705834923571,0.061859646367374364,-0.039351135090733444,0.003824264495261953,-0.02681819158340744,0.09649783710099841,5.7150844761058583e-05,0.07388021752588297,0.04316563548241939,0.031883776002832986,0.06425476784512861,0.04506362353288702,-0.03798595659536717,-0.023772323921142632,-0.0398827220514358,-0.026996178679175992,0.09663524556404299,0.0003247300894060551,0.07972056842526032,0.081047659151216,0.06155857310910315,0.11764379196987629,0.08398275804524323,0.1074296522856883,0.06857111966005941,-0.08256777966601088,-0.03955329947788305,-0.08832497151217979,-0.03865178575046103,0.14869549353904965,-0.029828762423643504,0.06310400875748258,0.13795215011503484,0.008034136322814222,0.19980338841794304,0.06257672795456597,0.20165807943090447,-0.006806430464991684,-0.13932895512881516,-0.01667368655751776,-0.15968598099126027,0.026044485782311135,-0.06362532043700847,-0.8415079839652614,0.9178103757632942,0.0,2.625093753348334e+297,32.48830763900445
Qwen,Qwen Small,hellaswag,GMM,hc_values_per_expert_hat_1_new.parquet,14.328993892639023,15.0,17.630611807564556,23.0,0.2733847637415622,0.0,0.05190187699889358,0.0038814153400230115,0.030447529203344956,0.07459994815769051,0.001728705834923571,0.0485925706814153,-0.04099051805432295,0.003824264495261953,-0.03268876015117171,0.09289239505321653,5.7150844761058583e-05,0.06313628935451666,0.04074593926393089,0.01423543000005017,0.062461830024943904,0.03113687487047247,-0.03909024391586886,-0.03030758811724553,-0.04117808550514917,-0.032943803480269825,0.08753850793592319,0.0003247300894060551,0.07255325877620794,0.07358311621006973,0.05407051888381214,0.12174819829005436,0.07770654712950391,0.11160334971294521,0.06184715029831848,-0.10796804360683443,-0.038782172311993254,-0.11090013926495043,-0.0374801999520209,0.21094516931726343,-0.029828762423643504,0.09407379089956697,0.20210987836424818,0.05635642831835042,0.3059778986493915,0.10036465942928413,0.3080122324477709,0.05306972758282009,-0.24070980180446008,-0.038380463769772444,-0.25789818820340926,-0.009387583863870964,-1.1863666774223525,-1.0224302278077482,0.46213234032556955,0.0,2.625093753348334e+297,32.48830763900445
Qwen,Qwen Small,hellaswag,GMM,hc_values_map_agg_standard_1_new.parquet,6.707221686488803,6.0,6.776867030965391,5.0,0.2733847637415622,0.0,-0.23917259255280426,-0.09756866447423879,-0.21442566503894078,-0.2596150756705124,-0.0822624502533299,-0.2430008998655303,0.038301157516175674,-0.02668806324361951,0.052676378014093125,-0.27747375006897995,-0.07088060123061928,-0.2671020430530339,-0.009300028262558048,-0.048002131278958214,-0.031475243136414095,-0.07656211085611662,0.03823222789389297,0.04926027304551118,0.06873677241657533,0.0711392341391093,-0.1569223618343164,-0.017829927569978914,-0.16856141475642672,0.01392607931290605,-0.06250016155232199,-0.21380411470021926,-0.2154208649393679,-0.027371926119552227,-0.08599898492937554,0.18383479768798439,0.16634610851104864,0.08421405479748446,0.07315360985997918,0.024233956679312336,0.08750762150738194,0.02353378281562844,0.06658559570297562,0.03564802945249578,0.05663877473528685,0.047542175009377324,0.05033474054249542,0.03429110390676607,-0.06871473292764407,-0.05247325391511917,0.012497620625491639,-0.00738938936153716,0.11845193645640378,-0.023564567108646028,0.17842228151767786,0.0,51.9569028877521,46.991520147716514
Qwen,Qwen Small,hellaswag,GMM,hc_values_map_agg_hat_1_new.parquet,7.039483552984035,6.0,7.46480231436837,5.0,0.2733847637415622,0.0,-0.221766790494846,-0.09756866447423879,-0.2184310626014704,-0.235008157639044,-0.0822624502533299,-0.24769754521599502,0.02528988173820889,-0.02668806324361951,0.053942144414213675,-0.24705667223305489,-0.07088060123061928,-0.27237320701568407,0.02434570764069557,-0.05073353603199247,0.021088383839265406,-0.08056690239050938,0.005601604525070519,0.05145694114152471,0.051138923880188134,0.07278119955787156,-0.13639020921907313,-0.017829927569978914,-0.1695722158406761,0.0541477505256756,-0.062391779563155975,-0.189932645151058,-0.2184234670013544,0.022384527130366982,-0.08848536954900534,0.1687488724218612,0.17108253145746266,0.0492060646472136,0.07871950235500524,0.027747766955152197,0.08750762150738194,0.030192938113331045,0.070638171931914,0.04345689884994334,0.06026718714803015,0.051520740819849475,0.05606818355368132,0.03893720253700989,-0.06991827898323817,-0.04921658393316579,0.008138856617116072,-0.003513633199794675,0.0042821459958385195,-0.023653391309487248,0.14994083181883183,0.0,51.9569028877521,46.991520147716514
Qwen,Qwen Small,hellaswag,GLM,hc_values_per_expert_standard_1_new.parquet,12.470320368584593,4.0,15.745419479267117,25.0,0.0,0.0,-0.056312202321332466,-0.11620687591676598,-0.13662306725619325,-0.05859848948886903,-0.12955509229913242,-0.15447302310678498,0.004496229747712466,0.02472185963342041,0.03292436912065392,-0.06080843206904493,-0.1409287355501864,-0.16954743637684716,0.061898429421080814,-0.10478610305961124,0.07598250369378838,-0.12173129437170671,-0.025435177012832114,0.03077426138978228,-0.016305618683326934,0.03144060926717352,-0.005780499740066362,-0.06903359111088865,-0.1003795046923603,0.047653273030722004,-0.11355105850083774,-0.009555011001718608,-0.12358732320409788,0.08059177040706506,-0.12665262209632785,0.010441653234565343,0.08879443889302872,-0.09002015387657178,0.0715655520001248,0.160042719696451,0.11687811252177278,0.0004099731152525021,0.0063850904765661645,-0.10412313423044764,0.22311280133019135,0.029511889330482547,0.05198110919819767,-0.09911527617369637,-0.16536771633304204,-0.0557276815905597,-0.08740236432807555,0.017600892780015826,-2.4525160199901506,-2.7976506687122393,0.12905392683104575,0.0,39.06345648761837,9.410918784369443
Qwen,Qwen Small,hellaswag,GLM,hc_values_per_expert_hat_1_new.parquet,20.12455801992928,26.0,22.784742312225436,26.0,0.0,0.0,0.016221517129205193,-0.11620687591676598,-0.13241507663355412,0.006007769358414502,-0.12955509229913242,-0.14847690161289587,0.0181603911491768,0.02472185963342041,0.029694320532102532,-0.0019388740199716079,-0.1409287355501864,-0.16210939716565664,0.14006204393647328,-0.09905634219438961,0.1348284016132188,-0.11352403854125086,0.008526254762906835,0.02632929934647291,0.012343320970361792,0.027498131294044846,0.0353741373220675,-0.06903359111088865,-0.09306348616053634,0.09077771630671617,-0.10471152959343308,0.02428956848973604,-0.11498279352531987,0.09740918722134663,-0.1158019257023171,0.010807402960209128,0.08320343399142835,-0.048812634809009506,0.0638274629627569,0.08039606970866287,0.11687811252177278,-0.002216045580954118,-0.07396379409371524,-0.10871902208417718,0.07404302389976194,0.027143254026700654,-0.13698940546694371,-0.103734937905611,-0.010385955005188312,-0.05548374071988659,0.13771523379123815,0.018838165625819154,-3.807068745429679,-4.030936746882154,0.09715681704377678,0.0,39.06345648761837,9.410918784369443
Qwen,Qwen Small,hellaswag,GLM,hc_values_map_agg_standard_1_new.parquet,16.204810886103076,16.0,16.489713918354227,19.0,0.0,0.0,-0.023351210350019257,-0.15091547806929845,-0.01035719690423459,-0.0239972196165361,-0.13720283565778418,-0.020875864812789018,0.0013239559368072949,-0.023452745938588124,0.01889719611793221,-0.024675166286826554,-0.12746273213071033,-0.0292543930221668,0.00036032657363200177,0.006146168333102291,0.0008614010051163779,-0.003950833403183841,-0.000866171891149732,0.017435829002867217,0.0004266711531226756,0.020614397089543705,0.00939064630643191,-0.06195303009993841,-0.018724381676882708,0.015539206428161515,-0.006963560853372248,-0.023711848561188194,-0.022471533066169534,-0.016729293129813572,-0.00780153974600227,0.06878258558850653,0.015291538569860407,0.06417001065259251,0.004313165272808214,0.006933744619310046,0.071684591713038,,0.006350055114364588,,-0.03978224099335902,,-0.03880981275274417,,0.087329933599399,,0.08476625609943612,,-2.2698194561504486,-2.293143153040101,0.0007694330874892236,0.0,10.215917465986255,10.106189859850756
Qwen,Qwen Small,hellaswag,GLM,hc_values_map_agg_hat_1_new.parquet,18.89419264973749,23.0,19.66195221257902,24.0,0.0,0.0,0.05445785169967569,-0.15091547806929845,-0.010479841482720877,0.05871783083745365,-0.13720283565778418,-0.021066625226676523,-0.008014729435251833,-0.023452745938588124,0.01901996857682335,0.06247258113492752,-0.12746273213071033,-0.02949981005954423,0.013970652835289272,0.006066594864193666,0.016438153303024585,-0.00409925548345803,-0.004281897887273754,0.01755488340637041,-0.0139661473688353,0.020736585796463355,0.06007861909660152,-0.06195303009993841,-0.01891911068424038,0.024166195622929258,-0.007083094711733348,0.04287191382508145,-0.022690498382854876,-0.003374918719474421,-0.007927014745073678,0.014816613478556628,0.015418367985270118,0.05085175991715826,0.0043689521371666285,-0.027564977373329053,0.071684591713038,,-0.031606777672848106,,-0.09693581143798641,,-0.09315376899351635,,0.14028890914339992,,0.1268212626731602,,-2.867254484467668,-2.8915777502924875,0.0007303676815716587,0.0,10.215917465986255,10.106189859850756
Qwen,Qwen Small,hellaswag,StudentT,hc_values_per_expert_standard_1_new.parquet,11.576288438872817,11.0,10.581002892960463,10.0,2.5121075752705453,2.0,-0.1106716336068388,-0.03574593644055291,-0.11017303585191394,-0.12385159295329633,-0.038900724892209866,-0.12327747004869133,0.024380959490253627,0.005902455561455136,0.024242224394226363,-0.13505259309709244,-0.041648392002008046,-0.1344152602461403,0.03398862652851555,0.03405112084923412,0.04299987610339715,0.043064574783478166,-0.015737848118462676,-0.015741596870224864,0.003795561354565205,0.003669809865010959,-0.056595969558375585,-0.08979429161371419,-0.05602295242315793,0.06666792496334578,0.06675923253356221,-0.0850701357330293,-0.08446874772839158,0.06469480581199864,0.0647049304446019,0.08369656794540448,0.08341721598424987,-0.020009739727772723,-0.019866985475997096,0.03667585796573529,-0.0265166683738372,0.03657728346521456,0.06080801367190753,0.06070154886650251,0.026869128416331718,0.02682331054612767,0.075103863895653,0.07505652589315638,0.008464019913621511,0.008390823605928025,-0.04403723984819473,-0.04412126562369657,10.949030576140297,10.395696010662396,9.952347916068053,9.397116836284557,4470305.863008071,19413.09578927534
Qwen,Qwen Small,hellaswag,StudentT,hc_values_per_expert_hat_1_new.parquet,11.649630343940855,11.0,10.69629272474017,10.0,2.5121075752705453,2.0,-0.08043006385845294,-0.03574593644055291,-0.0794193486045542,-0.08917451187236393,-0.038900724892209866,-0.08790907772828854,0.01622629480687321,0.005902455561455136,0.015763216894690863,-0.09665635866532615,-0.041648392002008046,-0.09518256549924506,0.04649095364757417,0.04491024796220187,0.057028773918013226,0.05531975032699619,-0.018391369452652132,-0.018169312740337847,-0.0034373638938745687,-0.003598426727326946,-0.028169054359574924,-0.08979429161371419,-0.027829027023320456,0.07465469112014476,0.07231334969007638,-0.05129993303456265,-0.050668838663392037,0.07452243779645902,0.07200580431192938,0.06123650224972426,0.06047140993790921,-0.026910712184724395,-0.025677674568242853,0.033809466075570054,-0.0265166683738372,0.033286213394220374,0.05250152426510775,0.05154541614252981,0.03351176307617748,0.03418215499394818,0.072365523941708,0.07229112177136242,-0.008904275783541292,-0.011038679819050223,-0.05242151064517041,-0.05384759516292126,3.375359630920977,3.266028931200742,3.1984051517681675,3.0843650937728273,4470305.863008071,19413.09578927534
Qwen,Qwen Small,hellaswag,StudentT,hc_values_map_agg_standard_1_new.parquet,15.222275795564128,13.0,15.500910746812385,14.0,2.5121075752705453,2.0,-0.03941534319895719,-0.15352651679622392,-0.013046095484592858,-0.03964588587290856,-0.14005625569349955,-0.025110909093609683,0.0006960352727773886,-0.023000235505204754,0.021683296811529335,-0.04011137847173458,-0.13052628129101917,-0.034729392296122194,0.004816753739718467,0.0034741435491501735,0.006736203000668781,-0.00824280939940161,-0.003326592420348658,0.020253610050451634,0.0008370291241232448,0.02337409740682327,0.0018287776104545382,-0.06480164990227921,-0.020189072926586536,0.022454761440306097,-0.008377085983826594,-0.03432419146701231,-0.024500192105935424,-0.009366539291632356,-0.009768126371548808,0.07831755986918304,0.017079637936082807,0.06072995871459648,0.006020345832589683,0.024435912804471712,0.06877016876114737,,0.02506168962387289,,-0.01234006389232045,,-0.013253539809163883,,0.06343091629339918,,0.06638420755584508,,-2.0675219278895343,-2.081073227083089,0.0013509108551191728,0.0,11.000031938803113,10.907615025589479
Qwen,Qwen Small,hellaswag,StudentT,hc_values_map_agg_hat_1_new.parquet,17.8531018964963,21.0,18.41985428051002,22.0,2.5121075752705453,2.0,0.014576287147877726,-0.15352651679622392,-0.01327714454986064,0.01915647832191935,-0.14005625569349955,-0.025452589040138168,-0.008300892783051343,-0.023000235505204754,0.021882927798516704,0.022877179930929067,-0.13052628129101917,-0.03516007234837734,0.008176090534473376,0.0032627143418401416,0.012624852025956925,-0.008568476538549901,-0.007705319257747535,0.02045147418515218,-0.012125989805744555,0.02357117528753751,0.03359195195729868,-0.06480164990227921,-0.020351961859974864,0.020300634168209843,-0.008495593578042965,0.009864502884043546,-0.024699125283411776,-0.007445849439302256,-0.009912588128159858,0.039114028592367504,0.01722019613689117,0.05269391084047258,0.006119082854710593,-0.00879633153607838,0.06877016876114737,,-0.010670193918792465,,-0.06654185828679837,,-0.06421765439860316,,0.11281448352276303,,0.10559978447812246,,-2.5928903372574643,-2.6088364114479754,0.0012624586958432747,0.0,11.000031938803113,10.907615025589479
Qwen,Qwen Small,hellaswag,StudentTSkewed,hc_values_per_expert_standard_1_new.parquet,4.718954248366013,2.0,5.751312546876674,1.0,0.24279438551376836,0.0,-0.03666577451817466,0.09569451959786604,-0.028499984794070232,-0.03369816932085965,0.11616191646010449,-0.025259025252282234,-0.005046688563788324,-0.03731379457414586,-0.0055945756440387105,-0.03161908595438634,0.1330083141720119,-0.022905409150031524,-0.0920315536939136,-0.08012139972978788,-0.10002263615109243,-0.08734974895512862,0.014611171202745814,0.013203797354131741,0.015437544301833162,0.013963756600507365,0.024800144883996202,0.104131384069019,0.028428356023068452,-0.033973553874997,-0.026882612127848704,0.014276822974782786,0.01899475694086014,-0.05325868775780716,-0.044328213723257244,0.01359158323053732,0.009833828101106674,0.05477414576768,0.04810072944979177,0.08442287381336991,0.016525525671057265,0.08856213391634384,0.11256659453556168,0.11513861987622379,0.08364460117206966,0.0847555593881671,0.13185087025286452,0.12887391904197276,-0.022167446593411775,-0.017540252538992274,-0.06843316649898602,-0.05854505528697113,2.1689420770295316,1.3700384485819175,1.2866235301043705,0.37457053812375624,1.6822029358191363e+298,1014.4440057030839
Qwen,Qwen Small,hellaswag,StudentTSkewed,hc_values_per_expert_hat_1_new.parquet,5.860816457730634,2.0,6.266313082610093,1.0,0.24279438551376836,0.0,-0.01492847346133214,0.09569451959786604,-0.005736929911519179,-0.009098020475549718,0.11616191646010449,0.0015688615275312717,-0.010325973816366796,-0.03731379457414586,-0.013032137309763296,-0.0046024996449653445,0.1330083141720119,0.007295207398244117,-0.055158508474186504,-0.041917386917747254,-0.0576593882567586,-0.04218383437491902,0.004680332888539397,0.0006458375749800483,0.005187453491372957,0.0010528062625337557,0.03642642368110081,0.104131384069019,0.04209534196970958,-0.006420383162750957,0.0030201622786473225,0.028199946102455846,0.03715617655183011,-0.02044502674367123,-0.006818681372756936,0.004161993148867222,-0.005172577727266799,0.03295285354414962,0.020286635558637883,0.08701866223207211,0.016525525671057265,0.10239405546560115,0.10034088476273174,0.11622189390521472,0.08570336412318744,0.10171538166621989,0.1127718964105914,0.12817750176811762,-0.02186853029253241,-0.02739317642164819,-0.05190216239481779,-0.05544614147447791,1.2916600485205092,0.9733130997976347,0.816904951565426,0.37457053812375624,1.6822029358191363e+298,1014.4440057030839
Qwen,Qwen Small,hellaswag,StudentTSkewed,hc_values_map_agg_standard_1_new.parquet,15.222543662273653,13.0,15.525179470695383,14.0,0.24279438551376836,0.0,-0.036807693074299985,-0.15339709643436927,-0.013563222058773694,-0.036147700199977026,-0.13992490973001537,-0.02553649496003383,-0.0009162949034546217,-0.023004612123430808,0.021523208012037602,-0.035891398170845364,-0.13039248431093847,-0.035086430070811296,0.00794883330739417,-0.0012853592605446245,0.010821094714549138,-0.013108291046676292,-0.004980575776782154,0.020448673004939816,-0.000977501817962133,0.02298971231567019,0.005191712174301054,-0.06461954899660774,-0.0043779986493574525,0.02652369876304589,0.002896186072722646,-0.030587106717562658,-0.010401502901940553,-0.0047210048958515605,-0.0013723818936892617,0.07622428792207775,0.014824783923917003,0.058022369800258364,0.00818852063925566,0.02996517613582561,0.06926209498681539,0.04230011874061401,0.030735926083620812,0.041299261118861584,-0.006486216817593322,0.06665225186330423,-0.007553322922004864,0.06835644036372585,0.06126138637352005,-0.05838832796471771,0.06473831878608358,-0.06343519749749325,-1.1835286724286107,-1.1920932923212015,0.006855585844281862,0.0,15.23328880716984,15.082869892292583
Qwen,Qwen Small,hellaswag,StudentTSkewed,hc_values_map_agg_hat_1_new.parquet,16.481142183649418,16.0,17.053680488588878,19.0,0.24279438551376836,0.0,-0.03129683176525867,-0.15339709643436927,-0.013103612686223242,-0.02769484581929403,-0.13992490973001537,-0.024837875350754508,-0.006220500943654549,-0.023004612123430808,0.021092203807393354,-0.025076330821604126,-0.13039248431093847,-0.034195816493616596,0.003051275487160769,-0.0015889112474292042,0.008474456661340246,-0.01319938051482865,-0.009383929438072517,0.020081749253495835,-0.0073879093934789974,0.022495210339555517,0.0030576160134907727,-0.06461954899660774,-0.002434746516204875,0.01713092999829321,0.004238952396819916,-0.02861398330279657,-0.008550692729348528,-0.01166490267896327,-0.00027329715374380196,0.06805755672066044,0.014289727736410657,0.05610565562636233,0.008232444687889235,0.009898990347238183,0.06926209498681539,0.043149329849338745,0.010107462906671952,0.04214963489871468,-0.03412048390465661,0.06720307304291889,-0.03442906289477134,0.06890960251584335,0.08134614742793198,-0.05805605759732547,0.08249843376833962,-0.06310439507077215,-1.3879515920577812,-1.3995425764716045,0.006233460874763081,0.0,15.23328880716984,15.082869892292583
Qwen,Qwen Small,hellaswag,KDE,hc_values_per_expert_standard_1_new.parquet,15.093431908282438,20.0,17.506643094396228,24.0,0.0,0.0,0.0354880140567762,0.04280917052635718,0.020531125618435467,0.05418409471354979,0.04813156520895322,0.025979493176418,-0.033711073993343665,-0.009832094893701173,-0.009897286358758554,0.06919908805011987,0.052641265420058356,0.030428411977194023,-0.047067202101226766,-0.03135687434528704,-0.034066394942724114,-0.03709554511913134,-0.0229484124872311,0.01040792899007402,-0.0007666368752848694,0.012847598514010355,0.0702803285968591,0.08646003151705262,0.052268888926870365,-0.03967321507654988,-0.023691543223643582,0.09263557747952536,0.04942844278703731,-0.013194712010443652,-0.03879983593527599,-0.07551440480362002,-0.013618142984841937,-0.04272557936003161,0.041774742919307425,0.13585643989871105,0.10140963584895937,0.018348694073357714,-0.08124550128652647,-0.17774240075459477,0.19822932282653746,0.0159166432859634,-0.03742232951262301,-0.23519614665409658,-0.15725856557929224,-0.0004936065412547855,-0.06126022658500955,0.15349587961080383,-1.8035480475997543,-2.156988579559182,0.23170670107514554,0.0,28.490604843150816,12.159712558966561
Qwen,Qwen Small,hellaswag,KDE,hc_values_per_expert_hat_1_new.parquet,20.006696667738133,25.0,21.71279331404693,26.0,0.0,0.0,0.06849241277276848,0.04280917052635718,0.0274818738739847,0.0886696825204143,0.04813156520895322,0.036475913466055,-0.036598977422353685,-0.009832094893701173,-0.016292106095669626,0.10509139019512216,0.052641265420058356,0.04377397996965433,0.028719741848805734,-0.02633272223431796,0.04325233036449104,-0.028027483572250513,-0.02608641392771525,0.0031648368560102257,-0.01084389479633863,0.006899967512154003,0.08838032898810384,0.08646003151705262,0.05960117760836819,0.016253679036386158,-0.018626088827608387,0.1173294049196644,0.056688266492722406,0.048667810341286984,-0.03504564224252964,-0.09679043627860248,-0.016240946934081225,-0.07664290210896581,0.04272626788978754,0.11964137473167336,0.10140963584895937,0.02101702376467654,-0.058292559809576205,-0.1788083547057665,0.18090418033699734,0.015089177602781516,-0.019718028390599846,-0.2429926857683544,-0.15059389601196285,0.0054390967140821415,-0.05732721654471733,0.16639141706406838,-2.754222702900798,-2.7939916125922784,0.1727540108442238,0.0,28.490604843150816,12.159712558966561
Qwen,Qwen Small,hellaswag,KDE,hc_values_map_agg_standard_1_new.parquet,13.7357227043823,11.0,13.881763634415515,11.0,0.0,0.0,-0.06507059211954176,-0.14364053238873292,-0.01832057954047982,-0.06467548649968749,-0.12938411895870527,-0.03148434402926558,-0.000239013802422609,-0.02447812475300219,0.023687758065508234,-0.06483157831711915,-0.11916240763573073,-0.04200833760598806,0.010104969637293392,-0.0007626353129757985,0.01420555504988193,-0.013601326471286325,-0.007109558213105217,0.022204506533949883,0.0019289148058327607,0.02576207543452641,-0.009352789169599285,-0.05473953723913395,-0.02257252049051682,0.03375882811055861,-0.010762686406452485,-0.049199291398518766,-0.026739777682660365,0.003046984787728635,-0.01203388155352982,0.09063088977383472,0.01766928554553295,0.05426096456038948,0.006622405594042736,0.04281082283977071,0.07508328086823665,0.014839799556487464,0.04527220868151567,0.01403223653498034,0.025465247027385216,0.04482281098014838,0.02166523453239235,0.04655354698191481,0.021151534182923676,-0.061454562393859144,0.032542816007859125,-0.06625849740072326,-1.7074856261512183,-1.7230504243609575,0.0028501036679545876,0.0,13.033874590696774,12.84688381094868
Qwen,Qwen Small,hellaswag,KDE,hc_values_map_agg_hat_1_new.parquet,15.870781099324976,15.0,16.428693881924353,17.0,0.0,0.0,-0.04308789724270028,-0.14364053238873292,-0.01886108241162543,-0.03872796799474788,-0.12938411895870527,-0.03210327437106867,-0.007492002349859557,-0.02447812475300219,0.023831988136415957,-0.03559589489284072,-0.11916240763573073,-0.04269307054804139,0.004316963753752152,-0.00139273501472362,0.011170730696995774,-0.014317645648256092,-0.01186056228265785,0.022354738401860353,-0.007920959065541855,0.025895223475944914,-0.0034231772099641497,-0.05473953723913395,-0.02271425990681216,0.01954462870833386,-0.010990234252900856,-0.03621239203425119,-0.026855854437876754,-0.008295628762653785,-0.01225826688351941,0.07295826919372404,0.017666963046505443,0.05316728119575967,0.006697463409151198,0.01737002735058235,0.07508328086823665,0.014839799556487464,0.018070616403603145,0.01403223653498034,-0.02054228375982372,0.04482281098014838,-0.02191510678672322,0.04655354698191481,0.06758222598877223,-0.061454562393859144,0.07155957594523035,-0.06625849740072326,-2.1121098551194866,-2.090944673823293,0.0026166824253912066,0.0,13.033874590696774,12.84688381094868
Qwen,Qwen Small,hellaswag,JohnsonSU,hc_values_per_expert_standard_1_new.parquet,15.80306439515697,21.0,17.557752062573662,24.0,0.005518054216222008,0.0,0.03705080976347756,0.018618129521266687,0.030406711695661937,0.0543456335474254,0.017924088303201653,0.037748887503706356,-0.031214825308908876,0.0011080487196326568,-0.013357203418141011,0.06826563507238644,0.01751008080163403,0.04376391511380295,-0.005651263271039657,-0.008757304969271457,0.000813213805851708,-0.01688893845683349,-0.011518295051590825,0.014577273021722266,-0.0019923714581567007,0.014173360085543058,0.07072159920479433,0.028151597924561865,0.06469255094155196,-0.00765609590745479,-0.008430772254972449,0.0882431955570435,0.06220934443430044,0.015287464801665557,-0.021263406770405197,-0.06511797902595168,-0.01911123691532617,-0.04709032234257895,0.031130571030005494,0.10310676131121342,0.0071018639731669775,0.02503185312017234,-0.03526736670710676,-0.18625484820464955,0.14154482959778877,0.015231094997198756,-0.007301477156800099,-0.25607519632205267,-0.10234368627198726,0.01171517762089584,-0.0433971309606632,0.18250134808566804,-1.4726879340862458,-1.8529847559524342,0.2648307346403539,0.0,460.9600242046323,12.339520201689425
Qwen,Qwen Small,hellaswag,JohnsonSU,hc_values_per_expert_hat_1_new.parquet,19.15209471766849,25.0,20.593806921675775,25.0,0.005518054216222008,0.0,0.05157014518370778,0.018618129521266687,0.027518325339102825,0.06573579885621972,0.017924088303201653,0.03677885282789975,-0.02571973826704009,0.0011080487196326568,-0.01676923688899297,0.07728988345074787,0.01751008080163403,0.044287562228095795,0.026210205302545662,-0.013745683339221944,0.030037388481322615,-0.019051110483594574,-0.006984010452098597,0.009555625168007861,-0.0017090362212649848,0.008991799507925505,0.06907976446055167,0.028151597924561865,0.06216586053239829,0.011523341687089869,-0.011266663700447068,0.08918146562738552,0.058580435514977595,0.033228558525426444,-0.025598230639001525,-0.07013396416915332,-0.01574398519918134,-0.05162290941113355,0.03546462763702688,0.08464086018132264,0.0071018639731669775,0.027807140361684024,-0.016795623743723984,-0.15120698498301335,0.12252594637095074,0.01798642819873034,0.008513000111947874,-0.21131532329414435,-0.09611293892766178,0.010975693019021553,-0.0433613251631043,0.15464456908456314,-2.2492691426532843,-2.3090123841675942,0.18555301450852887,0.0,460.9600242046323,12.339520201689425
Qwen,Qwen Small,hellaswag,JohnsonSU,hc_values_map_agg_standard_1_new.parquet,12.471820422157935,9.0,12.961909353905497,9.0,0.005518054216222008,0.0,-0.13496780043959825,-0.14753003364433492,-0.013366053302342437,-0.14347587143048413,-0.13356754031097076,-0.025546919810100748,0.01619556297670926,-0.023924192722556775,0.02189326972860811,-0.1511633634163075,-0.12360584092177815,-0.03525932303095055,-0.005369062053187688,0.00419266001213614,-0.008038655158717588,-0.007573568774042725,0.004616129933153516,0.02031303706429535,0.023532937004078668,0.02369831649640647,-0.0652005610138687,-0.05843155571692893,-0.02047782196870212,0.018534229269890203,-0.007868031384218722,-0.11637236521299807,-0.02482732488062547,-0.016895682681951768,-0.009115872470788289,0.13656533664275916,0.017273048390650837,0.06992009348856022,0.005521803168326271,0.04231824073821672,0.07515346291823519,,0.04981333107021818,,0.045135796053233784,,0.037947752759319435,,-0.017241531812206657,,0.008767441511241621,,-1.872607226936873,-1.8948178212372941,0.00159717093159878,0.0,13.705108762191756,13.461119370302454
Qwen,Qwen Small,hellaswag,JohnsonSU,hc_values_map_agg_hat_1_new.parquet,15.778688524590164,15.0,16.707918139933568,19.0,0.005518054216222008,0.0,-0.10435160740582443,-0.14753003364433492,-0.013660068325467439,-0.1088025438017238,-0.13356754031097076,-0.02597404880972255,0.008715292756698854,-0.023924192722556775,0.02213358612026907,-0.11306690016252328,-0.12360584092177815,-0.03579365444573651,-0.017303806171971758,0.003907420739832012,-0.017533858683116976,-0.00799720777637647,0.0004174744541908943,0.020552359165869595,0.011328544067728884,0.023933937817669216,-0.05485806412991416,-0.05843155571692893,-0.0206879866227924,-0.004436081148449382,-0.008024174559884863,-0.10060910482407567,-0.025080958209651248,-0.03983361153512706,-0.009303392894361728,0.12079546028345564,0.017447764379939855,0.07809711925459449,0.005645678553404006,0.0024873030550945294,0.07515346291823519,,0.004633185066786277,,-0.03078107909409817,,-0.03489951086170836,,0.06287786514199849,,0.07447022206956004,,-2.3708946206573773,-2.3636399375277666,0.0014767306310373284,0.0,13.705108762191756,13.461119370302454
Qwen,Qwen Small,fineweb-edu,GMM,hc_values_per_expert_standard_1_new.parquet,7.802915098390886,3.0,10.826395028671028,5.0,0.2732083764872307,0.0,-0.05850539781923168,-0.0030036132022469384,-0.06801795234506777,-0.008964459294645384,-0.0004607561058178754,-0.024464321094090843,-0.07253740116946036,-0.0037231067574727663,-0.06053341199907286,0.01403200335022868,0.0007194935552258279,-0.007484540345994911,-0.004878301829784943,-0.026115578473999094,0.023135904130673658,-0.00904346762306826,-0.04657420372287755,-0.023795805747000635,-0.06415892841371922,-0.05059982474835649,-0.031481150475221924,-0.0049180022387443,-0.031470204103330575,0.012888466981060154,0.008767678181576243,0.04608349004038115,0.04416845016759864,0.0661972145416615,0.05772636736416516,-0.12401503857210436,-0.12065470864876245,-0.09817739257830568,-0.08903916430751352,-0.0820319160063893,-0.011022358010689029,-0.0802072543923916,-0.029030486523707894,-0.028830125413587867,0.029657203426922914,0.022896025906957707,0.04198007922555661,0.02838558894215299,-0.15651725079986123,-0.14348060756534747,-0.10529913237347978,-0.08359162602017972,0.3182021791375117,-0.26311465356468017,1.02352947217862,0.0,3.7891226917927595e+295,65.29435240532152
Qwen,Qwen Small,fineweb-edu,GMM,hc_values_per_expert_hat_1_new.parquet,11.34934448177432,6.0,15.240937681562128,17.0,0.2732083764872307,0.0,-0.0464530390240132,-0.0030036132022469384,-0.07572581111355894,0.006174602057127498,-0.0004607561058178754,-0.024904279248596492,-0.08012144871777749,-0.0037231067574727663,-0.07134586071548404,0.033668409693764285,0.0007194935552258279,-0.0043799503980749,-0.00038705199104205703,-0.040410184809829684,0.032881119017962146,-0.010377245064523616,-0.05638054354867659,-0.04295756507329349,-0.07260624570711974,-0.06272210179067778,-0.02568556298460696,-0.0049180022387443,-0.035068651002166155,0.008143203969327219,0.00043570852362184265,0.05270364556709892,0.05163008223641573,0.061367891192339166,0.06648203020092674,-0.12756794143507572,-0.1386628293427785,-0.09628778297315164,-0.11593305380928098,-0.08192414439568961,-0.011022358010689029,-0.08891481343654659,-0.037646550668399385,-0.04442167697859378,0.03452180372736773,0.032787446571475934,0.041106675768806104,0.04135465411101724,-0.16399078472679718,-0.1706550130988443,-0.11552622337939474,-0.1250422282711697,-0.8346735726418458,-0.28905303684792355,0.5935845975722097,0.0,3.7891226917927595e+295,65.29435240532152
Qwen,Qwen Small,fineweb-edu,GMM,hc_values_map_agg_standard_1_new.parquet,5.854927122540228,5.0,5.897807361002349,5.0,0.2732083764872307,0.0,-0.018994101333699897,-0.0016085679307985584,-0.03029399268429169,-0.09743025446703368,0.002170540175382307,-0.10894371493863159,0.13663690092405334,-0.006090574059794699,0.139204837979058,-0.15563100225775323,0.00448200612899614,-0.1694988306633497,-0.07378298930914072,-0.08336781469629971,-0.0873262648188513,-0.10180006598018704,0.037322266947214265,0.04750833050554457,0.1488394115664429,0.14537172355529052,-0.03271332757914609,-0.007174834067619517,-0.04408908617450251,-0.06664285013372569,-0.0794454110585065,-0.15730389191215666,-0.16574255107668218,-0.08392610613088,-0.09839349392429786,0.2295595690789317,0.2285756002443558,0.05452603619290169,0.06206023411958814,0.0939627075541213,-0.00882584947978705,0.08347196656281201,-0.03838707882353342,-0.032952228881916894,-0.014404539867271632,-0.020088828895074778,-0.060974538993236224,-0.05589714515441489,0.14864011736919203,0.1434651244308807,0.04482629884101331,0.044105523576655536,1.586563366704969,1.3998102715725422,1.049748690645623,0.8030584111929076,143.1436739941568,117.85154979332316
Qwen,Qwen Small,fineweb-edu,GMM,hc_values_map_agg_hat_1_new.parquet,6.090800010104327,5.0,6.157387526208098,5.0,0.2732083764872307,0.0,0.01226470560962433,-0.0016085679307985584,-0.009548804775635335,-0.07018155825840203,0.002170540175382307,-0.0936885208502703,0.1373305702798955,-0.006090574059794699,0.14445901827838603,-0.12506586467027117,0.00448200612899614,-0.15400782305402136,0.010756614205359867,-0.038982494186755645,-0.01404106276303498,-0.06911634544654578,0.04021967490404738,0.05890931133308092,0.14998688459524628,0.1502376273057023,0.00012785371221365246,-0.007174834067619517,-0.021118817104602648,0.021032983641546977,-0.029663327442811006,-0.12867088416434141,-0.14892096017979048,-0.00875876539407817,-0.060878238563902176,0.22493951319187305,0.23094326235227716,0.045402378523259644,0.06605404803792168,0.10541139504429924,-0.00882584947978705,0.09610139112221616,-0.008841068929230634,-0.01282294908269453,-0.004615999085398554,-0.010950925399465555,-0.03662849719302153,-0.04094556866952546,0.14867310151683466,0.14610138037010814,0.046060983408459086,0.047533837463669584,0.9975996516821424,1.0333235404497603,0.7055011398429643,0.6681068499242605,143.1436739941568,117.85154979332316
Qwen,Qwen Small,fineweb-edu,GLM,hc_values_per_expert_standard_1_new.parquet,11.147662111299164,3.0,14.759782251749312,23.0,0.0,0.0,-0.09501757154353702,-0.10768072106276474,-0.04107652342305463,-0.06422645397630472,-0.11211189496129312,-0.04558352510655303,-0.03363334624834487,0.028531384240401178,0.015657254290048724,-0.06138422529519215,-0.1362121053031659,-0.05673377771310335,0.0004036189673786175,0.0058781858298925654,0.032802646054046286,-0.008244536626388172,-0.0547814007090942,0.02268537817610857,-0.08915439743456391,0.01261798888541562,-0.07199768545048894,-0.1029654117474596,-0.030470461062903343,0.0059590311673907905,0.006867789349371866,-0.02308704644055469,-0.030681974233237166,0.05749221667302292,-0.007767499255011494,-0.05919347620210963,0.011476232090793608,-0.09209337905861299,0.023014116693454583,-0.10124286983910544,-0.09092383307395517,-0.024958583003458934,-0.059154890260674414,0.0038079396349023306,0.001828264097442898,-0.011493201796408769,-0.003062208813686234,-0.013574401217113828,-0.138713948476067,-0.015491417801269516,-0.07482352766539345,0.026533894216686876,-2.431584914958923,-2.6450479209242954,0.0318073563819509,0.0,23.119287420842298,11.648985352511069
Qwen,Qwen Small,fineweb-edu,GLM,hc_values_per_expert_hat_1_new.parquet,19.19844898577816,26.0,21.632088817035896,26.0,0.0,0.0,-0.06016395724104702,-0.10768072106276474,-0.04300920927828076,-0.010343422475397678,-0.11211189496129312,-0.047255490966415965,-0.07268745576049702,0.028531384240401178,0.015592705661776285,0.012523498519450005,-0.1362121053031659,-0.058601914940057044,0.035901042642376056,0.003878921624362616,0.09251213542413983,-0.009987229375208243,-0.10266025639724974,0.022646423133115216,-0.11347918699962514,0.012543425153620457,-0.030294970239118056,-0.1029654117474596,-0.030923467330294482,0.053336309894589845,0.006653944422761609,0.05066205463574246,-0.03014586695206624,0.14514876894168616,-0.006999049198436729,-0.13037324173920417,0.009913569748043706,-0.17974628472334,0.021378801116392485,-0.09625692134342309,-0.09092383307395517,-0.02670296628234564,-0.050069722433556785,0.0025120304916014364,0.022829788365336688,-0.012726401494115351,0.03192933401150155,-0.01494844451631934,-0.1649128173735699,-0.015900848671430386,-0.11777101206651407,0.02695577178015952,-3.8537979173906343,-3.9040715573347504,0.02801812044126184,0.0,23.119287420842298,11.648985352511069
Qwen,Qwen Small,fineweb-edu,GLM,hc_values_map_agg_standard_1_new.parquet,14.856215424255437,11.0,15.119622603379897,14.0,0.0,0.0,-0.022265551639827186,-0.011232961171755602,0.00046442245833419127,-0.058678420749128976,-0.019491069629511724,-0.0008486951925577399,0.06605705410526139,0.016188267089516588,0.0021347262664953366,-0.08832260574508857,-0.02742122826127219,-0.0016703038081611454,-0.02087373983500345,0.00031642807435673377,-0.06320836808540942,-0.00041384469182692145,0.07631990872166317,0.0011851727528491818,0.07336226264568568,0.0020251977791211034,0.00565528238160997,-0.026599022762616095,0.0024737631471699424,0.005691904844536989,0.0024520063209079053,-0.030450549706528676,-0.00012271158632506729,-0.03200125646626929,0.0006595634641632582,0.06100840068231123,0.0036338226168211767,0.06499705291772352,0.0023060176425332927,0.022296470420234624,0.0036100805108584466,,0.0386025600279295,,0.010730138765758667,,0.01327160146027436,,0.013114297796243988,,0.030887963339349726,,-2.5033427439453373,-2.5522872051548524,9.68335480636859e-06,0.0,9.652830307894861,9.612949063947275
Qwen,Qwen Small,fineweb-edu,GLM,hc_values_map_agg_hat_1_new.parquet,18.388738727359993,23.0,19.029605678631874,24.0,0.0,0.0,0.0022348952054223417,-0.011232961171755602,0.00046442245833419127,-0.00694822458197233,-0.019491069629511724,-0.0008486951925577399,0.015126691415953353,0.016188267089516588,0.0021347262664953366,-0.012891796210531012,-0.02742122826127219,-0.0016703038081611454,0.00983120619797927,0.00031642807435673377,-0.029368663861562904,-0.00041384469182692145,0.06500718989569211,0.0011851727528491818,0.027222209562661675,0.0020251977791211034,0.033119885952609465,-0.026599022762616095,0.0024737631471699424,0.03566562998221747,0.0024520063209079053,0.03683687066648708,-0.0001227115863250673,0.0003380615739335361,0.0006595634641632582,-0.018565342354360033,0.0036338226168211767,0.050005137072457344,0.0023060176425332927,0.006408590834659392,0.0036100805108584466,,0.047815742453475835,,0.012794486575175729,,0.01972068738624559,,-0.011437396709361291,,0.03306561083743627,,-3.295022013742196,-3.3239736145398595,9.43999201494935e-06,0.0,9.652830307894861,9.612949063947275
Qwen,Qwen Small,fineweb-edu,StudentT,hc_values_per_expert_standard_1_new.parquet,5.301184732361634,5.0,4.410854573471089,4.0,0.0,0.0,-0.0543650464036143,0.06960507708792255,-0.05494056304626636,-0.04120448602003916,0.00040745034731185225,-0.04034762267315657,-0.011690437309688433,0.10368345441640744,-0.014005594053919927,-0.04267460909392587,-0.0340783773284849,-0.04093496899234643,-0.004788714854032047,-0.0043046572532659975,-0.007114875687442784,-0.005044044345921268,0.004881279170730801,0.0020997257723340285,0.017458342169647315,0.016163524713028017,-0.037712500479454535,0.050504736181144205,-0.036224786145394705,-0.00494654051021396,-0.0019572739701096647,-0.01695691477249408,-0.012910665627332838,-0.006680710843444362,-0.0008176171530657252,-0.022509385433698507,-0.027520929011709064,0.004842595221723574,-0.0012750785941532236,-0.030829890698881625,0.11966854761743423,-0.028888820008335942,0.009595074045084015,0.01395085872400293,-0.009240878663597143,-0.005687140683487416,-0.03296914188119705,-0.029266735868878634,-0.026896942230177634,-0.029857639458101267,0.06484336004676787,0.06488276151477236,4.836907995545702,4.687426225281326,3.84719811155224,3.6866438970366384,3693.937829207723,3517.6624634630066
Qwen,Qwen Small,fineweb-edu,StudentT,hc_values_per_expert_hat_1_new.parquet,6.037461793012858,5.0,5.25700356177533,4.0,0.0,0.0,-0.06322897921917098,0.06960507708792255,-0.06700842243248001,-0.04705897523700845,0.00040745034731185225,-0.05015064695076866,-0.015060220239456037,0.10368345441640744,-0.01548798120375212,-0.04816875897971494,-0.0340783773284849,-0.051520441228727884,-0.019932371226018354,-0.02501399402569424,-0.01709810121947165,-0.02124356383332046,-0.0008712293550751293,-0.001454908966142899,0.017214473525805758,0.01766868354740829,-0.029435075945652055,0.050504736181144205,-0.03040822111691105,0.004014379130611486,0.002880606136299464,0.006846744491808179,0.008749985489066915,0.024116507805148506,0.02673221268756284,-0.05264786682996364,-0.05731762868414197,-0.036604873169481036,-0.04274301362267014,-0.03555569923165385,0.11966854761743423,-0.03822039017345945,-0.0012230525705207655,-0.004500264378789831,0.004075551482061981,0.006229056431751584,-0.012019457545420399,-0.009332780699840676,-0.054092203973655426,-0.06104023776086101,0.017278166991004925,0.008631674390221097,2.182649064811382,2.130693430879608,1.928739763752233,1.8663272095014611,3693.937829207723,3517.6624634630066
Qwen,Qwen Small,fineweb-edu,StudentT,hc_values_map_agg_standard_1_new.parquet,9.676484704574735,6.0,10.005607901583854,6.0,0.0,0.0,-0.017234738719461507,-0.011433825526363336,-0.00826374983456692,-0.10052240524484765,-0.015044591338020896,-0.009968127613948108,0.14451548376456486,0.008351446486059858,0.004501745805485641,-0.16175022248402637,-0.019785272012423194,-0.012765495640052561,-0.03945583331032044,-0.008642438617374123,-0.07817240117006198,-0.008614442235585426,0.07372228014243044,0.0016267631249990342,0.14405538317551472,0.00478690525082168,-0.012932255699587725,-0.02556372248768174,-0.0068675956525403115,-0.018312627050323306,-0.006871812210306616,-0.13004209274397371,-0.008876259433657668,-0.054994990316525945,-0.005249420884175123,0.2092818261241942,0.006012042460584989,0.07180537686729442,-0.00041717970268634905,0.08861591866594218,-0.0035299749044946428,-0.00616632044650408,0.018445151711807252,-0.005057181930550352,0.00189643735087909,-0.004377225408315245,-0.010380986962487338,-0.004213510963168045,0.11593769309911553,-0.0014192617981939255,0.04123614181634304,-0.00013142682597387922,-0.8948580007847869,-0.9364878008278554,0.0018951667569030437,0.0,23.655279290583415,23.202334818619903
Qwen,Qwen Small,fineweb-edu,StudentT,hc_values_map_agg_hat_1_new.parquet,11.049789072170157,7.0,11.991891277439564,7.0,0.0,0.0,-0.010784901699560822,-0.011433825526363336,-0.008545980131145652,-0.09690331039341646,-0.015044591338020896,-0.010432383561211369,0.14805370019950334,0.008351446486059858,0.0048653295198743006,-0.15883860189906415,-0.019785272012423194,-0.013411309651019953,-0.028674806129960765,-0.00891112474290901,-0.07321800779323907,-0.00912910114869418,0.08157765486097658,0.0020986238963580785,0.14668908437182807,0.005191771432595578,-0.0007250017150626784,-0.02556372248768174,-0.00728916807829209,-0.0010257653803945246,-0.007293512643231722,-0.1182865085232398,-0.009473652830075497,-0.04255309627935876,-0.005873249808197125,0.20562114949155336,0.006472834171826344,0.07421277219290942,9.368691469226797e-05,0.09748001203663925,-0.0035299749044946428,-0.006376507830220854,0.034253121067196676,-0.005187061812873665,0.009848698780880023,-0.0049225050136916864,7.402267305654038e-05,-0.0047473005903651815,0.11537827063971165,-0.0008473695739023364,0.045945623341032395,0.0005388222289564189,-1.0870034685004386,-1.0690186394633716,0.0018175822457950899,0.0,23.655279290583415,23.202334818619903
Qwen,Qwen Small,fineweb-edu,StudentTSkewed,hc_values_per_expert_standard_1_new.parquet,11.604453482203754,4.0,15.249084295349483,24.0,0.004774294591658878,0.0,-0.04079838230278526,0.008791475678988744,-0.057696061071887406,0.024828593632650532,0.016406976173531162,-0.008697317569731241,-0.10325584756147432,-0.014622581259382376,-0.07177652274745351,0.06245746525868906,0.02341405693837112,0.014080461675566106,-0.04416736554873763,-0.06255605563953562,0.010725250774535141,-0.02607143268427651,-0.08455395161321104,-0.04973502931408256,-0.10032389352482209,-0.06823428050379819,-0.00363603840144498,0.003107202120278074,-0.009885486679542137,-0.006618446450344365,-0.01356304435419238,0.09790711580002874,0.07912761248109493,0.08452847159434868,0.06368740267104045,-0.17605059247633956,-0.15188506475123872,-0.1571263604993257,-0.13027951644297267,-0.07183259098320455,6.162624928092095e-05,-0.07220194656725219,-0.07410000383977922,-0.07520688330618695,0.05269613847269361,0.035875396336277295,0.041477416289862824,0.022443639691531538,-0.17891131072941538,-0.15306501495749136,-0.1647482396290542,-0.13637602722084832,-0.8672973636754088,-1.1586123100804135,0.4905994067968618,0.0,2.5260817945285065e+296,26.784495010213302
Qwen,Qwen Small,fineweb-edu,StudentTSkewed,hc_values_per_expert_hat_1_new.parquet,16.95665243640589,26.0,21.52561446939652,26.0,0.004774294591658878,0.0,-0.019897497203051423,0.008791475678988744,-0.06683348207318535,0.04766771916768124,0.016406976173531162,-0.01601400648290293,-0.11062098277755532,-0.014622581259382376,-0.07307835861196954,0.0907234855745039,0.02341405693837112,0.006244876538784194,-0.019935574123707396,-0.07102964764492974,0.037943892099474255,-0.03142247004118541,-0.09434066813107486,-0.05338421247338168,-0.10825424222915848,-0.07034418349322887,0.011871661728423853,0.003107202120278074,-0.019377551326101878,0.010615619479767104,-0.02291297563462348,0.11555556995916606,0.07312458562349272,0.10470997088035326,0.05893692692450415,-0.1854427673139279,-0.1545197851448653,-0.1685494064690575,-0.13493131195174915,-0.07475905804014638,6.162624928092095e-05,-0.08480848108671588,-0.07544444682968557,-0.08648648943367472,0.05212916850637066,0.033666324918181126,0.04317451636513495,0.022972532604341442,-0.1819502387964528,-0.16652136537277018,-0.1692192267491021,-0.15237866027809965,-1.9258296902482988,-1.5246450167252161,0.37681563249627853,0.0,2.5260817945285065e+296,26.784495010213302
Qwen,Qwen Small,fineweb-edu,StudentTSkewed,hc_values_map_agg_standard_1_new.parquet,11.769229797660849,8.0,12.131368883724456,7.0,0.004774294591658878,0.0,-0.011940166338885668,-0.01180291053998278,-0.019611704092178966,-0.08896031079589915,-0.018833143929182235,-0.027832421345564046,0.13286004862999362,0.014218605998059988,0.01776061792626151,-0.1448002149688793,-0.026021516538042768,-0.03737232201844048,-0.02430535376633024,-0.016550082936938233,-0.06978004346480023,-0.037045545840341206,0.08235962431525812,0.038206898582002664,0.1322786161189114,0.022766108361476824,0.0005464319304240154,-0.02670231379217252,-0.002522970678047704,-0.00217519355570734,-0.002008574241506905,-0.09938124397644076,-0.005145409126522739,-0.04385952930032311,-0.018620582626615267,0.17435485859867889,0.005500531040673553,0.074939883138587,0.030276057310859035,0.07301284782704225,0.001544968762648442,-0.006226053161506901,0.031978972062805915,0.0141487046868307,0.007421230699486034,0.002172045082566268,0.0006451835640205529,0.005416815529894004,0.08634897722178547,-0.01175581446781673,0.04196726928166501,0.010444940455491915,-0.3881865015593903,-0.40622502574619657,0.02860447683072679,0.0,25.898119082302582,25.645723553136154
Qwen,Qwen Small,fineweb-edu,StudentTSkewed,hc_values_map_agg_hat_1_new.parquet,12.345290120494102,8.0,13.08512895647561,8.0,0.004774294591658878,0.0,-0.006328890172225259,-0.01180291053998278,-0.019887463262194444,-0.08624873884481735,-0.018833143929182235,-0.028257451811376934,0.1366788437007004,0.014218605998059988,0.018067428241300303,-0.14300773387292567,-0.026021516538042768,-0.03795489150349475,-0.018212543716985864,-0.016736655301158473,-0.06660385901303895,-0.03778369009217586,0.08615503025046867,0.03918482311759507,0.1365987311597039,0.023204221609107206,0.009354521241055756,-0.02670231379217252,-0.002379047840202577,0.00792778829314873,-0.0018439214025278382,-0.09306409410871497,-0.005012866507213975,-0.03607708468352539,-0.01902107479760485,0.1754954122971421,0.005467948866039148,0.07543056364039935,0.031222170865678012,0.0839360462730693,0.001544968762648442,-0.006088282238055041,0.041008954794619856,0.015023949399231917,0.013421561130320045,0.002575839559345185,0.006569462983258916,0.005943538624658441,0.09160932236301199,-0.012203306361811496,0.04472791233843441,0.01078770729174074,-0.4550732357689937,-0.43411402752873063,0.027291350592094483,0.0,25.898119082302582,25.645723553136154
Qwen,Qwen Small,fineweb-edu,KDE,hc_values_per_expert_standard_1_new.parquet,13.215297951347665,10.0,15.857907899057771,23.0,1.2630408972642535e-05,0.0,-0.060635396415126705,0.007698824558118436,-0.064118360744397,0.0014027266806911965,0.023016559325170244,-0.03307536882057594,-0.0933010463272459,-0.027462549665520516,-0.04009242891702677,0.03266564991211919,0.03516137422363895,-0.024025931827370228,-0.014562243632068032,-0.03403334981679864,0.006335831817617487,-0.04060703064088883,-0.032660881658483056,0.017948806834906746,-0.04055152722758426,-0.0026283203937981325,-0.030028581719960843,0.0009221587507712674,-0.020920400714440957,0.012674707144722916,0.004515996229880678,0.06887737173658422,0.0449033526180463,0.05921660339667601,0.020615326887761097,-0.1618235983522418,-0.10735550223527451,-0.0866463887331982,-0.03002025045742793,-0.10075951281240624,-0.03712475040922425,-0.07252509158560919,-0.03458067288223291,-0.01451002777939487,0.031076824013460815,0.012639520849372282,0.012783670972247616,-0.007340596815662253,-0.18386969899555372,-0.11711037471143826,-0.06720928115647982,-0.008010155566571479,-1.6747505731979795,-1.9885690897751485,0.215752855827342,0.0,31.203556131385607,15.041538707531558
Qwen,Qwen Small,fineweb-edu,KDE,hc_values_per_expert_hat_1_new.parquet,18.41626038851138,25.0,20.55640740647182,26.0,1.2630408972642535e-05,0.0,-0.04237374314722427,0.007698824558118436,-0.06764825030247675,0.025775787960643864,0.023016559325170244,-0.03458145699084107,-0.10722337485443764,-0.027462549665520516,-0.042833130620108906,0.06484963170721336,0.03516137422363895,-0.02481511968236784,0.010929305914477848,-0.038477794743952964,0.04567988641467752,-0.04255489778249198,-0.06129585454890462,0.014584599494303945,-0.06504627968866747,-0.005689129422099282,-0.012119553818033991,0.0009221587507712674,-0.022128280755389376,0.033425342026034144,0.002941556037607642,0.09524087732330704,0.04752060251520942,0.09603370005016387,0.023949670506417754,-0.18311991509045122,-0.11359697026029539,-0.12257022973818993,-0.03808983045979832,-0.09996497270303809,-0.03712475040922425,-0.07794016574968422,-0.03853414387464156,-0.022268273077006948,0.03663080362241913,0.014817281251458746,0.02331559894905648,-0.004225857397066878,-0.1915012993452157,-0.12778694284303177,-0.08930822086275031,-0.023480758848437127,-2.7494424212381743,-2.6674912287730295,0.1811994284554278,0.0,31.203556131385607,15.041538707531558
Qwen,Qwen Small,fineweb-edu,KDE,hc_values_map_agg_standard_1_new.parquet,10.91157450678253,7.0,11.066473842423017,7.0,1.2630408972642535e-05,0.0,-0.005320321806369635,-0.0015458937621377915,-0.000826769277043058,-0.08403133742305034,-0.0008809934415528175,0.0022905446665864447,0.1344332916694823,-0.000825039398039006,-0.005121630228883821,-0.13975361347585194,-0.0007208543640987855,0.0042948609518407635,-0.019483024144348625,3.1781222012655953e-06,-0.06418239203803962,0.00030216195869475743,0.08010518116380205,-0.0005110656344681046,0.133585137552255,-0.004615457952832284,0.005021947700736991,-0.00635705396193342,0.002949491123522304,0.0016549712452279504,0.0031280733636566533,-0.09856126684715709,0.008248160985798798,-0.03945939252092334,0.005083127035513776,0.17910900097909926,-0.010330852663741051,0.07253917899562154,-0.004605268899461337,0.07892183663147313,-0.004511846732599741,-0.005850839248337717,0.030372481966866892,-0.005355284882312936,0.009039491946073279,-0.0028618633555339812,0.0005220197370868687,-0.002771319642930836,0.09174358406377969,-0.0033690527560737253,0.03999130817983619,-0.002811181380209873,-1.2452017765874401,-1.256385990003511,0.0007144853172598321,0.0,17.920835786461705,17.49912114943679
Qwen,Qwen Small,fineweb-edu,KDE,hc_values_map_agg_hat_1_new.parquet,12.545722080480965,8.0,13.283628463889661,9.0,1.2630408972642535e-05,0.0,-0.00208004990790237,-0.0015458937621377915,-0.0009272003723088524,-0.08153662634204006,-0.0008809934415528175,0.0021879138921455463,0.13506424883169005,-0.000825039398039006,-0.005098295936372429,-0.1371442987395924,-0.0007208543640987855,0.004171095564063577,-0.014024737238851736,-3.9810876306215336e-05,-0.06272131646979595,6.122595181964297e-05,0.08586740671483485,-0.00016475085936225157,0.13505763355754222,-0.004554900231551226,0.012140092271201053,-0.00635705396193342,0.0028482246428511815,0.0101105429088904,0.003039123096269114,-0.08858343117490104,0.008237901623988408,-0.03366910333385102,0.004850854880150826,0.17151905345333673,-0.01045291168641941,0.07423237805212082,-0.004318259601557572,0.08377423399874875,-0.004511846732599741,-0.006044050612751957,0.041562009857824614,-0.005507075644755547,0.014666932388064977,-0.003326630461305385,0.007569306029326502,-0.003229036438875424,0.08944189987785134,-0.002900467155644125,0.043876156857287144,-0.002290811175838085,-1.5320695742927541,-1.5010372515781487,0.0006845169920078881,0.0,17.920835786461705,17.49912114943679
Qwen,Qwen Small,fineweb-edu,JohnsonSU,hc_values_per_expert_standard_1_new.parquet,13.471493166948745,10.0,15.870412003940688,21.0,0.0008336069921944072,0.0,-0.06454610295437749,0.004706269038935597,-0.07298743551227378,-0.005821622575938386,0.011523297909546037,-0.04302601114424959,-0.08692182813197694,-0.012471855811610857,-0.03652801097385753,0.022375725177599448,0.017178124850546456,-0.03645942453841625,-0.004276038664611642,-0.035193270333561566,0.0334916211327082,-0.03375751649089941,-0.06326240355619035,0.00456528822131019,-0.06598778067799875,-0.012631118201709798,-0.034591975540141914,-0.006781526790768088,-0.029537214580448973,0.021536464399168825,0.004724418864282375,0.057968941140478424,0.03358337455542045,0.08774916778874997,0.03074975561889395,-0.1490766658438297,-0.09949269790880932,-0.12415761002839738,-0.047424069661248874,-0.10294666156499106,-0.018264966962077148,-0.0744273687065223,-0.045127203123437445,-0.018590832902887856,0.023093932750822874,0.01024438480687208,0.01822232356374338,-0.0001955767179863711,-0.17430297796593902,-0.11591203684700778,-0.08983956976803718,-0.024811886865644544,-1.4361909856650836,-1.8151173632732753,0.22603950617206156,0.0,100.63455407822326,15.624191849148353
Qwen,Qwen Small,fineweb-edu,JohnsonSU,hc_values_per_expert_hat_1_new.parquet,17.077664384772778,23.0,18.998976936873216,25.0,0.0008336069921944072,0.0,-0.05040555489837621,0.004706269038935597,-0.07681426881569234,0.01490735347486793,0.011523297909546037,-0.04492715799202437,-0.1008480486514724,-0.012471855811610857,-0.03904446335178216,0.05044249375309619,0.017178124850546456,-0.03776980546391018,0.009521124402076617,-0.040266017532308636,0.05664476754762882,-0.036198508694509524,-0.08189012596963947,0.0011070509095586509,-0.08442353351953139,-0.01554335047114297,-0.02232936253760173,-0.006781526790768088,-0.03086526401533868,0.029372784780294262,0.0026345011767406105,0.07890326471490683,0.03606762779975871,0.10564732154847264,0.03385781558178001,-0.1686942762338343,-0.10566795639337073,-0.14470470014366513,-0.055779355085246306,-0.10179088371836979,-0.018264966962077148,-0.07924518547424474,-0.04707943972999506,-0.026179582270512366,0.028627482681316808,0.012599424471521918,0.025676557096997735,0.003129251492383815,-0.18141786469294563,-0.12606481243017845,-0.10428323898234727,-0.0403321886630335,-2.2852452943818746,-2.3589774348425117,0.19075007106110992,0.0,100.63455407822326,15.624191849148353
Qwen,Qwen Small,fineweb-edu,JohnsonSU,hc_values_map_agg_standard_1_new.parquet,10.292684467123046,7.0,10.709045898906206,6.0,0.0008336069921944072,0.0,-0.02212349290394375,-0.011397870618618407,0.0010069116325627514,-0.10129772161994403,-0.015474062303563588,0.004604710807693972,0.13849867422029025,0.009133202759854443,-0.006293903174364154,-0.160622167124234,-0.02053107337847285,0.007300814806926906,-0.04047658507556396,0.0011211878023051774,-0.07884414405126088,0.004186079188417476,0.07332096161892247,-0.005447880046480723,0.1372888460146506,-0.006186184164154925,-0.014811266520455217,-0.025676529504070386,0.004084754388683628,-0.018923959623040828,0.0040830059712498035,-0.12402673275333759,0.00912878816884055,-0.054452530419354474,0.008371663205173407,0.19617682619367408,-0.010299867185076052,0.06996925934394185,-0.009091827593431521,0.07594691746186996,-0.002871421061390924,-0.0032993910713781664,0.01770676672003673,-0.003349996856080185,0.0013189919394662984,0.0018800270360844055,-0.008181855082791543,0.001877247828460425,0.09984233586853782,-0.007371417485220504,0.036762294934491305,-0.007476386753231114,-1.3258193945609267,-1.3476155901395264,0.0002283313991044003,0.0,18.931302570622414,18.622479586992068
Qwen,Qwen Small,fineweb-edu,JohnsonSU,hc_values_map_agg_hat_1_new.parquet,12.53929320231389,8.0,13.6545709450072,9.0,0.0008336069921944072,0.0,-0.019568083241345683,-0.011397870618618407,0.0010894897904124416,-0.10027525948929766,-0.015474062303563588,0.004822024687350095,0.14059774704886435,0.009133202759854443,-0.006538366201080802,-0.16016583029021003,-0.02053107337847285,0.007627855991493243,-0.03350590215960621,0.001221635178159965,-0.07855922515557046,0.004336910906187386,0.08338082742722883,-0.0055533269610371005,0.1392007713106666,-0.006407731791093837,-0.006594953984069349,-0.025676529504070386,0.004146698205009787,-0.007758539444717199,0.004144748362992133,-0.11309126304421868,0.009410229304690513,-0.049387466255967676,0.008553127234262528,0.18843207165270828,-0.010705865007986152,0.0768074881326847,-0.009326877475949284,0.08074156908256855,-0.002871421061390924,-0.0033987868961349323,0.03483791443472507,-0.0034437518862439364,0.0075592345145077434,0.0016222367177471993,0.0006944331119908726,0.0016203286507638355,0.09650349569201128,-0.007101080643942697,0.045750659472564195,-0.00719581308000427,-1.6597898012876495,-1.6477800850237554,0.0002170802654569071,0.0,18.931302570622414,18.622479586992068
Qwen,Qwen Small,tinystories,GMM,hc_values_per_expert_standard_1_new.parquet,11.043976612061684,6.0,14.009292233283091,12.0,0.2609113345369619,0.0,0.0807811961979114,0.005784879241617113,0.0563427842666928,0.11547915420874548,0.004468733196440766,0.08594648680280942,-0.05615346342355899,0.0011189867187015082,-0.046472099610044296,0.1369346596214704,0.0046658925229156045,0.1028148838767371,0.06689663731209455,0.038130015265184926,0.09958857699892588,0.0647135050406359,-0.051720357945292436,-0.040214810690019843,-0.05584798530101477,-0.04587710803697634,0.15827188302598072,0.005618382024605486,0.14712314392072154,0.1352737765629049,0.12183662077133602,0.18957587853191493,0.1729301598946965,0.17414262154454158,0.15399321683354786,-0.14230055173590198,-0.12706593461429155,-0.1404985559030564,-0.12203919888897363,0.29735910100396734,0.00422028353718369,0.30317077252176283,0.2714827505930514,0.27948073887833197,0.3501828237605874,0.3503903990569046,0.3300899264797618,0.33111586302419327,-0.28045764687072106,-0.27439550645749233,-0.2720596790638593,-0.265027610114765,-0.16545664257340797,-0.7494266886573712,0.8424416835263148,0.0,9.772580458151822e+296,33.30292622779919
Qwen,Qwen Small,tinystories,GMM,hc_values_per_expert_hat_1_new.parquet,14.739403375681182,16.0,18.061020654928527,24.0,0.2609113345369619,0.0,0.09053828154403509,0.005784879241617113,0.061010343617932304,0.12989424131693197,0.004468733196440766,0.10305458455178436,-0.0635675169433089,0.0011189867187015082,-0.06382949166260954,0.154105798487344,0.0046658925229156045,0.12483983528054185,0.07920048961975497,0.0447322701173215,0.11636620580170134,0.08541095594371734,-0.059154649402260215,-0.05999622625493015,-0.063120971273604,-0.0634831675290502,0.14348214550993735,0.005618382024605486,0.16377055533564627,0.12085501387563957,0.1416343566848757,0.18147569771878058,0.19706777172882411,0.16307045488564742,0.18091749985915645,-0.14422286501630815,-0.14867795481973708,-0.1373516642931827,-0.14487267049227356,0.2536850732352858,0.00422028353718369,0.3539807103845709,0.21667851584050343,0.33371146860579964,0.3112417390750365,0.4174509969077901,0.2758445296619735,0.40220705241977556,-0.26099331790822516,-0.334883972365759,-0.23857118191293783,-0.32828773376057346,-1.312075452110661,-0.8712038693202162,0.486739109497477,0.0,9.772580458151822e+296,33.30292622779919
Qwen,Qwen Small,tinystories,GMM,hc_values_map_agg_standard_1_new.parquet,5.954367018369139,5.0,6.029533069418449,4.0,0.2609113345369619,0.0,-0.10867588528668318,-0.037773079037340875,-0.0837708218066958,-0.18919989390188635,-0.0666585013838222,-0.1469632424336418,0.12131388191721279,0.04337914110062036,0.09502988656336278,-0.22998976720389597,-0.08115222013796124,-0.17880070837005857,-0.06691876205626607,-0.025345440548753706,-0.088873444983936,-0.03210287861515665,0.03620335064351668,0.011620913272749521,0.10636861257228257,0.07083375145283057,-0.1132624907230994,-0.022859276117915342,-0.08981814264841166,-0.02008283490922753,-0.00572949273466046,-0.22953231341315716,-0.18529436937350763,-0.04420839080522135,-0.01822314828278608,0.25042074968337147,0.20376719117824468,0.0497981580528336,0.023135224547107845,-0.11328016540200092,-0.015019102771348717,-0.06178841339321169,-0.037046830632071016,0.009933417595872322,-0.18253999288582473,-0.1021291054594666,-0.03923126632301697,0.022270633722404596,0.19230907091406213,0.10935274857990171,0.0269055022163288,-0.02772834390783183,0.27215125701569853,0.17208392698769154,0.227817345865013,0.0,59.34594390037673,54.90673843399878
Qwen,Qwen Small,tinystories,GMM,hc_values_map_agg_hat_1_new.parquet,6.310486475742468,5.0,6.671492223344873,4.0,0.2609113345369619,0.0,-0.10749727530898351,-0.037773079037340875,-0.09180350129093896,-0.18783414780029,-0.0666585013838222,-0.1580643418590067,0.12092615011756873,0.04337914110062036,0.10009723548852345,-0.22842342542655225,-0.08115222013796124,-0.1919007367794624,-0.0629028274811956,-0.03602434076868077,-0.08500313784003172,-0.04542488585504306,0.035994669206971384,0.016243336751329735,0.1055870370796614,0.07658721044268017,-0.11028246680104589,-0.022859276117915342,-0.10022066867980019,-0.013994028737480594,-0.018626109107278712,-0.2242705758438837,-0.19751904599900774,-0.033451264097896116,-0.030816006121740055,0.24506262063090928,0.2127474840740301,0.038910836495585244,0.02997808397979451,-0.10475334456375349,-0.015019102771348717,-0.06682053645893435,-0.020913363498531352,0.00601479133042182,-0.17353169891721962,-0.10869990073757474,-0.02385811422425655,0.018345318952989333,0.18606414088529655,0.11522032996697863,0.018176359922838864,-0.02527409006061584,0.13407126998942104,0.16401828486122166,0.18862965221704375,0.0,59.34594390037673,54.90673843399878
Qwen,Qwen Small,tinystories,GLM,hc_values_per_expert_standard_1_new.parquet,13.078826627797195,5.0,16.01328408394481,25.0,0.0,0.0,0.004605394939809631,0.002735527820347251,0.009756988994125373,0.001900932307807566,-0.023269232826471226,-0.013151013274000738,0.0031312505260480228,0.034855345151747104,0.029865203738990292,0.001474144413761608,-0.032119817331399854,-0.02010821474486492,0.07388736836541895,0.03488870693319067,0.12316564425704304,0.026571763678821914,-0.07489713486283439,0.007309615861625583,-0.07129285701902467,0.005746161332250897,0.04293836107611827,0.02457635918697934,0.035171834521839446,0.08743676279773349,0.04092097106728753,0.02197472434109695,-0.012624740982972935,0.15589863951484367,0.024157527608221836,0.008022106197963797,0.0550483054836375,-0.15989489049449568,0.002625836246905441,0.17087040508771179,0.018802172289834183,0.012819448822952356,0.04432038784920343,-0.09447879383776765,0.20467571533523382,-0.015575911062433103,0.08830802541605813,-0.1369993590860563,-0.16716173013723917,0.04126100147207799,-0.10357565997867188,0.13244031445585136,-2.7579603001517623,-2.751031446045859,0.049836118177830964,0.0,35.49970858761495,7.53116921271457
Qwen,Qwen Small,tinystories,GLM,hc_values_per_expert_hat_1_new.parquet,19.77682076424892,26.0,21.258973382141022,26.0,0.0,0.0,0.033565540853153,0.002735527820347251,0.007126458967245007,0.045461378371728645,-0.023269232826471226,-0.016535694600327562,-0.019922343855608312,0.034855345151747104,0.03118562733293264,0.05348788470876131,-0.032119817331399854,-0.024059168365687632,0.09362896117212818,0.031523286195683974,0.14744879423958832,0.02222312688980896,-0.08325550577742191,0.009016877326562778,-0.0738702040543172,0.007663390489732921,0.07546260314812937,0.02457635918697934,0.032922303267729755,0.11480944355306857,0.03811013362401309,0.07283982690709284,-0.014358588736235045,0.1823533101294765,0.021875041819759213,-0.04006978107020077,0.055550245793619876,-0.1744782954303803,0.003434431894639121,0.20585122563204306,0.018802172289834183,0.012192823540254184,0.118537340389792,-0.09509539748923494,0.24863649282441375,-0.01603502413807449,0.16738930994859133,-0.1373945245350666,-0.20496521904260925,0.04136701903928476,-0.15841394186339466,0.13244447922359415,-3.9560948372274973,-3.5604805805194313,0.03681594740583476,0.0,35.49970858761495,7.53116921271457
Qwen,Qwen Small,tinystories,GLM,hc_values_map_agg_standard_1_new.parquet,15.204048167227072,11.0,15.38715982309973,14.0,0.0,0.0,0.042454564719066376,-0.05484824915555176,,0.0725291625020833,-0.09830685334550843,,-0.04552219630767669,0.06503820699308772,,0.08797676102674307,-0.11988645614863949,,0.021409112400836643,,0.03149780892282536,,-0.015732681732324113,,-0.030173314603137984,,0.13041275906713728,-0.053148956926267116,,0.10716751118524956,,0.13814832386056838,,0.08714373272068536,,-0.08866751009606841,,-0.029122680851237755,,0.29110393571432813,-0.0639787526078322,,0.2760780039168303,,0.3368405664350819,,0.29831530383755345,,-0.26416356006182684,,-0.2113736662516198,,-2.3866760693795577,-2.4324650398852428,0.0,0.0,10.059798221527856,10.036669463821385
Qwen,Qwen Small,tinystories,GLM,hc_values_map_agg_hat_1_new.parquet,17.637685720437943,23.0,18.444900866281284,25.0,0.0,0.0,0.11310150682716205,-0.05484824915555176,,0.165891809101416,-0.09830685334550843,,-0.0843134671009707,0.06503820699308772,,0.19741497392813273,-0.11988645614863949,,0.08018156239168592,,0.08977146663693732,,-0.021036179706137068,,-0.059672924024312825,,0.17947561578680604,-0.053148956926267116,,0.14341886088424582,,0.22540191655357583,,0.12183473954419408,,-0.1778723053649028,,-0.047270846790193256,,0.25778090597109987,-0.0639787526078322,,0.24763301522645123,,0.3109178790678768,,0.26193782126916393,,-0.25590318737923023,,-0.17974234019256205,,-3.1293317862822794,-3.2159892888673998,0.0,0.0,10.059798221527856,10.036669463821385
Qwen,Qwen Small,tinystories,StudentT,hc_values_per_expert_standard_1_new.parquet,4.450582213903566,4.0,3.6003180229572824,3.0,0.005217564142911566,0.0,-0.04292055481827489,0.036860059782182444,-0.042955174630482325,-0.08543231092361697,0.04087802975620017,-0.08546421106915221,0.06239498932483659,-0.00964500433632727,0.062395266650522266,-0.10531554414311148,0.046505064118509715,-0.1053504412810046,0.013743427547908053,0.013820585718164578,-0.01638547216999566,-0.0163640718221923,0.03911777025081414,0.039184416868958044,0.06314687999729213,0.06300903089362087,-0.03973079649263177,0.04249392622948241,-0.037949623502563826,-0.03272892138859293,-0.028605981394204227,-0.10495843017071198,-0.10408451684035945,-0.06805796123093356,-0.0660008638118166,0.12653398779143704,0.12692635006324254,0.0751480620352776,0.0760166626308452,0.0021753629411526924,0.061003961264835274,0.0034667404121320336,-0.20454954284289373,-0.2034394185690423,0.0013855287047646009,0.0005236288564740869,-0.2357749742008167,-0.23842950044366837,-5.71816620519288e-06,0.0029207259085560966,0.18194958976461487,0.1877593342633533,4.209788881642919,3.915833636099328,3.2154255785245387,2.9129294595052677,5946.685578345898,5533.146027993489
Qwen,Qwen Small,tinystories,StudentT,hc_values_per_expert_hat_1_new.parquet,4.951749954449837,4.0,4.09189538369801,3.0,0.005217564142911566,0.0,-0.036711847304487316,0.036860059782182444,-0.038778985910633605,-0.0773611431430664,0.04087802975620017,-0.07893810112509275,0.05916692396078049,-0.00964500433632727,0.0587401917058188,-0.09587877126526781,0.046505064118509715,-0.0975191776164524,0.01093525463530438,0.006317491820753193,-0.012915617081719337,-0.01675356142641588,0.030960536254020628,0.030421562376620505,0.05880277842590263,0.05822595933167214,-0.025937342100330305,0.04249392622948241,-0.02646178043006784,-0.0050608974379021164,-0.006297320995508804,-0.09237188335744087,-0.09082562512535669,-0.041843554621959926,-0.03970510713384922,0.1203614150893463,0.11739094707257061,0.061294631567092944,0.05666404429000808,0.013833405052148463,0.061003961264835274,0.011290368637740012,-0.13930670174577708,-0.14134660757897283,0.002234822248562015,0.0017054535048242076,-0.17877160263476014,-0.17761555217221398,0.011401767253431078,0.00951192458785901,0.15535888942944284,0.15111353568863467,2.060065154136931,1.9810723518828957,1.7868737528670944,1.6949087190150052,5946.685578345898,5533.146027993489
Qwen,Qwen Small,tinystories,StudentT,hc_values_map_agg_standard_1_new.parquet,10.131615125966906,6.0,10.631656535206135,6.0,0.005217564142911566,0.0,-0.06766489847829403,-0.05424449699920996,-0.0035802502639331324,-0.1127629635393698,-0.09675529675566615,-0.00474706886355617,0.0687196514493825,0.06368745277426469,0.001987004851073972,-0.1363845499276765,-0.11793194977347465,-0.005567255115007105,-0.026489417485469166,-0.0043080396989168485,-0.02969648275780986,-0.006208777317662593,0.006997179592306801,0.002990943424984919,0.04872169400712457,0.0015962822086413029,-0.01597092067267053,-0.05052745253216173,,0.058601936566575474,,-0.0914668115649086,,0.04842384645398103,,0.12886462657577596,,-0.017142535192125444,,0.20738055253939472,-0.058747073001848386,,0.24913456220995348,,0.20785238617995166,,0.2767537103590052,,-0.13233534123674331,,-0.2038618762720743,,-1.4673114674538572,-1.4691396180472076,2.5818617361409182e-06,0.0,17.381108163592824,17.24134658444953
Qwen,Qwen Small,tinystories,StudentT,hc_values_map_agg_hat_1_new.parquet,12.702366952114355,8.0,13.954830801848509,9.0,0.005217564142911566,0.0,-0.04642810116738118,-0.05424449699920996,-0.0035802502639331324,-0.08263285353456792,-0.09675529675566615,-0.00474706886355617,0.05426636634360985,0.06368745277426469,0.001987004851073972,-0.10069446751099104,-0.11793194977347465,-0.005567255115007105,-0.01202865449276419,-0.0043080396989168485,-0.015370175465841233,-0.006208777317662593,0.005710247934825557,0.002990943424984919,0.04027124500023537,0.0015962822086413029,0.002196316399528469,-0.05052745253216173,,0.056858448353579255,,-0.06530770241416321,,0.038852792733021516,,0.10556786361980142,,-0.0036929984466628645,,0.22313221116087162,-0.058747073001848386,,0.2414892974395788,,0.22881630469624648,,0.261641829421898,,-0.15139075258188806,,-0.18604604572434716,,-1.8438600068197586,-1.8079404300982203,2.5687671364596425e-06,0.0,17.381108163592824,17.24134658444953
Qwen,Qwen Small,tinystories,StudentTSkewed,hc_values_per_expert_standard_1_new.parquet,11.398373445083067,3.0,14.212445960942805,21.0,0.1600715551653885,0.0,0.045945655728545524,0.0056392304618430155,0.028390282917518474,0.07543398227711932,-0.02816703527514261,0.05816605952699256,-0.045128200766155896,0.04507406554276169,-0.043511241876082976,0.09107385649470143,-0.039434835080918676,0.07190152479360146,0.04689542007959969,0.028113671646846413,0.08987646900342208,0.06998965399047617,-0.06349942244944107,-0.05986524325867375,-0.061257546174827614,-0.05760894520861221,0.11382779464983925,-0.015280141030090016,0.11028616361798152,0.12302366245463404,0.11831073996866964,0.13184048760650866,0.13373957469553632,0.14941820274929182,0.14979503889963322,-0.09521672691503291,-0.10175365130108402,-0.1138591303295866,-0.11915770175706891,0.29807313525127044,0.0252833592586347,0.3294259947973315,0.2987055690693372,0.3335254408497816,0.3532374937487929,0.3883715095288931,0.3600530319740275,0.3994618527582544,-0.28498175408633913,-0.31144173431835315,-0.2959988287190116,-0.3260501194153549,-0.14457794966813858,-0.6764305672333918,0.6483891492030825,0.0,2.651847680254418e+298,31.65395267040264
Qwen,Qwen Small,tinystories,StudentTSkewed,hc_values_per_expert_hat_1_new.parquet,15.688900667516936,24.0,19.409570503370713,25.0,0.1600715551653885,0.0,0.07730111667633795,0.0056392304618430155,0.02830552697140199,0.1181436930676569,-0.02816703527514261,0.06931993895679087,-0.06406562051781275,0.04507406554276169,-0.05870027414410975,0.14136673719415072,-0.039434835080918676,0.08700580111551173,0.07841698685872879,0.027937085088365652,0.12888294972593436,0.08036288337918207,-0.07721718346625132,-0.07412040273862,-0.07567400469885421,-0.07215507364725196,0.12989618397319275,-0.015280141030090016,0.12425291637414389,0.1353767770561096,0.13107033537805965,0.16345683049836165,0.1554002455260004,0.17498028517458353,0.16931211708664873,-0.12924438943698632,-0.12211726456722823,-0.14201093717539595,-0.1373320931739023,0.26998665443026504,0.0252833592586347,0.3757651225455866,0.26508098709270905,0.3753343164097826,0.32946681962568203,0.4484517344420235,0.3273666842928034,0.45236713875902895,-0.27467702364255164,-0.3647298256858128,-0.27631122082589155,-0.37184199909524634,-1.0848631953678656,-0.752483772032946,0.4486965068270753,0.0,2.651847680254418e+298,31.65395267040264
Qwen,Qwen Small,tinystories,StudentTSkewed,hc_values_map_agg_standard_1_new.parquet,10.24928362016133,6.0,10.794792374074504,6.0,0.1600715551653885,0.0,-0.06313833562297777,-0.05428086666711309,-0.014902731319237437,-0.1106551356701925,-0.09674352004517076,-0.020966799819276093,0.07147350099530568,0.06362649661239485,0.009903454681488528,-0.13461183661828346,-0.11790736327950793,-0.024806186000725965,-0.02069944373723353,-0.02410051419339182,-0.026096197450808385,-0.039121016932684535,0.009353147652969693,0.022629311343295447,0.052231501937748774,0.016059658617590487,-0.016503050202678435,-0.050348699648949176,-0.002884758982208341,0.05930493609914674,-0.010888865394783636,-0.09386952678342203,-0.0029504503749898533,0.047807531562770914,-0.019695950291146253,0.13213748510144907,0.001794469580436511,-0.015445931778884673,0.020212232446327052,0.20218319345225302,-0.05834929849804485,-0.004919059392934754,0.24701304997045648,-0.01269059703526818,0.19914381976549342,-0.009164674896317657,0.2725412201339588,-0.023294294317151347,-0.12293195631567433,0.010504320619367648,-0.19890217625740564,0.026447461082914934,-0.8227112988159373,-0.8157351350189572,0.0010326487000560005,0.0,23.17301996647096,22.954390673212917
Qwen,Qwen Small,tinystories,StudentTSkewed,hc_values_map_agg_hat_1_new.parquet,11.435426432345585,7.0,12.750302287446376,8.0,0.1600715551653885,0.0,-0.05617792512231046,-0.05428086666711309,-0.014977359100465095,-0.10089264410375552,-0.09674352004517076,-0.02104976833317984,0.06688884532244337,0.06362649661239485,0.00992326058065052,-0.12306677044475382,-0.11790736327950793,-0.024900619681115614,-0.014912923806577275,-0.02425388857112305,-0.019535336203498312,-0.039357720844254804,0.007725136118199858,0.0227568499089824,0.049511290515156126,0.016138724943540784,-0.014357821810783954,-0.050348699648949176,-0.002985021769432333,0.0543908924251057,-0.011047502874643761,-0.09077838319835595,-0.0029752605112978595,0.03852850938359925,-0.019841419899351256,0.12938304150643157,0.0017337869647355774,-0.005702978323188818,0.020281539403847495,0.20254990347583862,-0.05834929849804485,-0.0054336751475522116,0.23949527264398518,-0.013328384341777716,0.19902093138638638,-0.009481543947134411,0.2605637802381968,-0.023832063191778798,-0.12231290849122628,0.010486715342029933,-0.1864168236724884,0.02667122808949131,-0.9669114845791432,-0.9348573870014244,0.0010075178391598094,0.0,23.17301996647096,22.954390673212917
Qwen,Qwen Small,tinystories,KDE,hc_values_per_expert_standard_1_new.parquet,15.317907011412386,20.0,17.252662614082453,24.0,0.0,0.0,0.08146234557058679,0.02466970302668957,0.032901630981186356,0.124927455135608,0.04823745240094893,0.06548395480888913,-0.0680876566442295,-0.034690659947514677,-0.04782213280680589,0.1495500022148163,0.059360362974204245,0.08072376378799224,0.030439996850464467,-0.028291557926990986,0.06958000678459467,-0.010548809359333484,-0.05606455133309012,-0.02076216805825796,-0.04718259816729048,-0.0263437445020925,0.15754989097206312,0.0471047760861493,0.11949122226468037,0.05701814866234814,0.02092351296260624,0.19917256715066373,0.15700758159313633,0.12462896092198378,0.06350854537534033,-0.15821132903429763,-0.12940868929917043,-0.13929999123664086,-0.07904548835218757,0.2963258086703465,0.03570078551410094,0.31317630550310904,0.11553263871322493,0.16247167380547778,0.3603185669832766,0.36824732515388914,0.1712313041512001,0.19812246502442077,-0.299229716598446,-0.294397386666446,-0.16469092163168178,-0.15893076802569361,-1.7822962883884235,-2.002056746096124,0.22289042587555177,0.0,26.882222118284567,12.259467098282093
Qwen,Qwen Small,tinystories,KDE,hc_values_per_expert_hat_1_new.parquet,19.84406936875756,26.0,21.414357411425637,26.0,0.0,0.0,0.10085712549387943,0.02466970302668957,0.03823334204583318,0.14540524874276708,0.04823745240094893,0.0762097653325102,-0.07176813178757997,-0.034690659947514677,-0.0557260600794028,0.1726252572814594,0.059360362974204245,0.09395940212523599,0.06634155361840013,-0.02125666399951744,0.10201713873264721,0.004056559907716631,-0.05536850911756555,-0.03173300490047539,-0.05241018441496192,-0.03561378363709859,0.1607892807110188,0.0471047760861493,0.13039268013919014,0.07447517753613646,0.036703370760279255,0.20530208321544047,0.17189587073341275,0.13084835190911953,0.08492810952790818,-0.16468452953265925,-0.142107921871693,-0.1317674248424074,-0.0970583785898228,0.2679317399117086,0.03570078551410094,0.34614216487857635,0.09012646744710429,0.2175106838026183,0.3313383606511168,0.4086343174272896,0.13856253521407413,0.2663222054596537,-0.2802035105581435,-0.328211637389247,-0.13696448492668573,-0.21461550044116404,-2.83005232676499,-2.476822073181643,0.17729485346970628,0.0,26.882222118284567,12.259467098282093
Qwen,Qwen Small,tinystories,KDE,hc_values_map_agg_standard_1_new.parquet,10.894389876269193,7.0,11.200023189173969,7.0,0.0,0.0,-0.03102739535257703,-0.052352570346333706,,-0.06567123535753647,-0.09445620595821921,,0.0503959203615527,0.06292066699930425,,-0.08142331571412972,-0.11527323734563796,,-0.0024336071723545308,,-0.008176621717269298,,0.007976366163489618,,0.039817197710433676,,0.022465295837863775,-0.05073517925950838,,0.07341460475961276,,-0.03937912026405281,,0.059129154807160376,,0.08473131467746223,,-0.019145401916865003,,0.24480279988385434,-0.06029001828057375,,0.2651313182898408,,0.25079173536235644,,0.28793687143909363,,-0.1656638417406631,,-0.20601870538469438,,-1.765668819075983,-1.7435419787992936,0.0,0.0,13.681749533211686,13.665117056187174
Qwen,Qwen Small,tinystories,KDE,hc_values_map_agg_hat_1_new.parquet,13.715667599754857,9.0,14.57446209398241,10.0,0.0,0.0,0.0017349192806545204,-0.052352570346333706,,-0.017275177832283696,-0.09445620595821921,,0.025510339603078566,0.06292066699930425,,-0.023775420322424044,-0.11527323734563796,,0.017051775329767992,,0.013325256526183018,,0.0032592968865933656,,0.024135855003128995,,0.05728419941439261,-0.05073517925950838,,0.08214607229010291,,0.00907844149675226,,0.05900587829928671,,0.04273805513328184,,-0.010031719215539104,,0.2541108695496409,-0.06029001828057375,,0.25496115432781574,,0.2685310126177273,,0.2719145267007489,,-0.18623193707268007,,-0.1894190802458303,,-2.2558739659308795,-2.229524407122872,0.0,0.0,13.681749533211686,13.665117056187174
Qwen,Qwen Small,tinystories,JohnsonSU,hc_values_per_expert_standard_1_new.parquet,15.858098819008497,20.0,17.339075414506485,24.0,0.0046709621850827355,0.0,0.07935120784362554,-0.003921339043851337,0.038910084740554504,0.12595582236877984,-0.003075748295498453,0.0762679632594149,-0.0720922104458159,-0.0006955339787228607,-0.05496688060590928,0.15144341828944144,-0.0032258050651284764,0.09387696534646378,0.05887176362651577,-0.0037254696967808265,0.10659317359199107,0.02607008618075303,-0.0709749404571727,-0.03977997489512755,-0.05586410521079772,-0.03581668956748959,0.15055832001658598,-0.0036083603356181003,0.12645580890353356,0.08863490786917613,0.0532329549134872,0.19218320256949464,0.16448154370367096,0.15657277373323156,0.10761269199456373,-0.15411772422209422,-0.13429628532322047,-0.1586579588180746,-0.11667306999960857,0.26707367913045,-0.0045671957717611945,0.2885730530758638,0.12252852245421407,0.16215335967121508,0.32670546851909177,0.33860883543348486,0.17561397383998942,0.19775213878255096,-0.2730934347384977,-0.27003646736138787,-0.165883950998559,-0.16021495461681926,-1.394209714389961,-1.5912103569221352,0.2605998227006518,0.0,1705719.1397145137,11.910167647986103
Qwen,Qwen Small,tinystories,JohnsonSU,hc_values_per_expert_hat_1_new.parquet,18.688254683384958,25.0,19.990376492803072,26.0,0.0046709621850827355,0.0,0.0979554884946262,-0.003921339043851337,0.04085200759844904,0.14458439442666854,-0.003075748295498453,0.08150499668338063,-0.0742505943749587,-0.0006955339787228607,-0.05964493056314545,0.1722060828695849,-0.0032258050651284764,0.1004969381615945,0.08231766045824662,0.0015794736929649069,0.12449318831431473,0.035761996195849945,-0.0661190215062452,-0.04629261682690389,-0.05859074951099112,-0.042215991162331434,0.1543712923429597,-0.0036083603356181003,0.13544178083742303,0.09807913711285705,0.06968600068482757,0.19879764789909896,0.17652729331491773,0.1562150539041683,0.12547123514673364,-0.16078671410680095,-0.14440556140421001,-0.14872243933430404,-0.1284744766898841,0.2488820354468882,-0.0045671957717611945,0.3293147845599027,0.11903605714688259,0.23050565358596933,0.3107332886498876,0.39149651900086313,0.17112426632121652,0.28600283313857333,-0.26541735228313595,-0.317000269164179,-0.16203868235077512,-0.23612424156137035,-2.2309039153552592,-1.9006693869612765,0.2100175098484252,0.0,1705719.1397145137,11.910167647986103
Qwen,Qwen Small,tinystories,JohnsonSU,hc_values_map_agg_standard_1_new.parquet,11.163864641478806,6.0,11.802974839746245,6.0,0.0046709621850827355,0.0,-0.05707629953738111,-0.05419405282031513,,-0.0883305295588341,-0.09672750381934286,,0.04878801593753032,0.06371232224720663,,-0.10586431547491143,-0.11790637506752176,,-0.024942152314725866,,-0.0243209069748304,,0.001694845650093457,,0.03303680367687867,,0.006327053127039511,-0.05063767369022851,,0.06091696836103786,,-0.05460437824187665,,0.04998143597451581,,0.0927432083611882,,-0.017249753419285297,,0.24301107151632592,-0.05900832655410463,,0.2591538255108364,,0.25700969559478887,,0.2864644795390512,,-0.1784595845829172,,-0.209554337781605,,-1.9396759634522989,-1.9329267159191066,0.0,0.0,13.874571679251599,13.778451781910258
Qwen,Qwen Small,tinystories,JohnsonSU,hc_values_map_agg_hat_1_new.parquet,14.87893594818876,10.0,15.667599754857303,15.0,0.0046709621850827355,0.0,-0.007229641792925518,-0.05419405282031513,,-0.016240176106677797,-0.09672750381934286,,0.013011498249415216,0.06371232224720663,,-0.020241140042340733,-0.11790637506752176,,0.004182125298785873,,0.005823863284626497,,-0.002629691315483088,,0.011501039989834224,,0.058510907680924894,-0.05063767369022851,,0.07597775146807205,,0.019840905054701624,,0.05491465087804855,,0.026924654313218093,,-0.009699367213308783,,0.25373971738630513,-0.05900832655410463,,0.244636284251703,,0.28005322952598466,,0.2646067658411016,,-0.20668381794943624,,-0.18766828009778203,,-2.518214913073459,-2.5149657554618505,0.0,0.0,13.874571679251599,13.778451781910258
Qwen,Qwen Small,race,GMM,hc_values_per_expert_standard_1_new.parquet,8.429925882706877,3.0,11.293798032655369,6.0,0.39597596885797376,0.0,0.04033512493471238,0.0039653342098906015,0.05308915455865998,0.08084339459716508,0.013596495902079925,0.080303117776501,-0.060682980693901684,-0.01425507380477585,-0.04156602543697331,0.10101810562861406,0.018220408014666453,0.09465517999563329,0.036180103918002346,0.05242060631706564,0.0630229647743289,0.06228039267242576,-0.040435843220906584,-0.015992861858891576,-0.05500175085646482,-0.03566833786535248,0.054010699570601325,0.006671686030702067,0.08526225148842471,0.04593824874287607,0.08364969636509248,0.11449228263506402,0.1257226068271834,0.09757510732043607,0.11106261053496999,-0.11833376252549213,-0.09577236963855557,-0.10089606110881101,-0.07349068087354896,0.046405218732309905,-0.010850339546091678,0.07514739084961249,0.0449515762932811,0.07767590421989391,0.12064190113181585,0.13220997597069287,0.11352087228907383,0.12656417563156336,-0.1271889559028615,-0.10884145269319116,-0.11804531932662148,-0.09691807755693102,0.5012802246580924,-0.06340623127701088,1.0405757630764714,0.0,4.1024331987127474e+296,66.12963560375756
Qwen,Qwen Small,race,GMM,hc_values_per_expert_hat_1_new.parquet,11.481033083844618,7.0,15.004731472955848,16.0,0.39597596885797376,0.0,0.022061198020934737,0.0039653342098906015,0.033811681647564394,0.07170923050063174,0.013596495902079925,0.06603126047073771,-0.07353377816483836,-0.01425507380477585,-0.04831933457884778,0.09559497618577309,0.018220408014666453,0.08213101622641217,0.014035056227710861,0.027433591362450886,0.053506896715636805,0.0446070269439984,-0.05831880977086731,-0.025994801907577733,-0.0688519110181127,-0.04288530247743103,0.01688605449558608,0.006671686030702067,0.06247755577813292,0.004967802696187278,0.05576033991718715,0.09222004521863417,0.11019442002024399,0.07333910044645163,0.09234367796956375,-0.13035715139454115,-0.10007573970165323,-0.11481188883898022,-0.07928807537922568,-0.00021994909727463072,-0.010850339546091678,0.05468310770449086,-0.006083390953943869,0.05358493781845632,0.08359351920304886,0.1207323585712709,0.07236281116214292,0.11268445528595968,-0.12883492481891737,-0.11692013664324423,-0.11897237525104876,-0.10589145939828769,-0.5571223788342211,-0.0643652490387594,0.5710462328184139,0.0,4.1024331987127474e+296,66.12963560375756
Qwen,Qwen Small,race,GMM,hc_values_map_agg_standard_1_new.parquet,6.039301310043668,5.0,6.3927396048901,5.0,0.39597596885797376,0.0,-0.060292878245320244,-0.030444786830435246,-0.07163111550224444,-0.12608836498472537,0.002979813062837455,-0.1329122172759144,0.09840382955960825,-0.04811373701797328,0.09212749053280066,-0.1586967078049285,0.017668950187538033,-0.1637586060350451,-0.04225393149747512,-0.05597733366198025,-0.040601504546085375,-0.06336369439078748,-0.001503190760236867,0.01204239333122695,0.13132971138302457,0.106128927911789,-0.011010846408280806,-0.040283510394726385,-0.03561079114178376,-0.04574453469686003,-0.06582893725475124,-0.1201575885238481,-0.13189665407986345,-0.04865382144711282,-0.07497632948002524,0.18431760373456374,0.17135492396669008,0.02018594477446925,0.037368867214251485,0.0920794647933646,-0.04761650072285531,0.07178613373721518,-0.014570179925549534,-0.0024150809965436787,0.05329273534393707,0.0469098226455031,-0.004582816023994935,0.007390024107952109,0.03381427355667507,0.01811539001941211,-0.011169053608676116,-0.014371073806175767,0.3946875320568922,0.2619108118269636,0.28963697955927414,0.0,80.77070439397978,62.05396107688881
Qwen,Qwen Small,race,GMM,hc_values_map_agg_hat_1_new.parquet,6.336627435249929,5.0,7.110145773126328,5.0,0.39597596885797376,0.0,-0.04429659565682136,-0.030444786830435246,-0.06936877359840235,-0.11109260326178698,0.002979813062837455,-0.13382806027478825,0.09938065228687587,-0.04811373701797328,0.09672182514326325,-0.14367724794369724,0.017668950187538033,-0.1660905987416656,-0.005986293546401778,-0.05289982203300702,-0.008749516136238105,-0.06375109354032456,0.004179918180213041,0.017053656945550718,0.13443605709730552,0.11082010715392014,0.009441850706608626,-0.040283510394726385,-0.030910551524995545,0.00010313609690126975,-0.060779580997578755,-0.10153033553267754,-0.13207881822235668,-0.010060913114242538,-0.07464109660696983,0.18042312486914094,0.17784427389650573,0.017012570409589988,0.04358580868881863,0.09966802212681097,-0.04761650072285531,0.078183582949751,0.0031083630183165313,0.002884849930715251,0.05274616467644807,0.04780599098036693,-0.00332281498754046,0.007032088186269541,0.04419606897596626,0.024780797813616633,0.008989339960585888,-0.0071975264874064035,0.2331968904025186,0.25740720701024167,0.22956781519852482,0.0,80.77070439397978,62.05396107688881
Qwen,Qwen Small,race,GLM,hc_values_per_expert_standard_1_new.parquet,11.907047980235388,3.0,15.4218851136374,25.0,0.0,0.0,-0.021693351638448037,-0.06971693394077999,0.007649355496905513,-0.013186815261849845,-0.08436262563191087,-0.016609979828520527,-0.011816526432226197,0.023633489653018043,0.03536441397496512,-0.00987682520622184,-0.09335042359379803,-0.027715058478059607,0.010367152956406701,0.02713351837341181,0.037302583283019025,0.0014000505679502974,-0.03982053082047037,0.036913950714447,-0.04926821400014872,0.031456734595871956,-0.01681781900173787,-0.06659616046881532,0.015647448431081592,-0.005370107773589595,0.027249682713116494,0.0035245176892627897,-0.013465706846757684,0.040822996590066926,-0.0051826861408869685,-0.02797261588886038,0.04288056321054458,-0.07460659767718235,0.04444546956641779,0.007287137740137768,-0.024444566945121746,0.0327323056586747,-0.046134900047856676,0.0211984964530603,0.05890321986250233,0.0298093725519447,-0.0183355080650949,0.002052486448599648,-0.08142495054672058,-0.004688903750451117,-0.0299494280136838,0.023559065844638655,-2.265934368607298,-2.5854316280573153,0.04182816013235157,0.0,26.744939420466892,11.624240436121859
Qwen,Qwen Small,race,GLM,hc_values_per_expert_hat_1_new.parquet,18.693320327100675,26.0,21.34463173824653,26.0,0.0,0.0,0.016753457964943593,-0.06971693394077999,0.011848276800706273,0.0485062842805261,-0.08436262563191087,-0.012469740664270184,-0.04711038292801703,0.023633489653018043,0.0353215396518485,0.06386384089296063,-0.09335042359379803,-0.023473262851142224,0.05819152558513675,0.032562609825932995,0.11057019238482141,0.0066427976024272875,-0.07859498297111975,0.037021665706162825,-0.07852632726795118,0.03138533851655735,0.016532167973303022,-0.06659616046881532,0.02372319357427505,0.04186747789532433,0.03714016942864527,0.06887030698009838,-0.005155275810265519,0.12097638445659933,0.004711503382521827,-0.09218841402646566,0.03976191429807443,-0.14502894760531426,0.041096306948528505,0.0005440989521910016,-0.024444566945121746,0.03852399634782441,-0.0386523976932162,0.02673196426529132,0.0572676799799483,0.03794814786801786,-0.0020595675786514228,0.008906956009828838,-0.08738779544944042,-0.009923523790362609,-0.045543910162069205,0.01999377707175169,-3.4845281117089266,-3.4730749510440795,0.03355000403641005,0.0,26.744939420466892,11.624240436121859
Qwen,Qwen Small,race,GLM,hc_values_map_agg_standard_1_new.parquet,15.276048171682271,13.0,15.839221084683338,17.0,0.0,0.0,0.051908473712605034,-0.06872507549083362,-0.0013041966608968506,0.019532099598681622,-0.038751964626750776,-0.00016821211639520136,0.04591616927441985,-0.041872904617073894,-0.001626938252163501,0.005992304438185186,-0.026852170873759726,0.00032274159126665053,0.0557408276594041,-0.0008356340821805568,0.03155992989554338,0.0014021463205288998,0.03425822615300274,-0.0032667501962976736,0.04237153572464657,-0.0011774910245263635,0.12248762106801833,-0.07483894320741014,0.00014692754623517746,0.12014188812672127,-0.00029216430406856615,0.07368673693027392,0.0005950856094414799,0.08702720290894483,0.0022399038973377,0.03933432083179627,-0.0007912002262360136,0.015147541124432527,-0.004156875883410811,0.11177271704314906,-0.0587872474106199,0.004247191984322273,0.10476765814430777,0.000974054710110503,0.09410044241791964,-0.000600739787516018,0.09006542423543265,-0.002397536764005191,-0.004183184900590067,0.006263945329878555,-0.007621506873584685,0.004898584027101708,-2.263463531410685,-2.2832758869562326,7.991919539318444e-05,0.0,10.794658407702867,10.616768825468819
Qwen,Qwen Small,race,GLM,hc_values_map_agg_hat_1_new.parquet,18.721180406779045,24.0,19.487177617124466,25.0,0.0,0.0,0.09138423481953172,-0.06872507549083362,-0.0012722780728636233,0.06843568218183307,-0.038751964626750776,-0.00019892223677489405,0.030868635377828323,-0.041872904617073894,-0.0015360141786245288,0.06051559944170339,-0.026852170873759726,0.00026373610576090555,0.08940801899578013,-0.0008008897682181748,0.06157747077549425,0.0013806270705752632,0.038865797479115075,-0.003184921898766903,0.02134800554654944,-0.001082170132432749,0.15036879059084063,-0.07483894320741014,0.00019401645997073216,0.15137669431966136,-0.0002451705392504932,0.12124583526967342,0.0006958058896102555,0.11865405994727506,0.0023415887224806416,-0.002651283140706129,-0.0008958593811683384,0.0039581252332518664,-0.004264632836117965,0.11333283747375916,-0.0587872474106199,0.004327386613967179,0.11836664207711568,0.00103099615907862,0.09628200828824279,-0.0005260276482546123,0.09872055548313029,-0.0023356218766330023,-0.0055766460661515905,0.00624987571652298,-0.003947690414392139,0.0048745262624880345,-2.9255730466161034,-2.9009868013470483,6.908055761429356e-05,0.0,10.794658407702867,10.616768825468819
Qwen,Qwen Small,race,StudentT,hc_values_per_expert_standard_1_new.parquet,4.094930304218213,1.0,11.743871420627034,5.0,0.004284763563099981,0.0,0.026756767632996326,-0.0062095162611264755,0.045500929061588466,0.03726821354541335,0.0004751923271856984,0.05282108895311319,-0.016246982783241076,-0.009618733725475006,-0.01213973126325173,0.0430037504162374,0.00340921746434853,0.05764066032484019,0.08836163845410716,0.09262632427683554,0.10515451333587097,0.10021064331187379,-0.027361169558799414,-0.013979947206747601,-0.03337542879266075,-0.02079412435991224,0.06256600900203793,-0.004223714435719415,0.08629786946087455,0.11378373647449691,0.12469330320817523,0.07908553064337229,0.09887224172002688,0.13373072007504136,0.13439329771570643,-0.048486311176459525,-0.04998216673471739,-0.0714491393090066,-0.05818151846202026,0.08940448767332633,-0.005721163225861407,0.1020247588031698,0.06330528236231403,0.08043802028660331,0.1276636930083307,0.13311585103790524,0.05962495779128949,0.07095345553498086,-0.08392403365839232,-0.0764412151486141,-0.01174591131886484,-0.007549157586346102,0.09440660422965182,-0.4024980947422688,0.29507562748651256,0.0,873.293466737239,80.07457814584869
Qwen,Qwen Small,race,StudentT,hc_values_per_expert_hat_1_new.parquet,4.450848292020312,1.0,15.621409231386348,22.0,0.004284763563099981,0.0,0.021142088563457367,-0.0062095162611264755,0.04148060988346118,0.035052505238801254,0.0004751923271856984,0.0452647401515932,-0.021062328794895883,-0.009618733725475006,-0.006827278573781221,0.04220441735835325,0.00340921746434853,0.048307888457242404,0.06454391939052552,0.08571098179380882,0.08594140968837678,0.0875135895622022,-0.033384845425516604,-0.005283121242286469,-0.04026443889876013,-0.014428535295271949,0.05428242425769638,-0.004223714435719415,0.08426983056159029,0.08379985499650161,0.12147369546739063,0.07737795991489896,0.09397029679285529,0.11432523129571069,0.12649062226817712,-0.056566423648798964,-0.04454132088921742,-0.07882004603421272,-0.04934540979216998,0.0759122107106074,-0.005721163225861407,0.10325554499007791,0.03359460993066135,0.08166844067729985,0.12159877812817717,0.13687574776328987,0.04824975806937766,0.07766925217054708,-0.09156088218503003,-0.0806760672254703,-0.031709705059775245,-0.016301563095376444,-0.13261199767643386,-0.4881460537043817,0.21508653942838815,0.0,873.293466737239,80.07457814584869
Qwen,Qwen Small,race,StudentT,hc_values_map_agg_standard_1_new.parquet,12.040449991339308,8.0,12.596001495108988,8.0,0.004284763563099981,0.0,0.020999136097499004,-0.06883173684925076,-0.00023931793745676604,-0.03934806667685426,-0.03900882620862896,0.001056421557757123,0.08791151170068069,-0.04164921653404113,-0.001894083106160461,-0.0669123756031817,-0.02718252031520963,0.001654765168703695,0.04098937933933405,0.0002141291623119694,0.01517369713717518,0.002646143058667495,0.036993413757601366,-0.003576145317598531,0.08987775255906812,-0.001483810128453906,0.09953207507547755,-0.07495617376180252,0.0012800517466782218,0.09745533856004139,0.0008007225600175897,0.006854976755267839,0.0025628114453366416,0.061099089755105404,0.004224135666190931,0.11969326263584057,-0.0025552367241326686,0.028229474601875828,-0.0060252253049040425,0.1436700461623206,-0.05865176958493602,0.006553456521118976,0.1044177047472374,0.0026756027620048186,0.10661097887009832,0.0021032210958450174,0.0868377879944268,-1.4851599010602433e-05,0.016681941383091856,0.005005233413189937,-0.003128775817640367,0.003360981243429502,-1.7573902226858402,-1.7740579187849375,0.0001534765592908386,0.0,14.58251775427766,14.29361090053114
Qwen,Qwen Small,race,StudentT,hc_values_map_agg_hat_1_new.parquet,15.089752121869616,12.0,16.101020138388748,17.0,0.004284763563099981,0.0,0.048208396792102357,-0.06883173684925076,5.287779627870313e-05,-0.013595674786135745,-0.03900882620862896,0.0013190914007699239,0.08921354911749575,-0.04164921653404113,-0.0018597313156888554,-0.041005152325393396,-0.02718252031520963,0.0019126091119675585,0.06493505028830138,0.0005082350680209351,0.030527985180774955,0.0029165417051384692,0.04907434903782475,-0.003547906644296517,0.08596935523842035,-0.0014492973991040974,0.12707743530571564,-0.07495617376180252,0.001650882339880961,0.12550682307890645,0.00116988833467804,0.03943866099337125,0.0032211154331223124,0.08345782543620352,0.004892210777452442,0.1020439817177467,-0.003156266598060048,0.028332929753092186,-0.006652295253977996,0.1485989111567151,-0.05865176958493602,0.007161649527837678,0.118072252185094,0.0031424004609813087,0.10923083225872889,0.0028410848688685125,0.09335821972799736,0.0006458792462798401,0.01885001941739253,0.004635165184243862,0.003890124995424908,0.0029283323668629277,-2.260126874065215,-2.191192382226644,0.0001274520075694751,0.0,14.58251775427766,14.29361090053114
Qwen,Qwen Small,race,StudentTSkewed,hc_values_per_expert_standard_1_new.parquet,10.111358270049502,2.0,13.162647801551632,12.0,0.15229143685443655,0.0,0.037320411660001565,0.051138615936337284,0.0624079270498306,0.07269668927047768,0.06212427069296993,0.08482034578584993,-0.05305942208326244,-0.01769185215066371,-0.034806257424236514,0.090379833743264,0.068830468087001,0.09721418447406711,0.01951576703459582,0.04473850958266764,0.052355049269406165,0.06356794008739883,-0.04865708590962436,-0.028886067960619106,-0.05044468482096094,-0.03126465050199905,0.06653564513838892,0.0592388008351332,0.10660261576586157,0.044727959569526694,0.08596209364825116,0.11911794256968018,0.1363164379471309,0.09750970749848693,0.1143274384718394,-0.10949812145162652,-0.08520606654213234,-0.10216784036207366,-0.07573308029466784,0.07809935039982296,0.0630509644227734,0.10410394384116275,0.05051817052353353,0.07716281401374805,0.13521686989732978,0.14350626597193702,0.11242810049926993,0.1204894398665836,-0.10975420143487838,-0.08980642708935005,-0.1090582221972527,-0.08800920050810272,-0.9345548566798424,-1.25097532174382,0.414299470208229,0.0,1.2444047369428665e+298,21.74947671518245
Qwen,Qwen Small,race,StudentTSkewed,hc_values_per_expert_hat_1_new.parquet,15.261944917996919,23.0,18.974984274006072,25.0,0.15229143685443655,0.0,0.04085155651183429,0.051138615936337284,0.044552355058322994,0.08572549227946083,0.06212427069296993,0.058149095009292974,-0.06710524798532619,-0.01769185215066371,-0.021321168147936116,0.10795680449716047,0.068830468087001,0.06587352320625911,0.02860758516969918,0.028733652182070128,0.07165157339835,0.03873524390294318,-0.06386619110923242,-0.015489574109420041,-0.06518511039047312,-0.017876566439170974,0.05218979910087318,0.0592388008351332,0.09208707878562279,0.03676124758505094,0.07314093879453237,0.12114018876525232,0.11301449640021384,0.10562386804169646,0.09204026268225597,-0.131730677216973,-0.06576045105761709,-0.1260323655124707,-0.055795798461395436,0.03877615860274763,0.0630509644227734,0.10229439661658699,0.018679471248036258,0.07863524537537667,0.0971398831281859,0.14177494886035347,0.07877863462466761,0.12056322738018165,-0.10063737877000956,-0.08941901162502472,-0.09738167273606246,-0.0862760076891776,-2.04832752772362,-1.6686698000498847,0.2890352516004337,0.0,1.2444047369428665e+298,21.74947671518245
Qwen,Qwen Small,race,StudentTSkewed,hc_values_map_agg_standard_1_new.parquet,13.19324283669581,9.0,13.660136200782198,10.0,0.15229143685443655,0.0,0.042901738871638735,-0.06970043199166372,0.03475406449406784,-0.017335638623315785,-0.0413479373561216,0.03556703108301265,0.0870775179573513,-0.03946476685770207,-0.002260606106354193,-0.04417577908571257,-0.03023566513396165,0.03701467060042204,0.05833340572918405,0.03261339552251081,0.02629504634881578,0.027406779098317034,0.04575005018176341,0.00691347875912189,0.08523669128295422,-0.004122484011453726,0.12312980187237335,-0.07515918230284474,0.061479961336847244,0.12009095516990599,0.06344057874410089,0.03447733036383718,0.05539392467197092,0.07858769806123071,0.05024991051189853,0.10505591093610414,-0.010715818891203658,0.029197780511914434,0.0007365574009439854,0.15243163857730035,-0.057344972489610464,0.062077993880888784,0.11911896251311611,0.06380959989547627,0.11211365550314012,0.05088822218976549,0.09502625517395992,0.05163516921399537,0.019235483587084722,-0.00020919910188146266,0.0025920739424885038,0.000264683397181323,-1.0023503623681678,-1.0013047475887218,0.004508341920691013,0.0,18.81112729385513,18.476639026152483
Qwen,Qwen Small,race,StudentTSkewed,hc_values_map_agg_hat_1_new.parquet,14.570584642313408,11.0,15.430791951937715,14.0,0.15229143685443655,0.0,0.05354531244461469,-0.06970043199166372,0.03751999296055217,-0.009890706352058496,-0.0413479373561216,0.03813297048650452,0.09144440659009405,-0.03946476685770207,-0.0020520989874285686,-0.03789909414547936,-0.03023566513396165,0.03957209194798074,0.06990170844986394,0.03515832875309824,0.034541676673772864,0.02905886234842807,0.05036888767290297,0.008167726634160046,0.08834927276226648,-0.004128615718476081,0.13305129284271555,-0.07515918230284474,0.06747621179046001,0.13089448906290096,0.06978528459649036,0.04323428030780265,0.060626794004720375,0.08829503970542289,0.054656504226746845,0.10362840244267894,-0.011480001123517918,0.02738918597867285,0.0018509936702976568,0.1542660172957127,-0.057344972489610464,0.06956034636603037,0.12013240910735659,0.07237707105059525,0.111812485391514,0.057804894005649005,0.09429766429984303,0.05911593377960579,0.022005049002020834,-0.001438649090211349,0.004975450782595374,-0.0005415071336390894,-1.198344777874994,-1.1115344765274058,0.004325655321854274,0.0,18.81112729385513,18.476639026152483
Qwen,Qwen Small,race,KDE,hc_values_per_expert_standard_1_new.parquet,13.38759788861438,11.0,16.03712246218924,22.0,1.8233036438723322e-05,0.0,0.03196417974719854,0.01986197098948344,0.06058970305444593,0.08324844999354196,0.050001566845813084,0.07656506806774596,-0.0762390892960536,-0.0448385366395717,-0.025304339407613383,0.10820326904325214,0.06470050762905513,0.08589404246205931,0.022090419899550375,0.05862725139273629,0.03865641550623678,0.03834022604981461,-0.02491029797580146,0.028174279098437043,-0.025285052622368465,0.00993994100964198,0.044050585107989454,0.014930424041754006,0.10407208789538341,0.030064006321821584,0.1064492050951562,0.12127632957546583,0.13298510209204217,0.06539122773183123,0.08878641663699825,-0.14267134087141473,-0.08302549576453278,-0.06861116404204466,-0.006117908298922157,0.020640733125745436,0.01709812143845752,0.08588259835501552,-0.00508887956407958,0.09144049773779571,0.1049334230473552,0.12732103625075858,0.020753449515609784,0.0739655854926941,-0.13542504063144756,-0.08782519485858195,-0.03847000876017829,0.0018700379053915527,-1.5271987294399627,-1.7523563123801191,0.20341765250253627,0.0,33.524993744202696,15.75350801056086
Qwen,Qwen Small,race,KDE,hc_values_per_expert_hat_1_new.parquet,18.006618592227255,24.0,20.167324575398165,25.0,1.8233036438723322e-05,0.0,0.03493011256206911,0.01986197098948344,0.06100841778132163,0.0948336996954061,0.050001566845813084,0.0774065236266951,-0.08897862919115787,-0.0448385366395717,-0.025937553624263206,0.12390874175322698,0.06470050762905513,0.08694597140558483,0.02559924497565396,0.05958132621824562,0.059678908650004164,0.03878387646664374,-0.05070562294944432,0.02889732414696904,-0.04889311098143769,0.009855545190640313,0.03710132930103784,0.014930424041754006,0.10657093676454535,0.01753781916470003,0.11050181508733721,0.12624308730449105,0.13728918837195644,0.07442582898702423,0.093916309502904,-0.16003817710171908,-0.0868572918714963,-0.10021231106669651,-0.00925359223323954,-0.004981452032429742,0.01709812143845752,0.08889695959016755,-0.041926616730383906,0.09663357431942313,0.08484197941299691,0.13460573015164112,-0.0012500819700354334,0.08315315291903407,-0.13674165075258804,-0.0952383086379601,-0.051247351153916675,-0.005716942514875607,-2.412347141397189,-2.275148817907131,0.1664548759888983,0.0,33.524993744202696,15.75350801056086
Qwen,Qwen Small,race,KDE,hc_values_map_agg_standard_1_new.parquet,12.538503614699474,9.0,12.84561176395511,9.0,1.8233036438723322e-05,0.0,0.042549545559929916,-0.06008933642072832,0.003144517080874417,-0.01494083173229126,-0.027591013500913128,0.004989720018026505,0.08305724770653398,-0.045843813647919646,-0.0028043427260889043,-0.04050770214660407,-0.014245522772808675,0.005948859806963322,0.05805676230700899,0.0034599034147024064,0.029070608430331987,0.006211014305310343,0.041255560462836786,-0.004120494177395666,0.08223665553278792,-0.0024083875708576694,0.12033968644122789,-0.06623082991262094,0.006558885265304551,0.1170988665796353,0.006111956526428081,0.03451210720659294,0.008024442433789957,0.07908221437158318,0.009371411787236463,0.10132513777543009,-0.0046424202960180325,0.02430230054370299,-0.007545763222048951,0.1461496239777041,-0.0570024287995364,0.010512973574639876,0.11084105999502157,0.006677434252189323,0.10771004396741465,0.006208462582912767,0.08958936978776336,0.004099614257725102,0.018109306684430573,0.003670156753589476,0.0006583968630379261,0.0020329395912574784,-1.6657549366416964,-1.6689665602224224,0.0002474179039074255,0.0,14.157496821064736,13.852999573826978
Qwen,Qwen Small,race,KDE,hc_values_map_agg_hat_1_new.parquet,14.889918042501208,12.0,15.68352007001486,14.0,1.8233036438723322e-05,0.0,0.06252965640623584,-0.06008933642072832,0.004201438630611133,0.0043873985903215675,-0.027591013500913128,0.00614643243304037,0.08340007764366617,-0.045843813647919646,-0.002983248759735907,-0.020870421237430326,-0.014245522772808675,0.00718468739034704,0.07576998603483744,0.004493507527918642,0.041562311769162884,0.007284326226183704,0.04852156818718217,-0.004202433852827457,0.07824168058482103,-0.002618640895729689,0.13908297418707882,-0.06623082991262094,0.008330045373074097,0.1361304339660867,0.00791152693238178,0.057663626966510693,0.010064307387849707,0.09560560091132071,0.011340952789620587,0.08769431204795082,-0.005685834287245427,0.022082280046126536,-0.008440041256619634,0.14750444072010108,-0.0570024287995364,0.011990472177360576,0.11744066954709789,0.008059912996038922,0.10802499247748011,0.007872611524997263,0.09229121093405145,0.005709861228100111,0.01932838235921601,0.002968548639020423,0.00474148388680028,0.0012840685697481122,-2.1125354866073027,-2.038331521923064,0.00021608336061531143,0.0,14.157496821064736,13.852999573826978
Qwen,Qwen Small,race,JohnsonSU,hc_values_per_expert_standard_1_new.parquet,13.289504152574048,9.0,15.829366128488207,20.0,0.0027623050204665833,0.0,0.03179688912014231,0.003269058286745298,0.06296711179574067,0.08193379874508429,0.0017545749265694887,0.08445026115104907,-0.07455025428830392,0.002122007895324544,-0.03345977746113732,0.10634714340844623,0.001147050391420754,0.09642688925687799,0.01256160791520646,0.06231358888140507,0.042115995342613094,0.0478067227976249,-0.04369099341538473,0.019544647200046537,-0.04471192455741974,-0.0005452063997992455,0.04601051637233389,-0.004705240776820114,0.10980164884383406,0.00979766567915798,0.11253490382383761,0.11861247207635836,0.14074145183440212,0.060260098464214366,0.097289292594263,-0.1356834237075045,-0.08831614668277346,-0.08679065839429714,-0.012215215827638555,0.028060360205917977,-0.007074867013486361,0.09780506231636685,-0.03154120223590412,0.09497696714598751,0.1036806682477751,0.1377269731590278,0.006171212501242001,0.07527219524961311,-0.1241696043741066,-0.08883815238397541,-0.04936080199970855,0.004315038034059013,-1.2275680369191933,-1.5313835283848372,0.2487601341453255,0.0,50821584.14297758,16.128592958082482
Qwen,Qwen Small,race,JohnsonSU,hc_values_per_expert_hat_1_new.parquet,16.72567485026119,23.0,18.956103964773774,25.0,0.0027623050204665833,0.0,0.027018254559974274,0.003269058286745298,0.05780870159982428,0.08359929615480777,0.0017545749265694887,0.07687226028089224,-0.08385990905760214,0.002122007895324544,-0.02975068344499976,0.11087816361757641,0.001147050391420754,0.08755938504482404,0.00799847754989391,0.05325891828530974,0.04734118501331248,0.03718035008311786,-0.05791911973344599,0.022100974927894177,-0.059040811214975994,0.002242467553073471,0.029494318582955068,-0.004705240776820114,0.10555242681360942,-0.007378038497993143,0.10351671693933909,0.11269967853513352,0.1368053594672534,0.056362787341075825,0.0912914941925294,-0.14764391159626086,-0.0873976297823316,-0.10305426687079859,-0.014213624240191326,-0.005677761636607324,-0.007074867013486361,0.09551784857891657,-0.06113709334603803,0.08833063753290309,0.0765525888889905,0.13971817359530847,-0.010734844013498009,0.07944068728443529,-0.12486888857091547,-0.0947761708696066,-0.0607767161024262,-0.010496484477401024,-1.9728013040450483,-1.9368839101570854,0.19053139089591625,0.0,50821584.14297758,16.128592958082482
Qwen,Qwen Small,race,JohnsonSU,hc_values_map_agg_standard_1_new.parquet,11.61511883381499,7.0,12.330182056868841,7.0,0.0027623050204665833,0.0,0.006119504586723298,-0.06679067754593043,-0.0007008039076009635,-0.05232815524309942,-0.03407784815645058,0.0004263917496596772,0.0855811151168546,-0.04595273161907435,-0.0016325767310349502,-0.0794616105301313,-0.02083794592685608,0.0009317728234339867,0.028810428489634915,-0.0001855136802795287,0.008265806372615078,0.0020950240619936125,0.02951761402196276,-0.003343357123933965,0.09143126666383002,-0.0011773238500383258,0.08170553885324992,-0.07418303153113338,0.0006607499492838844,0.08035731268101792,0.00023303457787237793,-0.010430473491859198,0.001662374859816191,0.04929822687662263,0.003420739944958881,0.12482496803395342,-0.0018806888949809016,0.025124921710972813,-0.005434961329895637,0.1321148701231886,-0.06097553806667047,0.0059939925883545405,0.08986038873897745,0.0022568604075709907,0.09876355259569172,0.001291417709147209,0.07753594157738262,-0.0007606938021128921,0.014221965774523084,0.005550281202170022,-0.006961984982506732,0.003985277232881464,-1.780280284029678,-1.793980927607259,0.00013828671056104457,0.0,15.130521482584648,14.717336741757087
Qwen,Qwen Small,race,JohnsonSU,hc_values_map_agg_hat_1_new.parquet,15.067316370531767,12.0,16.25252755467632,18.0,0.0027623050204665833,0.0,0.03688314312761426,-0.06679067754593043,-0.0005162236753213777,-0.024615421120684315,-0.03407784815645058,0.0005330152370499428,0.08911313470849033,-0.04595273161907435,-0.0015238491525047418,-0.05222999158087607,-0.02083794592685608,0.001007625477183364,0.056254437645189746,4.11036940277526e-06,0.024085198229298447,0.002218214519896935,0.04597235865153068,-0.003250046544477076,0.0867749859338045,-0.0010653434943708356,0.11550963316881764,-0.07418303153113338,0.0008609051668386515,0.1153303268582771,0.0004298730307693971,0.026728118679303182,0.0020856030701042706,0.074783702486649,0.003860178959346715,0.10784573611798567,-0.002317457635507464,0.029288002424572097,-0.005908913677201934,0.14315766156950535,-0.06097553806667047,0.006500550757326163,0.1125054986690979,0.002634132776725074,0.1063453472342878,0.0018509968939896895,0.09039473412454502,-0.00027210929487599475,0.016446225923999275,0.005326609392852569,0.0015463377790244028,0.0037055582654051318,-2.3059678954384575,-2.244219862276014,0.00011376063749275758,0.0,15.130521482584648,14.717336741757087
Qwen,Qwen Small,mmlu,GMM,hc_values_per_expert_standard_1_new.parquet,8.186860484001949,3.0,10.94550917654702,5.0,0.20293974338151696,0.0,0.006093870116611711,0.014027980454495692,0.021540988485528118,0.02886203095738083,0.011226874488474214,0.04268972039245536,-0.0369650508916486,0.002732385691619019,-0.036286645024117936,0.04305892100826031,0.011295594762876672,0.05782763350964605,-0.02369650284672431,0.005477024555497842,-0.01438791304873746,0.012367214257931875,-0.011916721813049702,-0.011623731580551269,-0.03219676173904781,-0.0318517961810826,0.004249814351700969,0.01369588855573831,0.03118438374831317,-0.016707570530174787,0.04924397895951935,0.04546052633407452,0.06204463009808146,0.015816093339279233,0.0549218222509612,-0.06984943875494529,-0.06305105359738764,-0.0474778512976971,-0.02826110749038613,-0.019731347496562017,-0.0007552853683889197,0.004785359728140977,-0.014312127386930225,0.05536363438266354,0.008505287220987095,-0.011997863563106441,0.06597220203749206,0.002107836438517226,-0.03430573705380805,0.022204708606103424,-0.10844979791482547,0.059952164640372285,0.2679724968579823,-0.12117881972473141,0.8315296341994447,0.0,8.120838070488874e+295,68.34360202968796
Qwen,Qwen Small,mmlu,GMM,hc_values_per_expert_hat_1_new.parquet,11.174516810134806,6.0,14.643170375182718,14.0,0.20293974338151696,0.0,-0.01335824585508013,0.014027980454495692,0.0006717711903528188,0.002183859260412015,0.011226874488474214,0.012201759685578902,-0.023081290491271313,0.002732385691619019,-0.018422845411149448,0.009723044636191183,0.011295594762876672,0.019094616601502266,-0.037914693893634,-0.02533712776489931,-0.03587804276261502,-0.03226083895229392,0.0013785594834642074,0.014095589997008294,-0.017554961951250034,-0.012995199265212082,-0.019869372841676766,0.01369588855573831,0.01579866338446811,-0.04061083016690854,0.012068868886941118,0.01829359658002192,0.044398614630943606,-0.018363603388758164,0.01536146007980964,-0.05554924971310042,-0.05340560146109084,-0.02130229932348659,-0.010075395809939883,-0.05080167132659914,-0.0007552853683889197,-0.010449764687106967,-0.055950726301189656,0.00667096902555508,0.011480167845005808,-0.017744973920814464,0.029932376676896223,-0.011851688847084938,-0.07376617689330939,0.012925949361821763,-0.10539237733916022,0.02414040942435766,-0.62429518510737,-0.12557348624098694,0.4893144677977522,0.0,8.120838070488874e+295,68.34360202968796
Qwen,Qwen Small,mmlu,GMM,hc_values_map_agg_standard_1_new.parquet,5.851632288452168,5.0,6.158193925613123,5.0,0.20293974338151696,0.0,-0.016802804585213556,-0.003873000859899815,-0.01625559315957436,-0.04474200915932158,0.003333175385018941,-0.05181307897748351,0.04650594774219628,-0.010986827994003098,0.058556843420489724,-0.06330875232740985,0.007113827134103283,-0.07481243658006409,-0.05451995190832478,-0.042287771540109875,-0.060095255449368924,-0.06462607627279963,0.015558915949966497,0.040742867352924775,0.07072218290005274,0.07643595180447052,0.004946037142023427,-0.008183283376878092,0.006773577765440388,-0.05524567147490892,-0.037779576640729985,-0.06262667159045995,-0.0682952611921126,-0.05341353036296995,-0.05851939134189019,0.10995946172424621,0.12166701083847478,0.018229607482149912,0.04907010547189014,0.09408862228940484,-0.03914947421334029,0.10393615527448666,0.008840108373235681,0.036950594444639724,0.08823619238529609,0.06453699646664586,0.024627191784174222,-0.002698123230458202,-0.01640730117810419,0.027902225744180362,-0.024292515269133372,0.0454990810514797,1.486625754787485,1.2778151083049638,0.9478461090524304,0.6605033567478342,183.68746449479772,128.65443846525073
Qwen,Qwen Small,mmlu,GMM,hc_values_map_agg_hat_1_new.parquet,6.099399057982784,5.0,6.415299658924801,5.0,0.20293974338151696,0.0,0.010720431206549436,-0.003873000859899815,0.00633488031471086,-0.01869247185026212,0.003333175385018941,-0.035573593513505974,0.04546908764031977,-0.010986827994003098,0.06588405805207681,-0.03474865643377033,0.007113827134103283,-0.05954917773736595,0.012270101345088966,0.002258211675508803,0.0028948070254975807,-0.03293956275710995,0.013419439083766381,0.05575149507011674,0.07036155338133121,0.08308414975728762,0.03605340600484881,-0.008183283376878092,0.03583722027060776,0.018619707296340784,0.01789706479454094,-0.03699367009620942,-0.052287681145375554,0.0067072448896356015,-0.02789716622319165,0.10708493795278523,0.13212716834218036,0.012654905116139642,0.06932477527616497,0.11299351539679732,-0.03914947421334029,0.13602303221503056,0.041605807524669594,0.08449227606712068,0.08776725540970905,0.07044133570775213,0.021507197444647876,-0.0014126713757165877,0.005728301887936507,0.056108664911057024,0.017066058448006936,0.09741817786082412,0.9660877292490201,0.9560352301021946,0.654743956092034,0.577714689056354,183.68746449479772,128.65443846525073
Qwen,Qwen Small,mmlu,GLM,hc_values_per_expert_standard_1_new.parquet,11.318499269124574,3.0,14.762546694818905,23.0,0.0,0.0,-0.0484171432117537,-0.08626303208982851,0.012204250890953235,-0.04938936726766448,-0.09917250907182465,0.024436129544036886,0.0074941535508444915,0.031131373222111104,-0.0209559922182189,-0.05591129676259819,-0.11739440531193962,0.033160243109172136,-0.016950395029606168,0.02819221819293237,0.00045648625489194905,0.04445258683026119,-0.02558499077124469,-0.029268394987486138,-0.029660122102473263,-0.02731940534906926,-0.055317096170278454,-0.08991480952694106,0.02047869432241041,-0.005325997007767014,0.042054852804056235,-0.0431830108700403,0.02344807669124043,0.030427782683292322,0.046671312613381324,0.001140083522617149,-0.012773536389238766,-0.05705377595284495,-0.023728015951860016,-0.038683457958516174,-0.047578157477172915,0.026700322814241343,-0.02885077509560598,0.04187094050142355,-0.012463433760296867,-0.00832992574221263,-0.03312048850083585,-0.010260126424521182,-0.02653507612204526,0.04197899956398901,0.013528518343229283,0.06193509393568398,-2.18129330960779,-2.3100396732100026,0.034187790595135936,0.0,26.726893045307172,13.759842252527994
Qwen,Qwen Small,mmlu,GLM,hc_values_per_expert_hat_1_new.parquet,18.47303881760598,26.0,21.143007958421308,26.0,0.0,0.0,-0.016824182347500695,-0.08626303208982851,0.01336214856307416,-0.02378881256085246,-0.09917250907182465,0.021880876039977324,0.013145099175484407,0.031131373222111104,-0.015191859669939621,-0.0299692815229851,-0.11739440531193962,0.02855400823301378,0.030333653697818656,0.031760416317681554,0.031628218289001926,0.044699378281572937,-0.0057553979104622895,-0.02442723854889983,-0.007426363541801692,-0.02242218046520759,-0.028138967312467275,-0.08991480952694106,0.025186525246648318,0.029006678415244007,0.05057561990565688,-0.025912021062772156,0.025170585190961166,0.03790304445629964,0.05225176555252272,0.007111143048412427,-0.009638243348726195,-0.025806996205409362,-0.022130024778788625,-0.052810470202373734,-0.047578157477172915,0.03791967533090185,-0.048538368500997284,0.056157006409542666,-0.08601397563989127,0.0011021065958069006,-0.1410553273962684,-5.368365098821894e-05,0.06020301490576834,0.041545117423339016,0.14209598622000272,0.06389803434765838,-3.3542257629621752,-3.34758297552457,0.027002728874736374,0.0,26.726893045307172,13.759842252527994
Qwen,Qwen Small,mmlu,GLM,hc_values_map_agg_standard_1_new.parquet,16.293649504628878,18.0,16.837583238590224,22.0,0.0,0.0,0.016255309116341623,-0.025120981586566095,-0.0015728301686316907,0.007527285984785536,0.0012511320680209923,0.017370498496569714,0.011886502036094763,-0.03886322048911716,-0.029939237679163122,0.00436880708024686,0.013742238902551066,0.028366407510531433,0.01707739452950045,-0.002510827810052508,0.0069715013104164085,0.018051906418936736,0.013989271841316908,-0.03243232704692339,0.005640650810163982,-0.028222747735893644,0.05446352333499064,-0.021678443446858812,0.004552141619344679,0.05348256670059087,0.0014763286584190917,0.05296206829185751,0.017057192274104536,0.05387288877683889,0.019646533525488803,-0.018413412043747836,-0.022447156956563234,-0.02132055308344492,-0.03083384499541995,0.051093258377277406,-0.040109321758832,0.009000717044127634,0.047019462461586364,-0.009059677376756723,0.07792074818346977,-0.021387084559110908,0.07504284596608,-0.034836144342069254,-0.05084357468320119,0.04011609148002515,-0.05144754770408154,0.038287612179378365,-2.308260877177532,-2.3413300778483577,0.0015309999234344818,0.0,10.49337278540614,10.363994495959037
Qwen,Qwen Small,mmlu,GLM,hc_values_map_agg_hat_1_new.parquet,19.878025012181258,25.0,20.727627091115803,26.0,0.0,0.0,0.04440557457877545,-0.025120981586566095,-0.001974364961530386,0.03931743978568894,0.0012511320680209923,0.016636482189318864,0.0026386239672435982,-0.03886322048911716,-0.0293610462558222,0.04176695061153185,0.013742238902551066,0.027386681294291813,0.04939451762517716,-0.002921961403625233,0.03748180949920931,0.017323551426447054,0.012888366566625157,-0.03187662017465146,-0.010700891372071733,-0.027630719638399352,0.07494557537793685,-0.021678443446858812,0.00419045381326849,0.0829094261567419,0.0010898940738294106,0.0844266505011386,0.016303425097853784,0.07981054969158427,0.01891045747805784,-0.044452905757025526,-0.02165933559319904,-0.02688231713430979,-0.030102149128340052,0.03583278850717815,-0.040109321758832,0.00900099075230476,0.052675947811039174,-0.009059533405501273,0.06468501752547559,-0.02138805873584728,0.07722170368444381,-0.034837235194677525,-0.04968551045789913,0.04011776392233003,-0.0480997410539812,0.038289293616822935,-2.9525640824351607,-2.975790342260491,0.0013484438602045365,0.0,10.49337278540614,10.363994495959037
Qwen,Qwen Small,mmlu,StudentT,hc_values_per_expert_standard_1_new.parquet,11.636754913107033,5.0,14.056114991067078,15.0,0.0015429592333928862,0.0,-0.024199854789097617,0.02070629550584038,0.035235136772242465,-0.005117184642659001,0.015682261743925358,0.05887497125754239,-0.0273813273779863,0.005447934648106076,-0.041931369753080344,0.003181472588888682,0.015258360857734302,0.07716650652532281,-0.043734740270985804,0.047838543265236136,-0.025561722726826285,0.06843279430731738,-0.023539305630624244,-0.03863923946960459,0.007490207423596023,-0.026022581189474914,-0.031103166135741506,0.013217634163752805,0.051671716379360286,-0.03645774485808425,0.07977016118234968,0.011254668397881046,0.07883962339975192,0.01041320091379064,0.0952536873495458,-0.05818261813315534,-0.06480033665457091,-0.06362750202223527,-0.05628173931484638,-0.06805882584293582,0.002490856299344583,0.02353715191910922,-0.07605376629229817,0.0730003254409336,0.009757444856542802,-0.005097165227929279,-0.002103292499782353,-0.01866739400408868,-0.09096664997233132,0.03386701853978648,-0.08356626226317157,0.10917505619002701,-1.2924941180417016,-1.7162621835467875,0.15640290981894295,0.0,1351.8625319517107,18.025214145157506
Qwen,Qwen Small,mmlu,StudentT,hc_values_per_expert_hat_1_new.parquet,16.45265551404905,24.0,19.3953223972714,26.0,0.0015429592333928862,0.0,-0.014273249242310727,0.02070629550584038,0.029987938744956758,0.0032563080689060587,0.015682261743925358,0.04808922854904071,-0.02613025560137179,0.005447934648106076,-0.03247683505802106,0.011857006359061064,0.015258360857734302,0.062464773802977824,-0.01714288995087063,0.041995897340945755,-0.00415246611302033,0.05556996230109271,-0.018560664991690456,-0.026753236781101725,0.00125007547635063,-0.01527108099884362,-0.034355526878748655,0.013217634163752805,0.05634510546954266,-0.03384240051460478,0.09084426051615753,0.011627544998635718,0.08382836971789973,0.009303787119242112,0.10613523312885333,-0.06293569897587993,-0.06711565069977209,-0.05846286099640985,-0.06021603843043136,-0.10533409293574422,0.002490856299344583,0.033757003129455745,-0.1179500425879186,0.1022554400913429,-0.009493990694045436,0.009038260085082139,-0.029636846951192196,6.536425491779826e-05,-0.10641522029672974,0.025724311948277904,-0.09267217643689174,0.11622408209913554,-2.135399273357783,-2.1866184048224553,0.12610819361979342,0.0,1351.8625319517107,18.025214145157506
Qwen,Qwen Small,mmlu,StudentT,hc_values_map_agg_standard_1_new.parquet,13.730956634724704,9.0,14.255156732174761,11.0,0.0015429592333928862,0.0,0.015241170206118615,-0.025220964268678963,-0.0025917321628911175,-0.0031872156187006885,0.0004287316337778643,0.01588722233831314,0.027441087027690117,-0.037701815360682345,-0.029075410724526105,-0.012199916821571502,0.012480851092003382,0.02648367856163499,0.01101180264508341,-0.003694218332827474,-0.0009887794674984284,0.016453616319910724,0.017752497335572923,-0.03162760711124571,0.025687523631426002,-0.02743619685544118,0.0626393063689751,-0.02168827521387003,0.0033023452227515836,0.05162052036826871,-2.1183477367175916e-05,0.03843790873649414,0.015085887151358359,0.0498838330680226,0.017547639416599852,0.016026004684771104,-0.020773223385826316,-0.017075565413598875,-0.029258717921737676,0.08298469162857244,-0.03860928588046937,0.00900092825811077,0.05767292851916087,-0.009379238830144148,0.0943848928832885,-0.02138782710097373,0.07774387619264585,-0.03452833107036115,-0.03761691948343675,0.04011736919651587,-0.043229471058444956,0.03751127397149225,-2.1062542355841813,-2.1298957808249077,0.0020842832878267513,0.0,12.06931814904232,11.938920873471357
Qwen,Qwen Small,mmlu,StudentT,hc_values_map_agg_hat_1_new.parquet,17.332548318986518,20.0,18.357073249959395,24.0,0.0015429592333928862,0.0,0.030676984471451625,-0.025220964268678963,-0.003174927182291476,0.01236464056511899,0.0004287316337778643,0.014840005311187041,0.025360332635095174,-0.037701815360682345,-0.028265667176019138,0.0053166518363564515,0.012480851092003382,0.025090739993727663,0.029496421232429834,-0.00428945987496399,0.013001133562816958,0.01541078900981455,0.022632065186758043,-0.03084153957830594,0.01764493661359758,-0.026612990145372977,0.07221860499828622,-0.02168827521387003,0.0026891514147863137,0.06701842754991634,-0.0006646068031068673,0.05863221283156031,0.013914983811012135,0.06332565709611152,0.016394111314367892,-0.005221473233456449,-0.019614715522783085,-0.01977348340142121,-0.028160064558569894,0.07249988874683302,-0.03860928588046937,0.00900119612487976,0.06334450945906293,-0.009379044070748709,0.10243033090386593,-0.02138883520400249,0.09626402629450047,-0.03452941088994045,-0.06077382849197649,0.040119082414894695,-0.06262684096028807,0.03751299759431034,-2.729146928935749,-2.7297845750427365,0.0017695250004500676,0.0,12.06931814904232,11.938920873471357
Qwen,Qwen Small,mmlu,StudentTSkewed,hc_values_per_expert_standard_1_new.parquet,10.975637485788534,3.0,14.400357316875102,20.0,0.017622218612960858,0.0,-0.005296197984240644,0.0020658676840730325,0.027042269673405835,0.01564711310703463,0.021624680105353043,0.04866477477068827,-0.03266314823176686,-0.031365250769680796,-0.03771604840235994,0.027366950247526216,0.03343111845375383,0.06475831807576578,-0.008061115927648804,0.0308809488951801,0.004282410286246034,0.03877205098392267,-0.018655336859016748,-0.01633186139170482,-0.023908795680509836,-0.023412848851414557,-0.010450444175652145,0.010988216396137868,0.03988579219784924,-0.016977698431190038,0.04813268681713142,0.030202478392288908,0.07357553372167186,0.01922432932716342,0.07800387869649913,-0.06328527860507813,-0.0710738193550173,-0.05343033510553687,-0.06790714648802657,-0.037149670024313686,0.03600580558979455,0.02483187884434293,-0.06562742585194428,0.00977178732021692,-0.009488401910030825,0.000772675553080554,-0.0044087986143298615,0.019087090784511925,-0.028950061322273877,0.027134804109337225,-0.0684406982307661,-0.01558589374839884,-1.254811615968426,-1.4553028541592996,0.25988945061690333,0.0,1.2993340912782198e+297,22.41073943139495
Qwen,Qwen Small,mmlu,StudentTSkewed,hc_values_per_expert_hat_1_new.parquet,15.856829624817282,24.0,20.342049699528992,26.0,0.017622218612960858,0.0,0.001985289472486272,0.0020658676840730325,0.022144337392729807,0.019032704876512575,0.021624680105353043,0.034729041577826275,-0.02736056660838729,-0.031365250769680796,-0.0227382816855113,0.02934585608087356,0.03343111845375383,0.04488261907824111,0.0009165136252202976,0.021779954728029315,0.013256213952634316,0.025342923093022184,-0.01974688354233863,-0.008332253976339105,-0.02342308402424653,-0.013070318165786944,-0.013992939660485131,0.010988216396137868,0.04496559798654004,-0.01647664733762962,0.0452278377498032,0.024136455597907256,0.07957455840673879,0.018623797497880002,0.07463914257575477,-0.057748590396709515,-0.07454469482860746,-0.051798551821052245,-0.06603222303392206,-0.08588687619536778,0.03600580558979455,0.021408488444720757,-0.09475064587949987,0.009504398596898339,-0.04216501974973385,0.012370893265129941,-0.04104337995399122,0.02279208242828213,-0.03865980928147393,0.007036121313410998,-0.050312507934621255,-0.021071566529969058,-2.2894569358983534,-1.9812791079068663,0.1988544278086904,0.0,1.2993340912782198e+297,22.41073943139495
Qwen,Qwen Small,mmlu,StudentTSkewed,hc_values_map_agg_standard_1_new.parquet,13.634805911970115,10.0,14.082751339938282,10.0,0.017622218612960858,0.0,0.025315621029442188,-0.02538927650763683,-0.003010197035493759,0.0010764633068451332,0.0005475726845653684,0.00919701965582971,0.03544649693144017,-0.03813790354791512,-0.019047785670042748,-0.01013087590199798,0.012748627040278286,0.016037588634548988,0.019566637277544666,-0.001315866609451651,0.003860612175641759,0.008545506972455045,0.02259813856394183,-0.015541285658253391,0.03329360846369318,-0.021215123198414673,0.07484340652700996,-0.02179593577849767,0.017930623227536805,0.06165233958797571,0.01849517276805308,0.040604255319034846,0.028545652899236294,0.05555509310443171,0.02819888410552289,0.027959146530702517,-0.02445210698380779,-0.013704174581501907,-0.023325118444482252,0.10153046126067641,-0.03908738357056739,0.022667288251881856,0.07031678929589026,0.011799071772327831,0.09900166701125346,-0.011467659916328178,0.07904483218076809,-0.019053944300771734,-0.022996830019863863,0.04178165620204731,-0.03080864854090836,0.039848553374666695,-0.5824319979386795,-0.6040222003868541,0.02746287298139649,0.0,22.75113846826397,22.42124683264323
Qwen,Qwen Small,mmlu,StudentTSkewed,hc_values_map_agg_hat_1_new.parquet,14.377212928374208,11.0,15.26230306967679,13.0,0.017622218612960858,0.0,0.03237517532587934,-0.02538927650763683,-0.0027496541274265574,0.002527387536144605,0.0005475726845653684,0.0067460846256106296,0.04350072415511343,-0.03813790354791512,-0.014766744336481523,-0.011125548829234083,0.012748627040278286,0.012017090209054965,0.026593901659362745,-0.0003483423672835863,0.005637006394628434,0.005822699184779397,0.030093306001813702,-0.009783992071408378,0.04034621084019671,-0.01787470149109852,0.08346888307371764,-0.02179593577849767,0.02235576485622505,0.07021769091409993,0.024301527717514114,0.04402056628669385,0.031922825657579736,0.06082149695139138,0.030685110625309726,0.033272419629386076,-0.024415363288982816,-0.011523238200279657,-0.020041033511156783,0.11706398353784646,-0.03908738357056739,0.02843947017666638,0.08414541922222234,0.02119233331062646,0.12277436665193295,-0.006651288819840428,0.1025631000045249,-0.011752358684013326,-0.03857044557289619,0.04160910873358127,-0.0479741112145999,0.040270817644990194,-0.6804846429240664,-0.6482814016910505,0.025082604941165723,0.0,22.75113846826397,22.42124683264323
Qwen,Qwen Small,mmlu,KDE,hc_values_per_expert_standard_1_new.parquet,13.487169075848628,11.0,16.00300471008608,22.0,0.0,0.0,-0.0027038610668083567,0.04068514925755419,-0.006076335159766801,0.01401996405453846,0.059680414855236286,0.009558107334181344,-0.02626981758266239,-0.035212918952427494,-0.024122694735691674,0.023565956515854036,0.07589806820998168,0.018046359575924875,-0.013029156712351072,-0.009262322383128081,-0.00916842070927743,-0.0005340269123965824,-0.004545667613754198,-0.012751005069351349,0.008140379485583374,-0.011842071078285039,0.001933477493442339,0.019311366381514126,0.01382396624942404,0.015793176262053978,0.018960453168409816,0.03705006036467057,0.04050672055885099,0.03137292683714481,0.03306097320622333,-0.05887261254410017,-0.04947420925337004,-0.031874428753391096,-0.030638862292970713,-0.02641940274241217,-0.028925070415785768,0.016798585652023527,0.008754605335360233,0.04246359919753522,-0.031174380442458512,-0.010288483820631373,-0.02772087160639387,0.001103358424800441,0.013548906806675627,0.03346553709154938,0.048676658528797115,0.04668039804229854,-1.7153674391484592,-1.8995189419159542,0.12194500083591683,0.0,26.392045697690385,15.298542062116779
Qwen,Qwen Small,mmlu,KDE,hc_values_per_expert_hat_1_new.parquet,18.224947214552543,25.0,20.268880948513885,26.0,0.0,0.0,0.006992498239251318,0.04068514925755419,-0.00806315472553975,0.013607145874756883,0.059680414855236286,0.00043438862034349745,-0.011380648288240947,-0.035212918952427494,-0.01252622945791693,0.018373146527492265,0.07589806820998168,0.004463074732377181,0.005299711522421649,-0.012045173957812846,-0.005728862883630171,-0.012184871637735378,0.016896038302591655,0.0016980685205033163,0.021282974106413027,0.0016081168517757044,0.0009001090750870111,0.019311366381514126,0.01811357062314617,0.01035012139132532,0.0251310464016716,0.02104098478184921,0.04660426546758757,0.0029859403516580268,0.03966761732589198,-0.03368585359773704,-0.054113023843577523,0.008230094824558968,-0.03372918979306706,-0.05822730845972097,-0.028925070415785768,0.021788177146486617,-0.05154146732285026,0.05452772587455478,-0.09323003845986139,0.000846828147977906,-0.13018451538922077,0.017112490345410295,0.06413297061399466,0.023572837658749977,0.1233779006405256,0.0380107316397537,-2.589719668614541,-2.5652339800849737,0.10223253990432467,0.0,26.392045697690385,15.298542062116779
Qwen,Qwen Small,mmlu,KDE,hc_values_map_agg_standard_1_new.parquet,12.68523631638785,9.0,13.054084781549456,9.0,0.0,0.0,0.024016544422096987,-0.009179822631837056,-0.006712699356995044,0.0031873018503663303,0.0013442294769732883,0.01010852914121222,0.03018205338496228,-0.015612547463471575,-0.025932298616983603,-0.0061655089628652945,0.006432724831634519,0.01921959925998856,0.018748211836992677,-0.007512618313633019,0.006882624376486509,0.010532342967263977,0.016582649442932824,-0.02780465989018911,0.03217203363327614,-0.02443876698301059,0.07377514903343871,-0.013117425245199703,0.0012808239182346176,0.06114161120566933,-0.0017109881490376142,0.04060985524315426,0.010617379849870889,0.05773248284059972,0.012834167839494736,0.02659143678537782,-0.015946870461216282,-0.0179592676754461,-0.02355631903490786,0.09807194571222554,-0.04184333498861374,0.010430312717191371,0.0650373046204925,-0.006267708748395593,0.09358448134576491,-0.02021289099461027,0.07084206063910344,-0.03268457153857674,-0.0193557723731846,0.04009945782284481,-0.02525639731045311,0.038448460116984225,-1.2434096867178328,-1.2687860838834866,0.005318117110437459,0.0,18.020194198766553,17.321025694147686
Qwen,Qwen Small,mmlu,KDE,hc_values_map_agg_hat_1_new.parquet,14.345460451518596,11.0,15.195468572356667,13.0,0.0,0.0,0.0345476088696377,-0.009179822631837056,-0.008100891768832516,0.007155352149292398,0.0013442294769732883,0.007681572618831926,0.03932793556998352,-0.015612547463471575,-0.024109446473952502,-0.0047803267003458175,0.006432724831634519,0.016008554705119984,0.030142740170928543,-0.008826876200890106,0.010733703605712344,0.008063239020697792,0.02718952329783013,-0.025804148151669627,0.037926460379899815,-0.022746915768383863,0.08481099758373434,-0.013117425245199703,0.0003597684418574377,0.07347570813658912,-0.002530016916441469,0.0478025497969539,0.008507290697017732,0.06413802941463106,0.010640336395323262,0.028718551416494705,-0.013625158558963714,-0.01285619582468557,-0.020950656360317302,0.11392037249496653,-0.04184333498861374,0.010950204296732605,0.08358763306066717,-0.005569139411673769,0.118323286173457,-0.019769181961640087,0.09804287462781884,-0.032106187254348356,-0.03592175243245762,0.04007007292019092,-0.042202619286553195,0.03843141498356188,-1.5214043831660269,-1.4836539525565435,0.004386682240690187,0.0,18.020194198766553,17.321025694147686
Qwen,Qwen Small,mmlu,JohnsonSU,hc_values_per_expert_standard_1_new.parquet,13.437225921715122,10.0,15.657787883709599,19.0,0.00048725028422933245,0.0,-0.0052168399143899535,0.009589530687971323,0.003193623869936081,0.014172068604158403,0.0068426815141317005,0.02206087844480876,-0.030200366449087218,0.003191310782657753,-0.030403751603370905,0.024983526534697265,0.00639821990531357,0.03359737547330699,-0.02066558549828049,-0.000739866832008795,-0.016407080182406955,0.008704304571728836,-0.004246636960996007,-0.014934596240670244,0.006050314971614771,-0.015387175625940023,0.0006620428698753218,0.0076506729138058295,0.01776662221736891,0.003978179647364897,0.022231990836718972,0.03581311122214498,0.043660530524180466,0.020210439193820186,0.03285085631250865,-0.058441820791743634,-0.04968126750354846,-0.028419321167389718,-0.026119347205385605,-0.022566149915072976,-0.030809075075616435,0.01992095305170258,-0.00403298534256907,0.04532508610607462,-0.032630170336614236,-0.011291449037290416,-0.04652565398788056,-0.004614475689451553,0.01996159577977273,0.03841493534226889,0.06043823395566913,0.05793657598434179,-1.4826516507193779,-1.6986404317036532,0.1347972964043476,0.0,100.00854073662332,16.022199064806493
Qwen,Qwen Small,mmlu,JohnsonSU,hc_values_per_expert_hat_1_new.parquet,17.04880623680364,23.0,19.011206756537273,25.0,0.00048725028422933245,0.0,-0.0028466087862285003,0.009589530687971323,0.0006901991755828886,0.002605003267300829,0.0068426815141317005,0.010796404648181159,-0.008321992404931786,0.003191310782657753,-0.016160350493156013,0.005475383618703286,0.00639821990531357,0.0168505496687389,-0.012302786225100096,-0.004127390783930053,-0.026984479754434434,-0.005989510057631104,0.024862926170663588,0.00346749945964917,0.030205790584577306,0.001698252069388293,-0.006134098031433876,0.0076506729138058295,0.02334859594547415,-0.007402092309774435,0.03062040723915699,0.01016380794406311,0.050950040783312,-0.01830061882916706,0.041501025479370506,-0.024625161728289803,-0.05464978787981768,0.020895433307211064,-0.029769973519844794,-0.05509948865050014,-0.030809075075616435,0.018805775909429053,-0.057948128107923644,0.05055920752178377,-0.09297187539945903,-0.007276885817197313,-0.1306390955138053,0.0019314954602025513,0.06732609099595141,0.031537341763232266,0.11674084471531232,0.05473437941647352,-2.2023486878156007,-2.22394291300611,0.1092325176039635,0.0,100.00854073662332,16.022199064806493
Qwen,Qwen Small,mmlu,JohnsonSU,hc_values_map_agg_standard_1_new.parquet,11.096069514373884,7.0,11.830355692707487,7.0,0.00048725028422933245,0.0,-0.0017769342931306328,-0.024566449130001326,-0.004722756536624378,-0.02603807209656938,0.003763277768954185,0.01311423847493731,0.038809571471152174,-0.042045243044059946,-0.027792489738786372,-0.040586505764282806,0.01747879391405862,0.023069733202161994,-0.011856634855041173,-0.005515509666601369,-0.02106058001107531,0.013941827942638499,0.016112217954882112,-0.03030165281323646,0.04717822190338626,-0.026051209959514897,0.04593448721952235,-0.02144816947342038,0.0011193133963608912,0.02739707999134192,-0.0018357920671195347,-0.0010348934721743051,0.011748381191178913,0.02614229278491694,0.014592473525482123,0.060125293538530813,-0.018024471680060643,-0.008489691665039831,-0.026650198105724915,0.10398571075814696,-0.044268428227098394,0.009001011581712756,0.05627250331213076,-0.008835891944761406,0.09503806904669482,-0.02138812588489982,0.06173496131232536,-0.03509352208087257,-0.0146678361149082,0.04011788143252676,-0.022450257269920556,0.03888990575987632,-1.3061849606999096,-1.3574387117871132,0.003740547806147383,0.0,20.149139580301895,19.49491324026332
Qwen,Qwen Small,mmlu,JohnsonSU,hc_values_map_agg_hat_1_new.parquet,13.590384927724541,9.0,14.926262790319962,12.0,0.00048725028422933245,0.0,0.011868737949315191,-0.024566449130001326,-0.006000253838738933,-0.018967132287772033,0.003763277768954185,0.010958073018448672,0.047591487929853495,-0.042045243044059946,-0.026237894314884797,-0.0357227499805383,0.01747879391405862,0.020237640476145864,0.005240583319882895,-0.006795404469729109,-0.013136217008229173,0.01178294915588115,0.02861503397423222,-0.028744778655804572,0.05068378540051782,-0.024503655858291284,0.05960943030241865,-0.02144816947342038,-0.0002634829168579435,0.04478845161005256,-0.003241231559322869,0.010355222563763648,0.009273850181140663,0.03652524339051279,0.012126825180774748,0.05866013202533657,-0.015686644685921125,-0.003533771734031369,-0.024341851494179525,0.11810197111443996,-0.044268428227098394,0.009001359849205363,0.074710802993994,-0.008835496898846275,0.12818693645101012,-0.021389508176540464,0.1004436593678207,-0.03509489439070846,-0.04495532115886549,0.04012020894667899,-0.05553716014689964,0.03889226226818623,-1.6344854466977945,-1.6457516651488375,0.002941446136137582,0.0,20.149139580301895,19.49491324026332
Qwen,Qwen Small,pg19,GMM,hc_values_per_expert_standard_1_new.parquet,8.701135029354207,4.0,11.558512720156555,7.0,0.09043052837573386,0.0,-0.1088287573834317,0.011017435336795197,-0.170842345776494,-0.10505246044708956,0.013249800566843778,-0.18895029319472295,0.013547782970514064,-0.005446434159718166,0.05872746025847986,-0.12237654035394577,0.016463869496513364,-0.22956980603497384,-0.062431030489691404,-0.15583552532827422,-0.07936299618481746,-0.1992245761637443,0.037542566746366815,0.09545905280710842,0.049050028549448385,0.08142547054327541,-0.0627388786616235,0.012803275237080972,-0.11618480313635104,-0.02386938746561015,-0.10667711729740906,-0.010726205372303335,-0.0870456599260159,-0.012767247239040283,-0.12266490695614349,-0.06330944736250003,-0.01142884993204233,-0.010376250322982592,0.05720230692667108,-0.12865768332347,0.015337952153720033,-0.12845326006180582,-0.049161188374233535,-0.05485558390145147,-0.07815634470732913,-0.08898706100441445,-0.009163623871047978,-0.034457735222886705,-0.04644843753731129,-0.030204994077455527,-0.047909963646969214,-0.017816474931734227,0.2963861778108225,0.06668471877925096,0.5909008649411616,0.0,235893534713.77658,70.24645462936682
Qwen,Qwen Small,pg19,GMM,hc_values_per_expert_hat_1_new.parquet,10.239686888454012,5.0,13.861545988258317,11.0,0.09043052837573386,0.0,-0.07457925079030694,0.011017435336795197,-0.17524747361219375,-0.05880316172249817,0.013249800566843778,-0.18786386601321586,-0.011269451307216988,-0.005446434159718166,0.05095557897285675,-0.06330979948308996,0.016463869496513364,-0.2262030525850505,-0.015164499742903131,-0.1562981068935287,-0.008255746933878035,-0.18727380549801861,-0.008011092965717009,0.07624880884762059,0.015522891294833047,0.07022783765165892,-0.043501903317264855,0.012803275237080972,-0.12496104613798145,-0.002695172143092865,-0.11494015183560809,0.015012872258960974,-0.08778449987891006,0.0253152427637204,-0.11444063808975657,-0.07925690386070162,-0.021484433706965574,-0.04341445449696212,0.03364834801254445,-0.12352061425420272,0.015337952153720033,-0.1488167692194537,-0.054452952960435196,-0.0891899376474538,-0.0711386317989122,-0.10451238988585348,-0.014637493098184112,-0.06072962874266015,-0.050345987647107154,-0.032899852118813536,-0.04646656636439983,-0.02204799848375851,-0.18996776758208794,0.06665837226238694,0.40048467627875584,0.0,235893534713.77658,70.24645462936682
Qwen,Qwen Small,pg19,GMM,hc_values_map_agg_standard_1_new.parquet,6.564285714285714,5.0,6.98651663405088,5.0,0.09043052837573386,0.0,0.07007334890815049,0.006795594712460824,0.057667335698098184,-0.01341665311517713,0.01435598387565975,-0.029679207825793034,0.11760491397065195,-0.012996184105657057,0.1258305486162539,-0.04753156506250146,0.019791778818117882,-0.06816321291815572,-0.10628598905220897,-0.10515716690091953,-0.15173590518215388,-0.1568076640380787,0.09095961573473343,0.10043768517815102,0.13756121330160098,0.1401123560247733,0.06943456937352885,0.01057533338918727,0.058630127991903216,-0.07503542971722672,-0.08080719271264189,-0.07512486599438722,-0.08885366446404366,-0.11214732325384752,-0.12845064026169178,0.20708557093593122,0.21489655942689778,0.08261302326277677,0.10127623127075404,0.1923188371601144,-0.03776113948635959,0.18933210380963025,0.017452317543989397,0.02393506618019301,0.05677343858106497,0.050305108146336666,-0.012417463483097628,-0.019150422220424377,0.15807464777086666,0.16386570819658952,0.04027147142694185,0.05839140019917196,2.2946901816982512,2.059300002904246,1.642775531508139,1.3881059934350202,330.3850322490534,215.84994054051447
Qwen,Qwen Small,pg19,GMM,hc_values_map_agg_hat_1_new.parquet,7.026692759295499,6.0,7.313776908023484,5.0,0.09043052837573386,0.0,0.10054069528241316,0.006795594712460824,0.08514406367447411,0.009529723093285182,0.01435598387565975,-0.011739826287537822,0.12388578536208902,-0.012996184105657057,0.13578792614888044,-0.023345090079675862,0.019791778818117882,-0.05064386247440633,-0.01199925124455883,-0.031669362723579265,-0.07150091988738654,-0.10011378449816122,0.09523500995729538,0.11289919367890297,0.14463896324414782,0.14833701017410006,0.10972326432707377,0.01057533338918727,0.09500210480803516,0.03882156993901904,0.007218692041697567,-0.03795022097869369,-0.0626604487886496,-0.009420633342841288,-0.06444927534490678,0.20003878560474714,0.2201386636113985,0.06539127408734187,0.11268396656084168,0.20334329650222838,-0.03776113948635959,0.20484895409081827,0.05332244079171445,0.05882893591231243,0.07449218215451697,0.06271036728155654,0.03288488170081753,0.00802965234279308,0.14578655462636242,0.16507035939223808,0.01746572053102281,0.06138296526220154,1.316427143586501,1.3580393722946298,1.0124277427944937,1.0369966735507619,330.3850322490534,215.84994054051447
Qwen,Qwen Small,pg19,GLM,hc_values_per_expert_standard_1_new.parquet,12.91174168297456,5.0,15.27774951076321,24.0,0.0,0.0,-0.1796994443200961,-0.05485154135736936,-0.05683045864752519,-0.19057892722257705,-0.07320400575539687,-0.07525474082590106,0.04904360685032748,0.03839656931694005,0.03886186250837392,-0.2287430511704236,-0.09324811067430941,-0.09569232115589911,-0.1765320969078616,-0.049053556019044625,-0.1582236945711267,-0.06508563763192758,0.0022317204959667407,0.033367861863378936,0.022418458909303253,0.03834651965763496,-0.1317647581965552,-0.032369475394113584,-0.025008479885877212,-0.14661223242979943,-0.02253305841695619,-0.10984618563069443,-0.039056753150117474,-0.09349825352775333,-0.035850630769427724,0.004565365541116985,0.029544865307521758,-0.04027752019623941,0.02759607953692442,-0.10299841837189279,0.012079225280755702,-0.004848909632260091,-0.12956606805210164,-0.004397821091633386,-0.08497865582182818,-0.01581603540469595,-0.07799430343465663,-0.014788020061828527,-0.004107725378618884,0.01724645335390482,-0.04794712131612412,0.016290217502389463,-2.300691889633208,-2.4271333280752954,0.004391132006731153,0.0,16.305453519037176,12.158913080701646
Qwen,Qwen Small,pg19,GLM,hc_values_per_expert_hat_1_new.parquet,18.71187866927593,26.0,20.410665362035225,26.0,0.0,0.0,-0.1878737308498579,-0.05485154135736936,-0.057527956874511434,-0.1678883530658679,-0.07320400575539687,-0.07620254205969332,0.0024009464841034623,0.03839656931694005,0.03937650423137734,-0.19027467733396136,-0.09324811067430941,-0.09690446110588877,-0.1685937104213393,-0.049657125874321854,-0.12299393206811005,-0.06591088442078442,-0.041463033744504364,0.03381628529074717,-0.022733437316520305,0.03884384547054448,-0.13519054618672682,-0.032369475394113584,-0.02529846473144848,-0.12939558261833747,-0.022791343851459162,-0.06722542624993322,-0.0394550307674421,-0.03747393945989456,-0.036207815568466105,-0.06694230890827578,0.029801450512504227,-0.1063973575172862,0.02782785275656569,-0.137209056703811,0.012079225280755702,-0.005054639587973497,-0.14869875269766505,-0.0046002352469776695,-0.08789257566784059,-0.01600825442261925,-0.07672089984078294,-0.014972610597518065,-0.04283236513937097,0.017271432260111807,-0.07390422011144657,0.016307912490132827,-3.264983308776653,-3.38657024522571,0.00422518066723867,0.0,16.305453519037176,12.158913080701646
Qwen,Qwen Small,pg19,GLM,hc_values_map_agg_standard_1_new.parquet,17.08041095890411,23.0,17.538317025440314,24.0,0.0,0.0,-0.0957157932125247,0.08877031230333254,,-0.12512319955897716,0.08554215858873482,,0.06292243817123593,-0.010820305884818913,,-0.15863823138376063,0.09959061818815146,,-0.06622314012322264,,-0.1143722389822996,,0.08771367112857657,,0.06455398056271375,,-0.0690239590966468,0.07573177559888082,,-0.05393155450837852,,-0.08158116702907695,,-0.08692617929993506,,0.04025340608175183,,0.06967605316716191,,-0.04479877135896335,0.03664975876614175,,-0.01999707245064772,,-0.04910256134965894,,-0.040443347591284616,,0.016134327311398612,,0.03536886511933403,,-2.264066695987931,-2.338546217354041,0.0,0.0,10.097603055919176,10.086417668060982
Qwen,Qwen Small,pg19,GLM,hc_values_map_agg_hat_1_new.parquet,20.171937377690803,26.0,20.904050880626222,26.0,0.0,0.0,-0.10490372186565242,0.08877031230333254,,-0.11635258268567092,0.08554215858873482,,0.03657502957852167,-0.010820305884818913,,-0.1414787514441741,0.09959061818815146,,-0.05788506729630443,,-0.1013520654690521,,0.0788259327951795,,0.03838480668178404,,-0.08228940161432857,0.07573177559888082,,-0.04892054884854936,,-0.06826543753908909,,-0.0826944122290189,,0.002322842218945643,,0.06937301171832483,,-0.06268522668738252,0.03664975876614175,,-0.002285384765896488,,-0.037622123362039364,,-0.016753908584235526,,-0.0233062524848974,,0.022114938861887038,,-2.877019068855038,-2.9099945642041387,0.0,0.0,10.097603055919176,10.086417668060982
Qwen,Qwen Small,pg19,StudentT,hc_values_per_expert_standard_1_new.parquet,10.826183953033269,4.0,13.04743639921722,7.0,0.0,0.0,-0.1702210283441004,-0.03371525605729643,-0.14069770709958052,-0.18852374688880352,-0.0429705438101043,-0.17671361244589162,0.05892006149498437,0.020444576904824634,0.08125388180218954,-0.22914108983908477,-0.05415983296212107,-0.22195158890177005,-0.1627691679640626,-0.10785481522679145,-0.13700193974959973,-0.1290315665926563,-0.012051178248238058,0.05124487060214656,0.03693352226629232,0.0687326131946895,-0.11805898836284495,-0.010336185124240818,-0.08107502767242748,-0.1344320686276864,-0.06090513522091208,-0.113139520761067,-0.10894827599334528,-0.07533564301396764,-0.0745235453756635,0.027273426538717838,0.06795126517855564,-0.05349283995178284,0.039279961866124376,-0.07209270488425848,0.06987140341712804,-0.011620886201920885,-0.12226641243107474,-0.011150522467150759,-0.0740147063000397,-0.055236741430179856,-0.06925623344323126,-0.04006289521659681,0.018578415024537137,0.06691527646627317,-0.05172416138705848,0.04513234427422954,-1.2852652944701355,-1.5885582635054858,0.07696847543339905,0.0,76.25476735974254,19.065504048439653
Qwen,Qwen Small,pg19,StudentT,hc_values_per_expert_hat_1_new.parquet,14.962837573385519,18.0,16.812544031311155,24.0,0.0,0.0,-0.17087685878432135,-0.03371525605729643,-0.14062177834599848,-0.17753519979541485,-0.0429705438101043,-0.17677545883914264,0.04088962619806688,0.020444576904824634,0.0814550435226823,-0.21176648498238823,-0.05415983296212107,-0.22207682186868077,-0.14939080559444537,-0.10744203198037355,-0.1140527209339126,-0.1285565930190729,-0.02916034546250182,0.05107794610124687,0.0117205105146385,0.06856428813147068,-0.12277882400811266,-0.010336185124240818,-0.07848096557623313,-0.12488844303777073,-0.05764839940326599,-0.09411290160222797,-0.10664951504057077,-0.04343973148456134,-0.07138917444622714,-0.008727435141484413,0.0676468518471648,-0.09144029444555382,0.038517060006232076,-0.1003654682157477,0.06987140341712804,-0.007685108533219907,-0.14375757454523738,-0.006690499189996261,-0.07401281456213811,-0.05217786574403277,-0.06325774073991046,-0.036364669899889804,-0.016982140757877046,0.06735022033611887,-0.0876586938434739,0.0452880440960233,-1.906015042572413,-2.0634408637890367,0.07190181605529607,0.0,76.25476735974254,19.065504048439653
Qwen,Qwen Small,pg19,StudentT,hc_values_map_agg_standard_1_new.parquet,11.362759295499021,7.0,12.010176125244618,7.0,0.0,0.0,0.0032241626815878565,0.0783323879221828,-0.05212833704950247,-0.08620557700750581,0.0805462072310757,-0.07471957570423761,0.13879884792212793,-0.01743766470696752,0.044516348939922706,-0.1355746852405401,0.09577005262915032,-0.09664468598942517,-0.08225175376828096,-0.04959754761912087,-0.1409238134404266,-0.0735587619007043,0.10716686716192887,0.046782690105982495,0.14396242196193032,0.044269606052907806,0.03863316848879206,0.06482178479286696,-0.02133307285822928,-0.04675376483519829,-0.034726744870538215,-0.08977522731378765,-0.03977803899575255,-0.0904185770939539,-0.0361524786082455,0.1907845639859511,0.035379421999987753,0.08454062396734646,0.013037193991162323,0.13078219373030683,0.017980307564368348,0.007137650714062784,0.003814275670616589,0.00384906459319644,0.017930206802823617,-0.002876528657565494,-0.034027517435934546,-0.004071216551742388,0.13801531189967187,0.01322261033149361,0.05545101170497902,0.010857710806388495,-0.9148215205242853,-0.9597452588369678,0.005837749997214683,0.0,24.21191155146181,23.68782388621093
Qwen,Qwen Small,pg19,StudentT,hc_values_map_agg_hat_1_new.parquet,12.828747553816047,8.0,13.909549902152643,9.0,0.0,0.0,0.002154628640296247,0.0783323879221828,-0.05301102604261639,-0.0865621205824443,0.0805462072310757,-0.07595202147332475,0.1378786476233042,-0.01743766470696752,0.04521905619518023,-0.13572401898300795,0.09577005262915032,-0.09823008223779661,-0.07540256774002056,-0.04985737677499551,-0.1348796952980026,-0.07452539206140754,0.10713387201752483,0.047935922109923396,0.14054879076022253,0.04496786512306001,0.03407626280048897,0.06482178479286696,-0.021464298816116945,-0.04360518210915704,-0.03472397885501502,-0.09101834798951543,-0.04006974600980008,-0.08950329139720113,-0.03648050971575406,0.18691709393785388,0.03567110935062575,0.08714975693425839,0.013567164264272636,0.12073305161740101,0.017980307564368348,0.007451470851075196,0.002615397554815825,0.004287504066533143,0.008960440709303933,-0.0024883214388263693,-0.03969489357649261,-0.0036414861848515965,0.1386163707884932,0.01304429066465881,0.062403348485867385,0.010763162950401877,-1.1063963376497317,-1.1179784526971501,0.005589529382927489,0.0,24.21191155146181,23.68782388621093
Qwen,Qwen Small,pg19,StudentTSkewed,hc_values_per_expert_standard_1_new.parquet,9.679060665362035,2.0,12.72884540117417,6.0,0.017495107632093932,0.0,-0.1480987089762781,-0.02073964685443041,-0.15246646009134635,-0.15171171368644784,-0.023285685237560166,-0.18177644693252953,0.032076132985988735,0.0076713402930741765,0.07290432783889299,-0.18017484196226685,-0.028410987147504584,-0.22537078793023935,-0.14451896675935766,-0.15037044246118392,-0.14758491841623753,-0.18072491648541394,0.030548723454966065,0.07409573571857729,0.03105090806508646,0.07375626733096789,-0.09492860441706089,-0.0066634234044405955,-0.09309810017054737,-0.09404014877008907,-0.09436378425347824,-0.06615309317643989,-0.09334130692838995,-0.06714708302037356,-0.09920855986620494,-0.01716167781829795,0.028000174631181145,-0.01444742491730115,0.035639198288221735,-0.10089936517011114,-0.0062758344070173045,-0.0566170521699111,-0.10042462222607261,-0.05587863820308111,-0.07934977463799801,-0.05559207838686078,-0.07389573394680553,-0.04685500904435976,-0.009776149822992247,0.010849500621541872,-0.01726768471265562,-0.0011405885750865926,-1.0134133856862275,-1.2494096698711594,0.1448407725036033,0.0,3.1898238747553813e+297,29.1403149696088
Qwen,Qwen Small,pg19,StudentTSkewed,hc_values_per_expert_hat_1_new.parquet,13.500567514677103,10.0,16.844363992172212,25.0,0.017495107632093932,0.0,-0.13907313571907046,-0.02073964685443041,-0.15743394926326265,-0.1246487580762799,-0.023285685237560166,-0.18923485780984528,0.0023535540187073524,0.0076713402930741765,0.07767340522946704,-0.1414266897377778,-0.028410987147504584,-0.23510735449272968,-0.13529665822445264,-0.1543216372833216,-0.12011908875760413,-0.18670697513335796,0.0004886790628770564,0.07796357571149398,0.0013437671351050557,0.07779832069302872,-0.09739525460207517,-0.0066634234044405955,-0.0964760852830982,-0.09612240358803666,-0.09642428658813605,-0.042657320335898835,-0.09924768690996313,-0.0424457110808419,-0.10298231472409781,-0.057321115679392534,0.03298449351114285,-0.056016526145448255,0.03894933646024638,-0.12601109300737826,-0.0062758344070173045,-0.05649666975335354,-0.12529461726849894,-0.05474364247097971,-0.08381890977164763,-0.05561723468172111,-0.07950260316739004,-0.04742070406859986,-0.034761848721008654,0.011038032971323601,-0.04027654101280943,0.0011219388865247744,-1.6846125306688007,-1.6191864727226908,0.1176066240042348,0.0,3.1898238747553813e+297,29.1403149696088
Qwen,Qwen Small,pg19,StudentTSkewed,hc_values_map_agg_standard_1_new.parquet,9.76068493150685,6.0,10.521389432485323,6.0,0.017495107632093932,0.0,0.03588658616342869,0.06380164584653494,-0.0264701863120089,-0.05710218017921852,0.07181640102479878,-0.10477869989904652,0.13851313940737953,-0.023883623999751368,0.12676901443084382,-0.10262655324395084,0.08768526984628632,-0.15323920074285272,-0.09474008200587232,-0.12909543480979094,-0.15256894117158928,-0.17193187081014633,0.10818802234943098,0.09122747491801841,0.1507778532391807,0.13068111143633032,0.056160838945122006,0.051341982004326776,-0.01029718428419921,-0.06023137124879691,-0.11581595294218715,-0.0887208929970823,-0.12761073278570373,-0.10671116599194311,-0.14200505069187305,0.21153078301862938,0.18782499617071252,0.09318786231109957,0.07781295051629196,0.1737749605414283,-0.002072836658140167,0.11037517212709694,0.013213220576084546,-0.016336428076158687,0.03958665848199333,0.017217606079105927,-0.02957608898083664,-0.031532193307360575,0.16012061837197594,0.11340185632658409,0.060533327752208745,0.026647441795135732,0.6280903782760388,0.5315656111022271,0.4184911457581279,0.1622548294713827,64.11593937669846,59.66078430480294
Qwen,Qwen Small,pg19,StudentTSkewed,hc_values_map_agg_hat_1_new.parquet,9.989119373776909,7.0,10.867925636007827,6.0,0.017495107632093932,0.0,0.05354570004140867,0.06380164584653494,-0.02350870081620711,-0.04501010858279361,0.07181640102479878,-0.10493177851770472,0.14403596038223032,-0.023883623999751368,0.1310941848068275,-0.09049026034082165,0.08768526984628632,-0.1546028856230346,-0.054427841272630846,-0.11496952206722016,-0.12105013827167155,-0.16364892135588824,0.11434149798469159,0.09769883386569829,0.15544469967752778,0.13407907828793839,0.0823875045686421,0.051341982004326776,-0.0007441971467678984,-0.007230741001643742,-0.09817801288213918,-0.06762749122369092,-0.12104582825858523,-0.06619291518017997,-0.13110825386120176,0.21183572215122792,0.18969741619308372,0.09683372746855695,0.08317709668317172,0.1784355034586695,-0.002072836658140167,0.11257801549601523,0.029474920259101083,-0.009443990252856213,0.040974080264479434,0.020490696891595214,-0.022476843877991683,-0.025763015522935386,0.16393417495149387,0.11134115766369579,0.07020553581353528,0.026633399351053456,0.46892427180412555,0.48298772619910824,0.34320294886998487,0.16048425344070108,64.11593937669846,59.66078430480294
Qwen,Qwen Small,pg19,KDE,hc_values_per_expert_standard_1_new.parquet,13.635009784735812,11.0,16.358630136986303,22.0,0.0,0.0,-0.13320245414624945,0.004545700462171141,-0.12758046666577083,-0.1127706281719272,0.023183124102775225,-0.1526123063256086,-0.008057243262084084,-0.029857780947782478,0.06179313365318078,-0.12514521088416536,0.03440348140995362,-0.18937360031895162,-0.09624011334370991,-0.09541699085761926,-0.09532944868707623,-0.13701329576583354,0.01601182084780057,0.08197430432779976,0.03658010755131229,0.07542623983746864,-0.09847661564503069,-0.00842750637948237,-0.07394433375380818,-0.07280406193933545,-0.04893351170653817,-0.01863415707565557,-0.07331268893073817,-0.02971051948444811,-0.08193669860720074,-0.09654029136922365,0.020940395657637386,-0.046236335610003614,0.06689396587216186,-0.18084427336759973,-0.037912330065969696,-0.0487910590354714,-0.11642242147902328,0.026883989562431498,-0.11712838871354841,-0.05521535820653813,-0.08047924027906538,-0.012794039114480342,-0.054558376554050894,0.020135959308851398,-0.02667224544598504,0.05235484873242021,-1.4937590056182954,-1.68988294129218,0.11992221699412048,0.0,28.085489214060168,16.205922070608178
Qwen,Qwen Small,pg19,KDE,hc_values_per_expert_hat_1_new.parquet,17.538140900195696,24.0,19.93279843444227,25.0,0.0,0.0,-0.12818505444850894,0.004545700462171141,-0.1334547726284307,-0.09484643249642373,0.023183124102775225,-0.15969868022053196,-0.029068177702200257,-0.029857780947782478,0.06473106769036793,-0.09911687674630869,0.03440348140995362,-0.19818584031879863,-0.08808056494937076,-0.10280174505139833,-0.06641479884778718,-0.14492086629289894,-0.017746428019031025,0.0841247562874151,0.0036492786200682313,0.0773734615835119,-0.09589755534215,-0.00842750637948237,-0.08070794222416829,-0.06800256133271368,-0.05761526770639117,0.0004520758971610097,-0.08034177499389959,0.00051577516281067,-0.08861316565099382,-0.123304372057529,0.023364919530247562,-0.08787691419362899,0.06633449237510129,-0.1963177060115744,-0.037912330065969696,-0.05754284093997697,-0.13942834202092763,0.012668624063989983,-0.11451003348370517,-0.0623817369322221,-0.07603582562624436,-0.023108101960119157,-0.07788356817701692,0.019706832610862136,-0.061897869438041125,0.04981571489248755,-2.159847635650534,-2.1489508487493616,0.10212445733444182,0.0,28.085489214060168,16.205922070608178
Qwen,Qwen Small,pg19,KDE,hc_values_map_agg_standard_1_new.parquet,12.272465753424658,8.0,12.649647749510763,8.0,0.0,0.0,-0.004811021760247135,0.015684491276995182,-0.06240352239935526,-0.0880857015786571,0.01884061377505993,-0.08716474463354054,0.13064110995209283,-0.007719468123907103,0.049733022162323254,-0.13545213171233997,0.023403959400902286,-0.11213654456167851,-0.06237484395479445,-0.03913146785398909,-0.12218888116511413,-0.07722013876264998,0.10517591533546172,0.06686339243021369,0.13301981475269403,0.04830035694081342,0.03564499311380953,0.03499883859308685,-0.007027368997714118,-0.02971933199220764,-0.0015449108217860325,-0.07752900453093625,-0.018086093272703496,-0.07424125494311759,-0.019413375897422744,0.16767661463075434,0.019502272900503895,0.0806368361232448,0.029140322585443294,0.10498567910574562,-0.018867825344679158,0.01767630729700868,0.0011975501458926494,0.029937753699011457,0.011481463056948643,0.008727868786120217,-0.028873536143962365,0.012832903850635615,0.11509031884299219,0.009348431529097109,0.04451014057254111,0.018151403499151484,-0.8804261733544243,-0.9043020688787453,0.009128890514390094,0.0,21.93764378938979,21.00271302018932
Qwen,Qwen Small,pg19,KDE,hc_values_map_agg_hat_1_new.parquet,13.382328767123287,9.0,14.182837573385518,10.0,0.0,0.0,-0.005138041891086551,0.015684491276995182,-0.06285646354737538,-0.0871804333725951,0.01884061377505993,-0.08784173174630243,0.1287790062270609,-0.007719468123907103,0.05016307329926713,-0.13391704811814745,0.023403959400902286,-0.11301953684664251,-0.060225563324745934,-0.03929922432632776,-0.11945955792744652,-0.0777968324008934,0.1038642876143216,0.0675336016844144,0.12985402685909594,0.048724214246825666,0.0279226058841378,0.03499883859308685,-0.0069102905022704305,-0.03388902902645678,-0.0012062654679680903,-0.08194693708672933,-0.018002028001856775,-0.0787342028466729,-0.019382786393622356,0.164762865446102,0.01951953836995815,0.08244950069194555,0.02952933336447931,0.09321994504789494,-0.018867825344679158,0.01819034489588721,-0.006748300249322875,0.030520932589490617,-0.0002835457804153561,0.009147116845470376,-0.039872019230695686,0.01327348223470239,0.11765830649552117,0.009376102173811124,0.05100470235026405,0.018221013406833273,-1.0486343083985474,-1.039662656800448,0.008778776131893882,0.0,21.93764378938979,21.00271302018932
Qwen,Qwen Small,pg19,JohnsonSU,hc_values_per_expert_standard_1_new.parquet,13.454559686888453,10.0,16.059941291585126,21.0,0.005146771037181996,0.0,-0.12676931558807147,-0.002965631276105247,-0.12733251196910395,-0.10787457731595351,-0.0006181072415804051,-0.15094753472722558,-0.0068104580623141505,-0.0031290125003483444,0.059540774902404545,-0.11995885752575733,0.00016338122424309738,-0.1868732868715085,-0.10092163463669904,-0.10246720637712335,-0.09253711337132821,-0.1384656224027498,0.005123692780601615,0.07444816279546747,0.02759618689701404,0.07344155222149945,-0.09183472534284544,-0.004547530681037688,-0.07366400772733653,-0.07832107033992175,-0.05474358965783064,-0.016190334043710092,-0.07015735005705218,-0.02321526586268332,-0.08065129304558971,-0.09189856615947166,0.01632905513600985,-0.06356051257014772,0.057268417231178786,-0.18036629688569172,-0.0032944956661914923,-0.0541043473484077,-0.14857061769052549,0.01876111376269077,-0.12004341177047463,-0.05785240861368202,-0.08846499494405138,-0.008402342014927563,-0.049654610173649215,0.017345941436755885,-0.05559095948733198,0.03581699247372415,-1.301906616398339,-1.5256015641502192,0.12498634896871645,0.0,41383.62052528988,16.459624821267536
Qwen,Qwen Small,pg19,JohnsonSU,hc_values_per_expert_hat_1_new.parquet,16.741565557729942,23.0,19.251428571428573,25.0,0.005146771037181996,0.0,-0.12369947991325089,-0.002965631276105247,-0.13559252348664158,-0.09264385680034325,-0.0006181072415804051,-0.16091645491412032,-0.02631113606907184,-0.0031290125003483444,0.06367903082482682,-0.09738834384417905,0.00016338122424309738,-0.1992715543114684,-0.09502646976510232,-0.11304030044251953,-0.0695233130070762,-0.1491497027906452,-0.022568875616046074,0.07652414208244375,-0.0015139815626461918,0.07439164512410042,-0.09277604363550587,-0.004547530681037688,-0.08319899377826107,-0.07677267683330218,-0.06722742619345454,-0.0011583562465026917,-0.07951703362172051,-0.0010609269659552934,-0.08768019642096377,-0.11677748017560062,0.01888146091846224,-0.09655028113036551,0.0523914586753379,-0.19639696636072979,-0.0032944956661914923,-0.06761606048567691,-0.16441191417365655,-0.00846105096342595,-0.11685031705560094,-0.06780178710336192,-0.08412704100066819,-0.027080698171410664,-0.07452894759772505,0.015038160703578992,-0.08177793169182422,0.02926394366665824,-1.872316944958494,-1.9243998438954453,0.10634341770015815,0.0,41383.62052528988,16.459624821267536
Qwen,Qwen Small,pg19,JohnsonSU,hc_values_map_agg_standard_1_new.parquet,11.71252446183953,7.0,12.400332681017613,7.0,0.005146771037181996,0.0,-0.0036030731296977083,0.07741602273114384,-0.056150179276711204,-0.09138450518949673,0.0800392812286979,-0.08033144407640802,0.13744910075876238,-0.017912136716991094,0.04771253749038172,-0.1410521738884601,0.09532815944813494,-0.10386271676709292,-0.08301643679194058,-0.05116615408201315,-0.14117605153307675,-0.07813872306399271,0.1065074378431436,0.051781092074767165,0.14170239620262032,0.04742888888052956,0.03250868985957528,0.06396145737020117,-0.0213155491547433,-0.04846149528843502,-0.03357646078772683,-0.09192932721460775,-0.04017935786198577,-0.09132909575706748,-0.036808695914686336,0.18634796344913307,0.03603390623849051,0.08378269137210359,0.01557694147188705,0.12199593101281848,0.016504268242840434,0.010725716517300591,0.0020781742572656067,0.00890691420527937,0.013019521654315743,0.000891812838248956,-0.03561982812821424,0.00018741745704967726,0.1342133724153861,0.0121730626858094,0.055664133936887225,0.010809163403539686,-0.8802784059978592,-0.9350653225305439,0.007015295094169537,0.0,24.425018445205854,23.85581216970626
Qwen,Qwen Small,pg19,JohnsonSU,hc_values_map_agg_hat_1_new.parquet,13.132583170254403,8.0,14.216262230919765,9.0,0.005146771037181996,0.0,-0.0050438943875415095,0.07741602273114384,-0.057008124758295385,-0.09140382241499839,0.0800392812286979,-0.08153263554883078,0.13549099447230478,-0.017912136716991094,0.04840067946943052,-0.1405348888598463,0.09532815944813494,-0.1054088042277259,-0.07737669934528175,-0.05137796593682735,-0.13554540833520018,-0.07907175673498548,0.1054590685589276,0.052947809093602215,0.1376296284442339,0.04811570425721652,0.02651648683046084,0.06396145737020117,-0.021370698908130554,-0.04753083189692922,-0.03338867480509566,-0.09383209634726956,-0.04036723819592771,-0.0916094664753093,-0.0370606653711642,0.18168461050957332,0.036259318570366024,0.08543793450395526,0.01622446784314649,0.11066855588415772,0.016504268242840434,0.011125681096833725,-0.0007753938003889219,0.009438161708844364,0.004372583551550267,0.001348525109403943,-0.04091633751530068,0.0006872903387724937,0.13273033755943753,0.012001969387304346,0.06000396548890245,0.010725667703258663,-1.0583730954478716,-1.044138590664697,0.006717560403707324,0.0,24.425018445205854,23.85581216970626
Qwen,Qwen Small,competition_math,GMM,hc_values_per_expert_standard_1_new.parquet,8.96645961257527,3.0,12.019240590519852,7.0,0.1945556254973455,0.0,0.08637177791020387,0.0035427140997958363,0.0483444646778447,0.20509354887143433,0.004014531156633397,0.18147107406889745,-0.13553234172150289,-0.0002703782804652202,-0.15604373734173577,0.22190411963170675,0.0038130923802610567,0.20438820201958047,0.009742901584826722,-0.04034018293613773,0.056849325440705444,0.03256177855859662,-0.05474629360536147,-0.09062310016530299,-0.12072889154339553,-0.1437340163487739,0.09171795582924122,-0.0027752900099820787,0.056075609714366606,0.02845223595526324,-0.019832991409487473,0.22365019740339895,0.21630316644343395,0.08869972438608795,0.08632441914168007,-0.23790236166306555,-0.25708387456349224,-0.10065661050159525,-0.138140481271118,0.02292058078762114,-0.007037354409759119,-0.011247658047111342,-0.07391366943606856,-0.1254849125029076,0.23890422641912407,0.23379840680621813,-0.03109390278944142,-0.015664424168614934,-0.2814811695549181,-0.3034498190261694,-0.024952261188585536,-0.08937208056928869,0.31198709344295544,0.2980022505298424,0.6244057479821365,0.0,7.126144636982314e+295,75.29192239524917
Qwen,Qwen Small,competition_math,GMM,hc_values_per_expert_hat_1_new.parquet,11.420763210090621,6.0,14.962278941054906,18.0,0.1945556254973455,0.0,0.0725747253170172,0.0035427140997958363,0.04155514606350619,0.1545950096801041,0.004014531156633397,0.1657435310809643,-0.09255218900562967,-0.0002703782804652202,-0.1458639245689553,0.16512691432264687,0.0038130923802610567,0.1874190706324615,0.008109313388057976,-0.0461007706644545,0.017661980765090367,0.014512915826681475,-0.010449210436461513,-0.0766844462333359,-0.07515737354076962,-0.1328749357843102,0.0937217190920138,-0.0027752900099820787,0.05844280176428328,0.04253912787990234,-0.016637241713046168,0.17473435653622416,0.21605273151335702,0.04519404143531749,0.08558825752238038,-0.1676141882961284,-0.2547739504815968,-0.02757751397709615,-0.13440353601043387,0.0510793530475174,-0.007037354409759119,-0.008236089508900932,0.007427094279762322,-0.11585701100827756,0.19890491303131763,0.24973110717413327,-0.012024748838856842,0.020314285229813784,-0.20776653303426457,-0.32098975487680487,0.02169044863257715,-0.12655234828180068,-0.3313987936566288,0.28998889142095957,0.4141874937771748,0.0,7.126144636982314e+295,75.29192239524917
Qwen,Qwen Small,competition_math,GMM,hc_values_map_agg_standard_1_new.parquet,9.112985023219355,6.0,9.655165861016426,5.0,0.1945556254973455,0.0,0.17521276327257418,0.0007336872678452035,0.15305732838899222,0.19452065636645455,0.05205511224264233,0.1638993846609918,-0.008529482611645933,-0.06165722041368913,-0.00020607173755981655,0.1837422458842201,0.06239090768153433,0.15326340012655204,-0.007492513980109337,-0.018810071154315103,-0.06879630109763846,-0.07728219174061506,0.07046245961275127,0.06605644213445243,0.016693009615168487,0.020889552490352677,0.16684514500877,0.0028902097395982025,0.16110017040055036,0.015619707094045034,0.016643922007581715,0.1264923964534801,0.11363446776606465,-0.07471560294099129,-0.07568053329721766,-0.03942881976959338,-0.026142033486693368,0.11641933787062815,0.11859599378619082,0.16602294025962255,-0.007269147239918159,0.16354851715609703,0.022704757183131127,0.025629056099348554,0.12782781894416523,0.1210902057881637,-0.12075065193418019,-0.11167861860917877,-0.02284578983859315,-0.016426368447726533,0.16815436101117556,0.1593350205610196,3.94757724172256,3.8059558074233704,3.2017084088923755,3.086047645987067,11724.50306550127,1557.3656329310224
Qwen,Qwen Small,competition_math,GMM,hc_values_map_agg_hat_1_new.parquet,10.80400726866753,7.0,10.928833568892003,6.0,0.1945556254973455,0.0,0.07154572872955509,0.0007336872678452035,0.0425577992817003,0.06349502903017994,0.05205511224264233,0.025727265129089134,0.01568018095351994,-0.06165722041368913,0.02380835885038169,0.05586554777603515,0.06239090768153433,0.018749440431318612,-0.0344782980471283,-0.041038414804614565,-0.07741283548667462,-0.08504241786432151,0.04646353175920721,0.04705813387724044,0.024471542635126502,0.027414091932433885,0.1333972483843597,0.0028902097395982025,0.11928085487017391,0.01682348168762906,0.014786911782552562,0.07857874792951389,0.0583835810955142,-0.06042913996259107,-0.06413048853620973,0.00012141330590157481,0.016776245094390005,0.09758814403895114,0.10105543944767535,0.1582315729590857,-0.007269147239918159,0.15242310127997272,0.04071058556003012,0.042628103641671446,0.11404262508774196,0.10482062947643964,-0.06607513488799367,-0.058674917527264996,-0.011978966370713976,-0.005204711632825391,0.1153161320111765,0.10773661195995815,2.024899925650906,2.0389166985776055,1.7984884117747872,1.795477018496346,11724.50306550127,1557.3656329310224
Qwen,Qwen Small,competition_math,GLM,hc_values_per_expert_standard_1_new.parquet,12.904699692388089,5.0,16.29577063315795,25.0,0.0,0.0,0.11546331398654432,0.09271197731212827,-0.006654928359207995,0.21007770208794535,0.13448912083761216,0.02182304015373876,-0.10410192965746967,-0.04246778118363741,-0.03480533292063792,0.21956524364401397,0.1351797584957657,0.028150404561429927,0.004583826851811801,-0.029242308599354387,-0.026183117120834085,-0.02281829393567229,0.03657755727538862,-0.010963802347129124,-0.047475845182797495,-0.026266868335049678,0.10876310262735825,0.07679363021693733,-0.01733349600580475,0.06370222557126558,-0.03512874252237776,0.18929222926165015,0.01542251057818168,-0.012807683222481046,-0.030355918461154607,-0.1755944228458574,-0.035979529213272396,0.07229971251508309,0.012898494561627186,0.05742592724886107,0.08044515966957444,-0.03617183350209042,0.1232665742026257,-0.035662110638267984,0.18901319156280824,-0.012479425587507028,0.004017449885494331,-0.05902910405195865,-0.1900497996094132,-0.014357962864257858,0.10150480718224406,0.04461315002432377,-2.2050990485345,-2.250322533066891,0.0007578238234278033,0.0,26.70512336602977,11.589646707672898
Qwen,Qwen Small,competition_math,GLM,hc_values_per_expert_hat_1_new.parquet,18.811596612705916,26.0,21.998610401795787,26.0,0.0,0.0,0.08402835157166574,0.09271197731212827,-0.006565237891663762,0.16652789158520387,0.13448912083761216,0.02232643841971418,-0.09216825313135898,-0.04246778118363741,-0.03529533484767323,0.17619660470302473,0.1351797584957657,0.028730096956009466,-0.021017328591207304,-0.029441075016570017,-0.04310609239817573,-0.0228688311168826,0.023401594084973467,-0.011160805183958244,-0.039100270795194576,-0.026648464566244184,0.10850825467859983,0.07679363021693733,-0.017603358770983627,0.0636574134733106,-0.03566761200182158,0.1670213354765696,0.015816810372424654,-0.013162291095699616,-0.030610592086703498,-0.14455858373486716,-0.03675602082995657,0.07276163008469726,0.012798826999297734,0.08459714568105844,0.08044515966957444,-0.03669978606204502,0.14960662677145944,-0.03620442813754805,0.2098666289174061,-0.011591000963542476,0.06130466697648359,-0.05865581665291584,-0.19370471122118338,-0.0159142377319765,0.051053821912040276,0.04366675169315252,-3.00828506473645,-2.9150618606187595,0.0006989437976546493,0.0,26.70512336602977,11.589646707672898
Qwen,Qwen Small,competition_math,GLM,hc_values_map_agg_standard_1_new.parquet,21.10747413803342,26.0,22.246671496609142,26.0,0.0,0.0,-0.1697143732694581,0.09677101334605395,,-0.2230096148118659,0.18029803216348345,,0.04986338613102596,-0.0923355318356118,,-0.21957775940048405,0.18910654518166575,,-0.08746006633119476,,-0.12473752806921277,,0.03478836532402629,,0.024669903939345563,,-0.04874488171002948,0.07860431701311546,,0.0020972837552566855,,-0.12059891461355673,,-0.07607195239582906,,0.1288733665870122,,0.10718810994171052,,0.044226296608662716,0.04531288052933994,,0.057766447913862644,,-0.007721082551859496,,0.005839679858385825,,0.046461643903314837,,0.04014738591730782,,-2.771471689552615,-2.7738147521444096,0.0,0.0,8.09458177174727,7.976866291119171
Qwen,Qwen Small,competition_math,GLM,hc_values_map_agg_hat_1_new.parquet,24.667078399467915,26.0,25.045037234105727,26.0,0.0,0.0,-0.16949898174548908,0.09677101334605395,,-0.23537343548391654,0.18029803216348345,,0.06500910437712926,-0.0923355318356118,,-0.23450808612261834,0.18910654518166575,,-0.06881803807636429,,-0.11766929418694562,,0.0500305759083689,,0.0325901972192822,,-0.057164006439094445,0.07860431701311546,,0.022829463594123023,,-0.14057745351975756,,-0.07399105364123523,,0.14993804407534783,,0.12122797609476632,,0.024785854832640525,0.04531288052933994,,0.08039357113247764,,-0.05395982843385396,,0.001702013845343773,,0.08847343041624944,,0.06382363668088802,,-3.4090401285278937,-3.316127931044511,0.0,0.0,8.09458177174727,7.976866291119171
Qwen,Qwen Small,competition_math,StudentT,hc_values_per_expert_standard_1_new.parquet,1.3063410810361413,1.0,9.450776155920044,3.0,0.004382578951744124,0.0,0.08077522394586373,-0.0031104375813545016,0.09424175211815355,0.13876302302050897,0.008413584644673478,0.1568914795722853,-0.06296337616984901,-0.014119479169531284,-0.06744072497937016,0.14373860011571274,0.011009041588176782,0.1616824770975237,-0.023796677690943367,-0.008195606884625558,-0.06569773199714453,-0.04636308077081493,0.04621993834932873,0.043674277103549,-0.027418111020573874,-0.03529148894156655,0.05005751529449749,-0.002777661026474026,0.05934522173363315,-0.024578720739438877,-0.013669738157894708,0.10039326190318562,0.1137251327780924,-0.08848100660901878,-0.07572520409149076,-0.09943822326090265,-0.11045879419626228,0.10368798884514618,0.09498851284136979,0.04848703619097951,0.054778297276190414,0.04408245561393743,0.044635350624529196,0.03915044247741152,0.08172679273652556,0.0845936782215446,-0.10134194398159262,-0.1109200471569377,-0.06251781446188556,-0.0697840802019596,0.1670532713245751,0.17450086238201087,1.0263860138696252,0.9020548307302001,0.12865734102308105,0.0,1474.877638807965,1233.3726073421942
Qwen,Qwen Small,competition_math,StudentT,hc_values_per_expert_hat_1_new.parquet,1.2782046866277896,1.0,15.150516051640794,21.0,0.004382578951744124,0.0,0.07994746386511385,-0.0031104375813545016,0.10295580004461882,0.138713503336078,0.008413584644673478,0.1643742327966706,-0.06396868215495476,-0.014119479169531284,-0.06522938430607317,0.1439161460200686,0.011009041588176782,0.168185184350692,-0.017663114259972173,0.005096519593225723,-0.05096712218884867,-0.033260411961647626,0.03688272530283853,0.045446570499500176,-0.022514598353731725,-0.030129152181080143,0.054950129361494626,-0.002777661026474026,0.07366499007250808,-0.013261082736616546,0.008232992034276495,0.10707558860323885,0.12346806018866946,-0.06679452018365052,-0.05784064418793184,-0.10476568749442433,-0.11228057100425902,0.0827650182623908,0.08839674304299089,0.06339861175874745,0.054778297276190414,0.06506620797255816,0.06430145930462193,0.0689093751266427,0.10410130523308311,0.09838094057784069,-0.06118977884195181,-0.08603484147865854,-0.07827306186188784,-0.06969154295430216,0.13297246636922827,0.16848191722459782,0.9480050634115412,0.9015109495842387,0.12098869260248812,0.0,1474.877638807965,1233.3726073421942
Qwen,Qwen Small,competition_math,StudentT,hc_values_map_agg_standard_1_new.parquet,11.815290331009418,6.0,13.340724728909581,6.0,0.004382578951744124,0.0,-0.015839390515844702,0.09794265605330346,,-0.0072502636348599344,0.17923463852618754,,-0.011657207284431587,-0.0895494632357649,,-0.004182183231413115,0.18749211928906837,,-0.06607010170776016,,-0.06901569392792337,,-0.002947334553775301,,0.006205811095845054,,0.07269950978194122,0.07965440369417803,,-0.01768002388074894,,0.06529473927814877,,-0.019974053111397796,,-0.03146057069836628,,0.013270470321409607,,0.10197737593591755,0.04729971361798892,,-0.020002008897843253,,0.14214605197648741,,0.02442744663572151,,-0.0940746824423704,,-0.04661623912254464,,-3.1160402586980065,-3.1414819243431205,0.0,0.0,9.371093488069103,9.23385839171882
Qwen,Qwen Small,competition_math,StudentT,hc_values_map_agg_hat_1_new.parquet,20.652647956578026,26.0,22.038219889069683,26.0,0.004382578951744124,0.0,-0.12684524843973202,0.09794265605330346,,-0.17811857322323738,0.17923463852618754,,0.05102604077857818,-0.0895494632357649,,-0.1778712892183102,0.18749211928906837,,-0.08823844438220738,,-0.13348650948217342,,0.04402117422806061,,0.02988246784607066,,-0.004803437390945357,0.07965440369417803,,-0.010006533699175755,,-0.08675365949782265,,-0.09299066241131806,,0.1177435921286299,,0.12076984577837986,,0.09729751270051493,0.04729971361798892,,0.05207321198574494,,0.0344671741650027,,-0.016516829432521377,,0.037489975337079456,,0.06309508602585437,,-4.46011104804732,-4.416681032885303,0.0,0.0,9.371093488069103,9.23385839171882
Qwen,Qwen Small,competition_math,StudentTSkewed,hc_values_per_expert_standard_1_new.parquet,9.282789173010915,2.0,13.840291221777498,14.0,0.04670000118769077,0.0,0.07031295842062499,0.04676297123344661,0.011482974869578695,0.14236928552648642,0.10882191260430871,0.06538490338089602,-0.0807592430893727,-0.07071092461952502,-0.06385928091735919,0.15107220150999767,0.11747389585297163,0.07534225578693789,0.0568016279874147,-0.022234270866355682,0.11505998387131187,0.0037653135941828663,-0.0646224528264792,-0.03312939992823711,-0.06456136927255282,-0.033838036388919454,0.09189004727233555,0.08117132873592042,0.0382328091217071,0.06886945013411788,-0.014918099178352016,0.16039001395184654,0.10209197425709532,0.128013137843916,0.03310753723564343,-0.1490041502722982,-0.11160503735406796,-0.12203670723768122,-0.05870499341745308,0.07793538650123336,0.07445282764800597,0.01774844337523956,0.05134492439475826,-0.03857626361246378,0.19076359297148807,0.11045778229708522,0.14831020352904964,0.02870172829590426,-0.17520974811487972,-0.12420125661946872,-0.1429633802700718,-0.06812176215041085,-1.014734987980072,-1.1057320031645266,0.07034411761212889,0.0,1.1841277005118947e+298,28.30861188419825
Qwen,Qwen Small,competition_math,StudentTSkewed,hc_values_per_expert_hat_1_new.parquet,13.207917146691686,8.0,17.918179982659716,25.0,0.04670000118769077,0.0,0.04841548948406982,0.04676297123344661,-0.002221721790939125,0.1128366115629232,0.10882191260430871,0.05388684568390703,-0.07341311518772017,-0.07071092461952502,-0.06766198435492865,0.12182860467178999,0.11747389585297163,0.06544026256398952,0.0381514208374918,-0.031137023926709625,0.09247636700256354,0.0015528213862701322,-0.061594935991284155,-0.04194111804403492,-0.06164477270673126,-0.041887220240392604,0.08438058182486868,0.08117132873592042,0.022440686525340148,0.06778243237115336,-0.02642501232135152,0.14079333132570718,0.10176659851724038,0.11709347297734418,0.04055129215001008,-0.12772259811323308,-0.12421454187374066,-0.10765638707094521,-0.07866520785422565,0.08295825814654956,0.07445282764800597,-0.0037021922415138263,0.06463651635266947,-0.06036131724322944,0.19023268618884012,0.11931915186934797,0.16019761269172225,0.044313794784733004,-0.17036824038897536,-0.15317230578354402,-0.1467702225687029,-0.10584466187271863,-1.5373498204382687,-1.3727350939423326,0.05666761675595644,0.0,1.1841277005118947e+298,28.30861188419825
Qwen,Qwen Small,competition_math,StudentTSkewed,hc_values_map_agg_standard_1_new.parquet,8.120598121073197,7.0,8.166989322659953,6.0,0.04670000118769077,0.0,0.20790307737235145,0.05803214409519809,0.20046551725175443,0.232990167780096,0.16393472145851326,0.2215266104445338,-0.012738706297336491,-0.1224921091192791,-0.008520647756558962,0.22064178366968795,0.18052425321447718,0.2089861650083134,0.08111976716768188,0.07364906893853213,0.060404437885746405,0.04948796274845389,0.03189950991912009,0.03520091856839463,0.0022308815948454633,0.005732918290821566,0.18348274145795296,0.04981353823525066,0.18258565366731583,0.07623075603702781,0.0768925579270875,0.1396944547081282,0.13498012738641513,0.017290592432619503,0.013432960112517272,-0.04418614074389593,-0.03831403462476665,0.03832126698610553,0.04421908357777757,0.1722208843765512,0.01758538618186243,0.17227167514241232,0.06364428427180331,0.0654495875641981,0.13169132844034118,0.1301431645875863,-0.011869035804982376,-0.010949153107609372,-0.02255577903490247,-0.020566081995980527,0.06699968647053658,0.0673415153534532,5.699154544832969,5.722120527946032,4.8111787760061695,4.752884319562008,37468138.8175457,9104433.650159158
Qwen,Qwen Small,competition_math,StudentTSkewed,hc_values_map_agg_hat_1_new.parquet,10.110752164566433,7.0,9.865185220376024,6.0,0.04670000118769077,0.0,0.12401009859826997,0.05803214409519809,0.10216702192108751,0.1234973739723158,0.16393472145851326,0.09533110408147233,0.011013744270319308,-0.1224921091192791,0.016786617608381557,0.11299635432795066,0.18052425321447718,0.08538040431270595,0.018606189967589996,0.009086238983338626,-0.013616298753356766,-0.025105528778255233,0.03933229806540902,0.04071698823194701,0.01874339208150589,0.02228112135289135,0.15676810195785706,0.04981353823525066,0.14801470916991963,0.055809309637234385,0.05183768869367291,0.1002391563032034,0.08756544044302138,-0.012588301086627871,-0.019043155360318493,-0.010932279971030235,-0.00039304109863413667,0.06311312266930694,0.0688288599979618,0.16245253008989963,0.01758538618186243,0.15930806443308884,0.060146549605210466,0.06046147828371172,0.11234330878401405,0.10631762822979135,-0.0209420948832785,-0.021447165470336794,-0.006334008151106766,-0.0013669126810635923,0.07538104793199721,0.07626622748229593,2.454019378923103,2.4649661129050333,2.247464612923442,2.262864938449248,37468138.8175457,9104433.650159158
Qwen,Qwen Small,competition_math,KDE,hc_values_per_expert_standard_1_new.parquet,13.93802629547371,13.0,16.94838295901279,24.0,3.5630723184911575e-05,0.0,0.06358867502638628,0.016137063314537077,0.0377172382365806,0.13200609153682522,0.044651839734939344,0.06660999316614027,-0.07694688988832701,-0.032938691669899225,-0.03158393952085395,0.1405355649147133,0.0490757549844363,0.06930117775743455,-0.029897810884522032,-0.0028595330791438504,-0.0807845655453501,-0.024592205033941196,0.05718818931892066,0.025469566169881615,-0.018941598081752664,-0.005883735933612141,0.10579897391053282,0.020754386911527582,0.076178768345865,0.03941903516569936,0.036956203042201076,0.1726122378185738,0.10458087110314657,-0.052051085699020644,0.00444758480895183,-0.1546443705246401,-0.08370147171575187,0.10673270814421408,0.02513330093090025,0.07264660310444987,0.010903568719986944,0.05517693979738118,0.08407750315162732,0.04120948622079435,0.2187100309688188,0.09845204873924338,-0.05329806036340455,-0.04843121351201051,-0.21475923580006345,-0.0779982928607341,0.14126974581545565,0.09764273604920048,-1.5867221356970078,-1.4770257866581913,0.03236784256163236,0.0,31.306139938179754,17.12144341729826
Qwen,Qwen Small,competition_math,KDE,hc_values_per_expert_hat_1_new.parquet,18.261588892715892,25.0,20.911612052685964,26.0,3.5630723184911575e-05,0.0,0.030672961677945386,0.016137063314537077,0.026327231256907113,0.08879450240571068,0.044651839734939344,0.053275856181147815,-0.06732484266959843,-0.032938691669899225,-0.030200895347150453,0.09799780434754382,0.0490757549844363,0.056528126604057566,-0.06244346415756212,-0.014772820550569788,-0.1061590278317209,-0.038036387448188054,0.04524992514061069,0.026027784827518035,-0.018269170767270495,-0.0049285079946391665,0.08484243894526144,0.020754386911527582,0.06533918037144343,0.012496378326013018,0.024958649505699,0.13393586331486937,0.09870152581656824,-0.07407756415278363,-0.002080703736682487,-0.11771924720014404,-0.08442099384394972,0.11486009858532577,0.024128970600044805,0.07476184870779343,0.010903568719986944,0.046828655280010775,0.07489290913019954,0.03141217454645707,0.21218155675589753,0.10061787889067017,-0.01776679795515227,-0.0471111950986236,-0.20478919976096252,-0.08765962095892038,0.08801352979637149,0.08740750094327698,-2.175875556740762,-1.8256332396455344,0.027400344380735738,0.0,31.306139938179754,17.12144341729826
Qwen,Qwen Small,competition_math,KDE,hc_values_map_agg_standard_1_new.parquet,12.50248821216908,8.0,13.430870458567407,8.0,3.5630723184911575e-05,0.0,0.023268900227100008,0.014469438060846235,-0.04929149103009581,0.026525059108717868,0.09481533517323465,-0.05855347498535698,-0.0019649398322463332,-0.0954101967953968,0.007005733641590681,0.02523384005934634,0.10987963485624304,-0.05629722467168649,-0.05933867350798424,-0.059263935727957705,-0.08158425073152399,-0.07243370404510853,0.019790171485269303,0.009286030652148827,0.015186917329565716,0.002712275987436795,0.10525751852862625,0.013529448804148742,0.03633344328658801,-0.0077301442073700105,-0.020453035703152156,0.07674324356487258,0.018135475230359813,-0.05044043112229661,-0.04268191634830568,-0.020585446195698572,0.0046168172546401775,0.06356925121420053,0.042402913982744754,0.13771511251179872,-0.004632691363958016,0.059705746854874356,0.009867960462398163,-0.025249462171133902,0.152942180812659,0.08175846113673657,-0.02149802452020792,-0.02632762964398365,-0.07795994204799445,-0.053235675967063405,0.03471635263245639,0.011700651628279685,0.3095324917784735,0.25975632321552716,0.2881094684206415,0.0,62.954944922602,43.988615734164874
Qwen,Qwen Small,competition_math,KDE,hc_values_map_agg_hat_1_new.parquet,12.733280283145481,8.0,13.864888297682816,8.0,3.5630723184911575e-05,0.0,0.01914671652102866,0.014469438060846235,-0.05637557949390694,0.014673896572523876,0.09481533517323465,-0.06736746559210338,0.006984259541960899,-0.0954101967953968,0.008492162145933744,0.01216245697906776,0.10987963485624304,-0.06486774163984069,-0.05628284296125628,-0.05888624302662627,-0.08474854480145075,-0.07161354601282095,0.027302055603921228,0.00881159406560185,0.023314210820638646,0.0025491648260041054,0.10582949810014944,0.013529448804148742,0.03364941269483705,0.0002919743352753514,-0.016508164206600315,0.06670194650156179,0.014070245290550391,-0.05403679438952491,-0.039661229888333545,-0.006023980423071582,0.008099748625887113,0.07511984393759547,0.04144634055115791,0.14248252251235716,-0.004632691363958016,0.05635246715599515,0.023607017933237138,-0.02360517630846184,0.14287851788455663,0.07897730406139494,-0.02541516627804968,-0.022578722626770763,-0.06133909362241906,-0.05252349842557208,0.05089783719325935,0.008424155448214883,0.23826044176284084,0.24827584620408213,0.2593989614866555,0.0,62.954944922602,43.988615734164874
Qwen,Qwen Small,competition_math,JohnsonSU,hc_values_per_expert_standard_1_new.parquet,14.375072746059836,19.0,17.60015202441892,25.0,0.020701450170433625,0.0,0.10183816382791856,0.02807744356177931,0.0672740192659706,0.16528035714643022,0.0375771549564646,0.10838715242577329,-0.06775684638694408,-0.009070232284085603,-0.04380199458267831,0.16959501021486265,0.03714767584586491,0.1110760138486489,0.08847426254546702,0.05079762783095082,0.14264776348708647,0.08026057313618339,-0.05709990628091255,-0.03081897271653123,-0.06554891740094852,-0.04052226223538135,0.13606081842871576,0.027918737290321086,0.10452442560122949,0.12491780591139928,0.09086654242974243,0.1800725122215882,0.13397156899932972,0.1599265274431475,0.10923830100398106,-0.1400734367679654,-0.10148494903846705,-0.12060467476861521,-0.07778454706464813,0.1192477865561399,0.04258681757188636,0.08703734092341939,0.1084770636432918,0.07474228543160061,0.22587540074931572,0.13852573711679042,0.20952809759970117,0.11807135858657924,-0.18505045168609563,-0.1019346919324344,-0.17286112579247692,-0.08608576992820917,-1.220513638331819,-1.1312459565873139,0.06510479596326522,0.0,5.344608477736736e+296,17.259386606878245
Qwen,Qwen Small,competition_math,JohnsonSU,hc_values_per_expert_hat_1_new.parquet,17.73817356912954,25.0,20.790883285627753,26.0,0.020701450170433625,0.0,0.06773728144928667,0.02807744356177931,0.06147715326061377,0.12176149342069885,0.0375771549564646,0.09992542112899272,-0.0592899138679133,-0.009070232284085603,-0.04108326472884792,0.12702719531719997,0.03714767584586491,0.1025604179894617,0.05568568786137122,0.04676223579078704,0.10178058133523364,0.07493193600816116,-0.05030716264395307,-0.029624914149298052,-0.057573999753634565,-0.03822489861119785,0.11300841535066788,0.027918737290321086,0.10115582871267666,0.1029285821986739,0.08836546958505986,0.14309851815024477,0.13340339843551158,0.12544590762549654,0.11079856614563817,-0.10727087135578309,-0.10347488431694095,-0.09050270157486447,-0.08204576532726465,0.11775204289627046,0.04258681757188636,0.08355215561897798,0.10876307893847428,0.07117988731384459,0.21727404210523774,0.1484123964221402,0.20333109481084186,0.12849388139219484,-0.17547333973263599,-0.11726744050693093,-0.1648422579839238,-0.10213527022406912,-1.7006299987796447,-1.3523525256292488,0.05289957705961802,0.0,5.344608477736736e+296,17.259386606878245
Qwen,Qwen Small,competition_math,JohnsonSU,hc_values_map_agg_standard_1_new.parquet,9.013741582241648,5.0,10.8065964345523,5.0,0.020701450170433625,0.0,0.12555724179679625,0.06478494302714985,0.08889182993130942,0.16713169725459928,0.17284070071806745,0.1202250586521686,-0.03947024632839648,-0.12451534425560493,-0.03022829854245448,0.16502748812519275,0.18930028728275478,0.11912012847376391,-0.08145870522014076,-0.07694864850134933,-0.08604515774799801,-0.08529305054915917,-0.0026292973139421623,0.002175978869047208,-0.0038761395860912166,-0.008473568232344365,0.1362455752661017,0.05181592469430165,0.1160828304693998,-0.05102123405461979,-0.04537948582077967,0.13384413049288535,0.11021543805524188,-0.05038188150504196,-0.05096975272995371,-0.07506084602104689,-0.0585912837988423,0.028171848086246894,0.03359889440609529,0.1511558247620658,0.01521985282509097,0.13685169064821592,-0.03103722176440968,-0.026729626905405406,0.1758997376283062,0.1614797696821649,-0.026432185513273473,-0.020091848409715687,-0.0956708088230414,-0.08941713956415748,0.007209542400624624,0.0029017777726055042,0.9332340276155301,0.7645847902973841,0.5792537398787778,0.32304781635520463,135.71922035829002,106.01463853099048
Qwen,Qwen Small,competition_math,JohnsonSU,hc_values_map_agg_hat_1_new.parquet,9.229711272373125,5.0,11.186063636471609,5.0,0.020701450170433625,0.0,0.11936336988088184,0.06478494302714985,0.07675074701823774,0.1460062885205057,0.17284070071806745,0.09601840463585483,-0.022033001215456226,-0.12451534425560493,-0.01673626162554538,0.14139637109633807,0.18930028728275478,0.09348700864378312,-0.05897243570208651,-0.06903772008262964,-0.08065548594057476,-0.08799921275083837,0.019424280171026934,0.015280149320429821,0.016507470296674234,0.0018797435548835216,0.14046645233403476,0.05181592469430165,0.12017679314528892,-0.025623846123095734,-0.03096660420903796,0.12298798536458871,0.10167419093859634,-0.05321828888851906,-0.05617039594284308,-0.05633711683984566,-0.04322042788419524,0.05286623060955363,0.05259340034884759,0.14776707953282803,0.01521985282509097,0.13399106856390677,-0.02623358838809369,-0.03042608168874571,0.14973871322825,0.14674690071169297,-0.06873089829615871,-0.045091270734189975,-0.06557768813819445,-0.07326109055816334,0.06351359155053679,0.030807530232652838,0.6583843572517619,0.6661893743944447,0.4390780242876178,0.3162150558977878,135.71922035829002,106.01463853099048
Qwen,Qwen Small,structured-wikipedia,GMM,hc_values_per_expert_standard_1_new.parquet,8.689355539464156,4.0,11.275208182476467,7.0,0.1493482983345402,0.0,0.08226962406431801,0.0003208791239359064,0.06918959813040598,0.12980684918138166,0.00444494364220315,0.10109704684041773,-0.07668595655920274,-0.0058643003273312145,-0.05308840038172149,0.15895558062352075,0.006185179451267121,0.12227799851212748,0.031241790738752818,0.014143760597328891,0.04186665843521897,0.003427867007549106,-0.018315202075189316,0.013533181611564431,-0.05347953835228989,-0.0331194140612336,0.11164442579634122,0.0013084661859177186,0.11559727043335635,0.0711925785047631,0.07727060734258741,0.18009230087455214,0.16796158191823568,0.11934084159573073,0.1008882092490711,-0.1469848720973076,-0.12409811521271712,-0.09976901471311694,-0.06496011296103762,-0.010088650786585262,0.02010095238298735,-0.03248443960108291,-0.0015503497751890602,-0.042824333854982334,0.08193672352116868,0.06067039227000319,0.05337801773265236,0.012192885293520458,-0.12127457613503376,-0.11649086922064254,-0.0738545660775853,-0.06240936540714202,0.29618365609315633,0.12112949227434694,0.6433807320574404,0.0,4.525706010137581e+295,77.70415198171168
Qwen,Qwen Small,structured-wikipedia,GMM,hc_values_per_expert_hat_1_new.parquet,10.869342867487328,6.0,14.267921795800145,13.0,0.1493482983345402,0.0,0.058179871564350984,0.0003208791239359064,0.04289594565255347,0.10203292675312324,0.00444494364220315,0.08249443794891353,-0.06869353550686422,-0.0058643003273312145,-0.06091385960882181,0.1268734070712152,0.006185179451267121,0.10380980526137529,0.007900498001164208,-0.019312935135291,0.021573503676390642,-0.01473509553420316,-0.020074815574756433,-0.004345713834358961,-0.04679202207446981,-0.04222209216236185,0.08461659187720814,0.0013084661859177186,0.10485316105334724,0.03931675472025253,0.06233290316142604,0.15366010579688305,0.17877820997823105,0.08850747617577415,0.11790155542369848,-0.13745705689594412,-0.15267718130262087,-0.08928672563926317,-0.10764229271791954,-0.0026452089845767596,0.02010095238298735,-0.04948059883841349,0.0074098074166753895,-0.06685098935322532,0.0753808106710587,0.0586431411865145,0.041188589549884386,0.012404770004444248,-0.10448967652315555,-0.1318932159208795,-0.04776110146949784,-0.08845877120606672,-0.2617837759796274,0.11948839407526114,0.42708303278197507,0.0,4.525706010137581e+295,77.70415198171168
Qwen,Qwen Small,structured-wikipedia,GMM,hc_values_map_agg_standard_1_new.parquet,5.208816075307748,4.0,5.644188993482984,4.0,0.1493482983345402,0.0,0.06657261281870026,0.008661505174120664,0.07166662367155588,-0.006028855109541668,0.03367116688692699,-0.008970270362964002,0.09488231454060655,-0.03633990119656785,0.10564683554301044,-0.02830970172190629,0.045001406370688515,-0.03398021187145456,-0.050218396416580345,-0.022733863558717895,-0.08730264386432338,-0.0748558449881255,0.05861917082702143,0.07658208037745252,0.11181633384044624,0.11469899671501642,0.07046972870053927,0.0037684749424222097,0.07700065190007485,-0.028897052777579015,-0.004011785366752828,-0.04747455185741306,-0.04636662817368366,-0.07959779751142582,-0.06638656392181047,0.15182256252207937,0.15753312699467883,0.08894504813522323,0.09700602904784007,0.14167528719515876,-0.020784802623699652,0.1382399031506073,0.01349394865158785,0.02067979370678701,0.05659959295776947,0.07444463778712948,-0.051523833364963315,-0.004038968023917169,0.07484451664615566,0.047110812109361945,0.08346431064270092,0.027241384334969525,1.658455511887744,1.4747235520091262,1.043230450931582,0.8196929907184365,374.4681984868459,190.84420052864735
Qwen,Qwen Small,structured-wikipedia,GMM,hc_values_map_agg_hat_1_new.parquet,5.491310644460536,5.0,5.951167632150615,4.0,0.1493482983345402,0.0,0.07921398278145739,0.008661505174120664,0.09510812410247757,0.013583644888415873,0.03367116688692699,0.012696460901298301,0.0835699120409369,-0.03633990119656785,0.10544272446144631,-0.004355929259479516,0.045001406370688515,-0.010334600358968743,-0.00949547463585964,0.023407037446313537,-0.032381739212461576,-0.032028794250334065,0.03356738456319614,0.0756755818752361,0.10196309561550367,0.11363607719362082,0.09537041855224976,0.0037684749424222097,0.1019936507977913,0.02989347428928001,0.044723760707930396,-0.021081470410259186,-0.023942617234811406,-0.018058238660381372,-0.022913800171920545,0.13994644255581912,0.15178594236742554,0.0615896488545458,0.08586710184336464,0.1393615156056045,-0.020784802623699652,0.14224968425582252,0.014866502520253835,0.02657992428432622,0.0429163784097641,0.07619377483786711,-0.06953177098904341,-0.0018805948636487111,0.09083021394368451,0.0490305495414768,0.10910853567077376,0.03056513759650909,1.0538012032417252,1.065836053848559,0.7114391438350103,0.6837751739609061,374.4681984868459,190.84420052864735
Qwen,Qwen Small,structured-wikipedia,GLM,hc_values_per_expert_standard_1_new.parquet,12.55163830557567,5.0,16.32001267197683,25.0,0.0,0.0,-0.007516539581836821,0.038263032546009254,0.04853615246598219,0.00822712653791728,0.06951648137381639,0.03824796858220515,-0.021375785615568948,-0.04858660895836807,0.008922039122909129,0.013859246033732127,0.08684964150437732,0.03961411334307306,-0.047896279812079834,0.04360154547092083,-0.047347063466062794,0.028167625740861773,0.004720596582178133,0.016792311035731523,0.00493863460746743,0.013704194277415397,0.04208476682026067,0.038916601138890144,0.09036053332234588,-0.007415371079993904,0.07989218065713004,0.0777275269183913,0.07004937577855727,0.007395861790011452,0.05151805822599496,-0.07034376742774684,-0.004047078191713194,-0.01961170094776266,0.012434101777885665,-0.02816539407685091,0.019820953408980803,0.02292672763997237,-0.08096971654007021,0.0196349565691564,0.011952495874656676,0.01911361497342053,-0.08671343559439733,0.0057702732366940596,-0.04617563547599046,-0.0013137507462950846,0.030357405570907426,0.013222692912692853,-2.053408589560919,-2.039927462006097,0.01780175489757295,0.0,20.65410353801985,14.700065757621894
Qwen,Qwen Small,structured-wikipedia,GLM,hc_values_per_expert_hat_1_new.parquet,18.494795438088342,26.0,21.003213251267198,26.0,0.0,0.0,0.0005304965575034953,0.038263032546009254,0.04540360106680802,0.025418385743404506,0.06951648137381639,0.03397452711532398,-0.03522721256777525,-0.04858660895836807,0.010896468756495813,0.035757709125278744,0.08684964150437732,0.0345071323103122,-0.023448724898491348,0.04017056526782568,-0.007211092173823998,0.02324798265134027,-0.020239886563189827,0.019288302762239588,-0.02034004032509001,0.016048993837090263,0.053839584414028877,0.038916601138890144,0.09762235872863409,0.019886674958711346,0.08670295690792873,0.11340830132492269,0.07582330028873734,0.07121357005131282,0.05606973716006533,-0.11119676890608961,-0.004591507584655612,-0.08540614372691782,0.01325191784412967,-0.016134362710167924,0.019820953408980803,0.021093820981245903,-0.046924562210280955,0.017443019285555222,0.025645937476483194,0.020954899157932964,-0.04275959199383984,0.0062046926364567245,-0.05180588248740409,-0.005752998729597185,0.007483244640223802,0.010291446019843595,-2.929070490581226,-2.838570825694427,0.01550493254381403,0.0,20.65410353801985,14.700065757621894
Qwen,Qwen Small,structured-wikipedia,GLM,hc_values_map_agg_standard_1_new.parquet,16.527833091962346,23.0,17.627443881245473,25.0,0.0,0.0,0.030431781852406675,0.029175536876747024,0.04487756430088989,-0.030136751649760214,0.05515766794954986,0.04104819261786646,0.0820610546044427,-0.040087116774088646,0.00021917093116220667,-0.05162927275203602,0.06926265365083567,0.044658393369727684,0.01956023160805565,0.04119013385663794,-0.03438784287470114,0.039675414730062364,0.07403702065167596,-0.002878834765618858,0.0792985833694022,0.0009140868255307792,0.09517627076823001,0.008565413671752007,0.047547702635210076,0.0784298368089414,0.04319863388854666,0.03134073041076549,0.03435203142150998,0.03327193126517886,0.03473244685694362,0.06015766825516966,0.0016771074827009675,0.038120626477938346,-0.004105463811183322,0.021440512570161836,0.030421337890752888,0.02369927449016428,-0.003745919266136864,0.013355456325353642,-0.0004530913696195911,0.014031487558503641,-0.016944737461370638,0.007281941356910127,0.02349016293526595,0.006364955503960667,0.018795163718911496,0.004301696370420756,-2.5213178342414895,-2.579374840305376,0.0006884345779568242,0.0,10.23766641719833,10.043545176673232
Qwen,Qwen Small,structured-wikipedia,GLM,hc_values_map_agg_hat_1_new.parquet,21.480765749456914,26.0,22.398307385952208,26.0,0.0,0.0,0.03405700972136123,0.029175536876747024,0.045927102977340005,-0.01612507093632877,0.05515766794954986,0.0416126619132743,0.06696592666961143,-0.040087116774088646,0.000783144605777302,-0.032908916948250204,0.06926265365083567,0.0451439583715627,0.03815756212393828,0.042223539878391496,-0.014739954024990409,0.040232766939490315,0.07028019329800132,-0.0023305152063393636,0.06068569066936153,0.0014887805771338885,0.08666907073957716,0.008565413671752007,0.04833067769214284,0.08432907379872698,0.04395894202431827,0.048524079991244085,0.03471205836911653,0.048752863937715045,0.035095380375271205,0.024446790356880396,0.002016875063858968,0.021130997210160388,-0.003797717200979839,0.022765939629389373,0.030421337890752888,0.02369927449016428,0.01544036071327984,0.013355456325353642,0.011546923094917694,0.014031487558503641,0.006724045278783432,0.007281941356910127,0.00871995944488139,0.006364955503960667,0.007247796186015324,0.004301696370420756,-3.2763973126122394,-3.2267854184090163,0.0006389776172255709,0.0,10.23766641719833,10.043545176673232
Qwen,Qwen Small,structured-wikipedia,StudentT,hc_values_per_expert_standard_1_new.parquet,10.13712889210717,3.0,13.731173062997827,10.0,0.0030322230267921797,0.0,0.012003346405438278,0.008764593796840747,0.0342625371306765,0.031853555543446696,0.013358261403162684,0.025155587003274645,-0.029436346714405884,-0.007504638220422466,0.008904220253558796,0.04143969311984416,0.016269232017263213,0.025358316877117704,-0.02728972670986354,0.02326093270747728,-0.027237441499542017,0.0034303131778972975,0.003041441894946012,0.02533849029037439,-0.0033054124898222828,0.017127922828780083,0.05263007526395828,0.0066875937487037036,0.10810533390380875,-0.0021450630623694477,0.09021600180888864,0.0963414307844447,0.09930669610480097,0.021064238397621872,0.06498895393850808,-0.08666084455232964,-0.02837029546503505,-0.0343432375850722,0.0037809590275119462,-0.02359398699651243,0.025875026672224334,0.02132237959646387,-0.06558561384009996,0.017231975075844286,0.04557765991136864,0.04700422332210499,-0.03300204499464012,0.01860629779367784,-0.08664816208324619,-0.04064213479503202,-0.02569081317479441,-0.006662323865177498,-1.1598386609182267,-1.1720056303245472,0.06834015792078062,0.0,1198.9369370732015,28.09175660266622
Qwen,Qwen Small,structured-wikipedia,StudentT,hc_values_per_expert_hat_1_new.parquet,14.129842505430847,12.0,18.30172881969587,25.0,0.0030322230267921797,0.0,0.002148682466198203,0.008764593796840747,0.024901871326322714,0.02461203968266349,0.013358261403162684,0.015235867082114954,-0.03198861969102921,-0.007504638220422466,0.010777026358307289,0.03413730215722741,0.016269232017263213,0.014124844968015426,-0.03665300538757263,0.012921680158533493,-0.030446874521523556,-0.007762330285991802,-0.004576753787998504,0.02772345114017579,-0.00985391385595782,0.01885710847062192,0.043196178690070405,0.0066875937487037036,0.11207072922387284,-0.010588658403156133,0.09402731024636057,0.09559940351269608,0.10776082334131312,0.02693747754996596,0.0727000947989416,-0.09621260440566251,-0.03671403547007506,-0.052810069046298785,-0.0035821671956961865,-0.021897051423122246,0.025875026672224334,0.014874931946806537,-0.053059185661764076,0.00998943996420362,0.046523052290012634,0.05042067069916434,-0.020266847577606894,0.02087853226431052,-0.0861124316864156,-0.05212997957142379,-0.029467021798875375,-0.017486527796393408,-1.7015289863553154,-1.5279916042029889,0.059114584179853207,0.0,1198.9369370732015,28.09175660266622
Qwen,Qwen Small,structured-wikipedia,StudentT,hc_values_map_agg_standard_1_new.parquet,13.637400434467777,9.0,14.735517740767559,13.0,0.0030322230267921797,0.0,0.04148907654777342,0.029027243039715586,0.04917780216719476,-0.031247848837752147,0.052932734217353054,0.04398794240526878,0.09797547596695971,-0.03713573152405458,0.0016440311053692496,-0.056486399419186296,0.06616297456377017,0.047533771061825505,0.0105459146473386,0.045388625791143444,-0.04485633285659612,0.04256413537820801,0.07719875045885322,-0.00154426505689125,0.09748667566185601,0.0023228547430058023,0.10134111393509054,0.008230543411762244,0.050067172781198176,0.0678858415525237,0.04564716373733026,0.010708386470744194,0.03551348169026172,0.014034730472640181,0.03583048983292578,0.09845233264003753,0.002765940237680303,0.05556960341888422,-0.0030165184559120444,0.02284759463615916,0.03455863380390438,0.023699274490164284,-0.02660414230644784,0.013639424287047322,0.006964619825593406,0.014031487558503641,-0.025629002157169282,0.007384178622924855,0.014987299452229746,0.006364955503960669,0.00635671424989307,0.004464143768493986,-2.4388129093045885,-2.471656833642312,0.0009824094332681718,0.0,11.295295361746087,11.114573170439213
Qwen,Qwen Small,structured-wikipedia,StudentT,hc_values_map_agg_hat_1_new.parquet,19.271225561187546,25.0,20.439989138305577,26.0,0.0030322230267921797,0.0,0.04010086771681873,0.029027243039715586,0.0504810726904386,-0.0283741537583203,0.052932734217353054,0.04469324928159921,0.09211412685395551,-0.03713573152405458,0.002338168281237374,-0.05201325913713678,0.06616297456377017,0.04814290440920122,0.024611157767117017,0.04668115064666876,-0.03461104890276826,0.043263800516863564,0.08089189416303938,-0.0008622954456945862,0.0879718106007546,0.003029735714165875,0.09728200304549445,0.008230543411762244,0.051073979421107064,0.07669944884208543,0.0466318222968739,0.0299417221017236,0.03594837159068619,0.03209952503419576,0.03626803122064891,0.06466459039224533,0.0032454277631168687,0.03793277243446942,-0.002568482877264558,0.04473728356678674,0.03455863380390438,0.023699274490164284,0.014844516911488697,0.013639424287047322,0.02826653741310025,0.014031487558503643,0.008649077905568958,0.007384178622924857,0.00961553994724753,0.006364955503960669,0.004036673772986641,0.004464143768493986,-3.2711882860663044,-3.2142240883979687,0.000895720414235176,0.0,11.295295361746087,11.114573170439213
Qwen,Qwen Small,structured-wikipedia,StudentTSkewed,hc_values_per_expert_standard_1_new.parquet,9.298560825488776,2.0,13.383372556118754,9.0,0.01353186097031137,0.0,0.031064064218011576,-0.0020241593816441254,0.048546718274003246,0.0465225528698793,-0.0035423524291866167,0.042415679162668626,-0.025435997393371008,0.0023793242178556944,0.003046895675563966,0.05650006161138259,-0.004403483599499819,0.04549982259843928,0.015472779269760607,0.038635674896136105,0.026120871506582554,0.02708192752606838,-0.01681142856345229,0.011870060748704692,-0.02719374381911621,0.0023348801954260036,0.06328776367513347,0.003209656776704993,0.09916574241893902,0.04131034235662275,0.08534662537905811,0.10278505121548075,0.09164689321834388,0.07567938760113137,0.06873291476815999,-0.08437805980940218,-0.026862417222861076,-0.06795984965882859,-0.0075930023124548066,-0.005264609981407435,-0.004072698975301164,0.016260228739139723,-0.03754762322351742,0.008531390878847156,0.05672542379888523,0.03681905642580149,-0.035709747811887425,-0.015044374493486942,-0.08212408767158572,-0.032307078507751094,0.00795634980383741,0.029464519497102236,-1.189172920185347,-1.2539786520643896,0.08312981051782924,0.0,9.051412020275162e+295,28.518298543451582
Qwen,Qwen Small,structured-wikipedia,StudentTSkewed,hc_values_per_expert_hat_1_new.parquet,13.818609703113685,12.0,18.67636676321506,25.0,0.01353186097031137,0.0,0.012692655768758318,-0.0020241593816441254,0.039928836561075584,0.03523275779871414,-0.0035423524291866167,0.031978618868594114,-0.03331682694227546,0.0023793242178556944,0.006614291693375338,0.04600948271103378,-0.004403483599499819,0.033314544867700246,-0.0035323193944245186,0.030094503655689407,0.015547620558346293,0.01715977775613608,-0.02653065236041005,0.014801537906747634,-0.034789341741702715,0.006079570148380316,0.05183022584490303,0.003209656776704993,0.10559356061161346,0.030354900874469504,0.09257897714864545,0.10493342965098154,0.10099780089855928,0.08019280855030084,0.07957378471432072,-0.10060754165935543,-0.033780166165848134,-0.0871998560873711,-0.015840108024580562,-0.012232902577039673,-0.004072698975301164,0.0076378786902679355,-0.03927303032992204,-0.0021450060390448234,0.04815983096593601,0.04312490792816537,-0.030856200308482767,-0.008675301361374545,-0.0780074051389354,-0.05001272505724142,-0.00044807584859145354,0.009414685813518588,-1.8727283000455848,-1.7558108630839537,0.0683662095232396,0.0,9.051412020275162e+295,28.518298543451582
Qwen,Qwen Small,structured-wikipedia,StudentTSkewed,hc_values_map_agg_standard_1_new.parquet,11.848524619840695,8.0,12.694831643736423,8.0,0.01353186097031137,0.0,0.06527561956328296,0.02936141339387847,0.03797763726395645,-0.019439162785695546,0.05621371247629148,0.017797607551834658,0.11214810668347357,-0.04133814107119285,0.024120372636172886,-0.04687248712019061,0.07069955446507133,0.013857264627783562,0.01167771809720363,0.03897444441678782,-0.046571346126053,0.018094328081352886,0.08109760282127258,0.024817175218950972,0.11226316143779248,0.022036617628228793,0.11300237741017742,0.008136899347964095,0.08418756661020477,0.0649006273759741,0.07962105437545415,-0.00039792853427899656,0.05453403292181981,0.004504297225584582,0.05493786869980904,0.12850920902027746,0.012515818358370113,0.0667718494474206,0.006308539991990734,0.06804376445191926,0.0289845152111719,0.02074125226032874,-0.012996126412690667,0.02099959004339145,0.03094128603992548,0.02751583888837663,-0.02378057020144167,0.027657902685683126,0.030878314573139297,-0.014978039797073512,0.018218051722895787,-0.014987639966702753,-0.4620878921855341,-0.48649451854344256,0.04176471795923947,0.0,30.298134884543494,29.28562877351634
Qwen,Qwen Small,structured-wikipedia,StudentTSkewed,hc_values_map_agg_hat_1_new.parquet,12.784440622737147,8.0,14.264980086893555,11.0,0.01353186097031137,0.0,0.061927310397594526,0.02936141339387847,0.032763442306814244,-0.02369572619336309,0.05621371247629148,0.011261815041982853,0.11381878858131228,-0.04133814107119285,0.026590949414875616,-0.051891478183717754,0.07069955446507133,0.006172492891938629,0.004703153978245047,0.03482570692966947,-0.053713200694298226,0.011948962644472351,0.08218733616289974,0.028153162932529584,0.11335835897612853,0.0241439507018764,0.11129343637476025,0.008136899347964095,0.08515727037732922,0.06115772821148803,0.08121424573574301,0.001896234606758339,0.05459495567653297,0.007710102880362649,0.054941075596058965,0.12309269674363157,0.01352093577972366,0.05761815193362882,0.00811195256601508,0.0688265441390914,0.0289845152111719,0.015740922347234232,-0.02014478665809494,0.01917975296658735,0.03950002768600298,0.026000174238952147,-0.01926202799634881,0.02823239981268155,0.020170339674941702,-0.018269674322910337,0.004621402625015987,-0.01767625291149257,-0.5728241157123478,-0.5277626152048683,0.0386649950461475,0.0,30.298134884543494,29.28562877351634
Qwen,Qwen Small,structured-wikipedia,KDE,hc_values_per_expert_standard_1_new.parquet,14.10653511947864,14.0,16.551276249094858,23.0,0.0,0.0,0.043719703212270804,0.024497865015169366,0.03289822426486024,0.08557367077213682,0.06637144058699243,0.029559750801433173,-0.06419607423522064,-0.06200012042237612,0.0009113645459446907,0.10791577744749145,0.08649798543754549,0.03198685971891555,-0.014367697015323554,0.0011147486796749383,-0.022532975936432987,-0.0363811158582404,0.013061466790541081,0.05268477023695351,0.014604039892699398,0.034842289349856545,0.09981716323221454,0.006535884075001494,0.09222846309541446,0.046248697288507945,0.056998149216620136,0.17310745843215797,0.09119959879906857,0.07287778723971997,0.01784117037530304,-0.14976998161353305,-0.03403566429687525,-0.05764088523534469,0.037904441211796,-0.03416107339367149,-0.04027963068236581,-0.007127564930410892,-0.05049699863043112,-0.004076397388509068,0.04461002791854614,0.026584778225591826,-0.04091481384906194,-0.00788283466093143,-0.09661919518024256,-0.043460995175899304,0.0011324790087394064,0.006290603187334516,-1.5132163174369313,-1.7233797531822406,0.10635978520587029,0.0,30.0466934799561,15.937258025896066
Qwen,Qwen Small,structured-wikipedia,KDE,hc_values_per_expert_hat_1_new.parquet,18.0460716871832,24.0,20.20958544532947,25.0,0.0,0.0,0.039861517779167605,0.024497865015169366,0.022803389648315568,0.08104454438335648,0.06637144058699243,0.018395249997617165,-0.06280172437696083,-0.06200012042237612,0.003590581818291951,0.10266324215612843,0.08649798543754549,0.019212807830023618,-0.010366335569297539,-0.012927430445016782,-0.011428421451989731,-0.05437417005963768,0.002622872026888011,0.05977563708940972,0.0027087690911679874,0.039306292565903074,0.09806748557054273,0.006535884075001494,0.0981587313491934,0.046719665915389896,0.060860808322513504,0.17819638068514826,0.10348189913578218,0.08847351469149058,0.02409170786106367,-0.15947462719208333,-0.04596599391262987,-0.08071039038965976,0.03284233187101154,-0.025858639329867112,-0.04027963068236581,-0.023609592055312018,-0.031658302901314134,-0.022485482305310216,0.04581984791946013,0.02916255915226744,-0.02730130564748679,-0.010234983918281598,-0.08939140408525323,-0.06452557468327483,0.0029438837668962613,-0.010302027491522281,-2.1575555139995557,-2.233596084282768,0.0874291222243728,0.0,30.0466934799561,15.937258025896066
Qwen,Qwen Small,structured-wikipedia,KDE,hc_values_map_agg_standard_1_new.parquet,11.06050868935554,7.0,11.758101013758147,7.0,0.0,0.0,0.07088340954795541,0.014798127026329209,0.054480328554177074,-0.0027677949308783246,0.043166417647688166,0.04533645830310237,0.09586687061357309,-0.041795452362032304,0.0066175120721848855,-0.024983461065617676,0.056593579388361515,0.047862816481992185,0.016591247761754465,0.05334909398454313,-0.031055509511469917,0.04479134390140719,0.06542984150603083,0.005604430748963418,0.10218100961809196,0.0067048300128387415,0.11651202902501138,0.0058400003186442825,0.06789930776105066,0.06786910016082724,0.06411100589188644,0.011307617204344676,0.050264013701024735,0.014742672613658527,0.05033779441761401,0.11471445687665316,0.0005606994834843233,0.05441225918871607,-0.00426497286455573,0.05967953147558484,-0.014982463427185427,0.03864798949942762,-0.023038460119856833,0.031112310970436364,0.021257077404124775,0.03457887803585395,-0.03646441404486183,0.02951145974843019,0.035014085777549026,-0.005395846058609961,0.02464256931209794,-0.006796494647681933,-1.1621163839019677,-1.1872428446524306,0.006164745163999738,0.0,22.306417175829154,20.642889388524953
Qwen,Qwen Small,structured-wikipedia,KDE,hc_values_map_agg_hat_1_new.parquet,13.076439174511224,9.0,14.64043265749457,12.0,0.0,0.0,0.06601362473542394,0.014798127026329209,0.053832011903383846,-0.013151995184437736,0.043166417647688166,0.04403172843280623,0.10422193084265127,-0.041795452362032304,0.00762000417756414,-0.038208306107227336,0.056593579388361515,0.04621200772581971,0.010665631476118235,0.05335321322041983,-0.04345213597373516,0.04375261946698243,0.07531420665531897,0.007080308215774878,0.10577794682940753,0.007497656294049277,0.11399339709846124,0.0058400003186442825,0.0710452145133931,0.06478748945966789,0.06754321826999712,0.012127838486706982,0.05302744497598724,0.015749003237972025,0.05309592374124038,0.11061869330253818,-7.298264009076216e-05,0.04937988321093783,-0.004590027976095451,0.053874294791679926,-0.014982463427185427,0.042438147019678296,-0.03233809620835568,0.0358811579688369,0.03475202982519295,0.04059368822860639,-0.022306200899984703,0.036171826373341744,0.010618543088802002,-0.009463631497745201,-0.004166322601268694,-0.010706161734301708,-1.4737847987904888,-1.4175764557308428,0.005381293612356188,0.0,22.306417175829154,20.642889388524953
Qwen,Qwen Small,structured-wikipedia,JohnsonSU,hc_values_per_expert_standard_1_new.parquet,13.505114047791455,10.0,15.88549963794352,21.0,0.0017650253439536567,0.0,0.05312065536245772,0.004144378723583118,0.03670489056528577,0.09149373641452872,0.009315054382855134,0.03418582363462097,-0.06036522562708745,-0.007785448318401386,-0.0006868027896703528,0.11348588098954518,0.011929827041984503,0.03739169335495612,-0.009175923051488032,-0.009465134590167151,-0.010506328122156872,-0.05125791955400371,0.0028773812920249897,0.05984994331515092,0.017238984996830926,0.04101700996487658,0.10745651265903912,-0.0037421111925642074,0.08772530171471497,0.05392917354858634,0.03827688817272175,0.1724981504493993,0.08820009674556009,0.0907741812948405,-0.004324569065015373,-0.1401983112727314,-0.034579912569267734,-0.07603541388576925,0.049979392942367695,-0.023088757675723347,-0.015434535645234285,-0.010210754875980192,-0.04367999340827777,-0.01221274343959649,0.04986894904877348,0.022671690005091793,-0.02492838070403034,-0.02492964632601594,-0.09189674631568523,-0.041473425005793416,-0.013145535669087154,0.020602364791213777,-1.3539893256926467,-1.6082441585101244,0.11778995751574194,0.0,217.8358885933843,16.680079080336178
Qwen,Qwen Small,structured-wikipedia,JohnsonSU,hc_values_per_expert_hat_1_new.parquet,17.077570601013758,23.0,19.49375452570601,25.0,0.0017650253439536567,0.0,0.043880119930533715,0.004144378723583118,0.02450334664379146,0.08243648904437309,0.009315054382855134,0.02032552107245867,-0.05955522396789665,-0.007785448318401386,0.003068497072524107,0.10343534389843037,0.011929827041984503,0.021434849571267352,-0.009131044149376322,-0.022718843153153694,-0.0021480125642486894,-0.06440312824608528,-0.008826659043424305,0.06114911333633225,0.004042382594184113,0.04246855991485073,0.10319891835266368,-0.0037421111925642074,0.0963236475698861,0.05143190094974309,0.049342852390421965,0.1766616570647454,0.10414652857301157,0.10192507878779067,0.01636098089383582,-0.15133697751651426,-0.04905189747502893,-0.09572854487301341,0.031264073017934754,-0.01734446246367121,-0.015434535645234285,-0.027816613887714104,-0.025532598628407382,-0.03361686517129852,0.05185765007996575,0.02737150635730901,-0.004529320915938859,-0.018086831138348178,-0.08844921954151169,-0.06659925453940088,-0.02125905562952855,-0.011601931502029605,-1.9383592701330203,-2.0561760740842807,0.09398485097053641,0.0,217.8358885933843,16.680079080336178
Qwen,Qwen Small,structured-wikipedia,JohnsonSU,hc_values_map_agg_standard_1_new.parquet,9.82404055032585,6.0,11.082458363504706,6.0,0.0017650253439536567,0.0,0.05860769664154355,0.02952975815153105,0.05553764791490227,-0.014239472673210105,0.06201736959305934,0.04697932865376368,0.09615089669955407,-0.04932014358306901,0.005667831102372784,-0.03754320005801052,0.07884990173460006,0.049869816812529486,-0.005865493738874969,0.05230650920945302,-0.047053055303055084,0.045769902330765444,0.05906264261262427,0.0028841809904006917,0.10717036033804049,0.006303600803355969,0.09831893003256739,0.009559372398490164,0.06016996211669956,0.04373449098518144,0.055444361716268896,-0.013090860242152315,0.04189007235458841,-0.008485042415134644,0.042469457539885694,0.13115526057558194,0.004522386522136731,0.062646930558885,-0.0020251891503192737,0.07240544663519155,0.01622169625586718,0.034659317875075424,-0.020233036358217434,0.024329955772157123,0.015528512386347577,0.026297829705953416,-0.04938757423242066,0.019674948569968775,0.056320034887364354,0.001516607918192556,0.04498144370405169,-0.0007707257438776275,-1.2158861815969586,-1.2481318913316726,0.0039816996525529,0.0,24.491035944523823,23.075597887895583
Qwen,Qwen Small,structured-wikipedia,JohnsonSU,hc_values_map_agg_hat_1_new.parquet,12.733345401882694,8.0,14.887943519188994,13.0,0.0017650253439536567,0.0,0.05699248120293432,0.02952975815153105,0.05626953222067797,-0.02546255356678747,0.06201736959305934,0.04680796982583305,0.10991337765317337,-0.04932014358306901,0.006859419306588351,-0.05292089645023905,0.07884990173460006,0.04941011291408962,-0.004543103574768697,0.053230835714978275,-0.058756143242924136,0.045663808897892816,0.0773537814155887,0.004231239515118995,0.11415136028877604,0.007450975952790937,0.09873958159121106,0.009559372398490164,0.062449935639068366,0.04600765082435843,0.05769898783037763,-0.010859743828699068,0.04312621742653852,-0.005636438227233924,0.04371240182167333,0.1282448885735742,0.005226762179041876,0.06086937898727944,-0.001366842382665611,0.061398066153720524,0.01622169625586718,0.03813453356057944,-0.03183762246774685,0.028010716808658836,0.028666677045946262,0.03034142079613332,-0.03224345170961272,0.023843839813882287,0.026854512105346173,-0.00022864412645866913,0.009731823440138298,-0.002488200181590478,-1.5786334204359092,-1.5347297223254723,0.003422671051776927,0.0,24.491035944523823,23.075597887895583
