Big Model,Small Model,Dataset,Estimator,HC_File,Avg_Experts_At_Max_HC,Median_Experts_At_Max_HC,Avg_Experts_At_Max_HC_Pmin_rm,Median_Experts_At_Max_HC_Pmin_rm,Avg_Significant_Pvals_Per_Token,Median_Significant_Pvals_Per_Token,Pearson_Max_Per_Row_Big,Pearson_Inverse_Min_P_Big,Pearson_HC_Pmin_rm_Big,Pearson_Max_Per_Row_Small,Pearson_Inverse_Min_P_Small,Pearson_HC_Pmin_rm_Small,Pearson_Max_Per_Row_Diff,Pearson_Inverse_Min_P_Diff,Pearson_HC_Pmin_rm_Diff,Difference_Pearson_Max_Per_Row,Difference_Pearson_Inverse_Min_P,Difference_Pearson_HC_Pmin_rm,Partial_Pearson_Max_Per_Row_Big,Partial_Pearson_HC_Pmin_rm_Big,Partial_Pearson_Max_Per_Row_Small,Partial_Pearson_HC_Pmin_rm_Small,Partial_Pearson_Max_Per_Row_Diff,Partial_Pearson_HC_Pmin_rm_Diff,Partial_Pearson_Max_Per_Row_diff_p_min,Partial_Pearson_HC_Pmin_rm_diff_p_min,Pearson_Max_Per_Row_Big_Q50,Pearson_Inverse_Min_P_Big_Q50,Pearson_HC_Pmin_rm_Big_Q50,Partial_Pearson_Max_Per_Row_Big_Q50,Partial_Pearson_HC_Pmin_rm_Big_Q50,Pearson_Max_Per_Row_Small_Q50,Pearson_HC_Pmin_rm_Small_Q50,Partial_Pearson_Max_Per_Row_Small_Q50,Partial_Pearson_HC_Pmin_rm_Small_Q50,Pearson_Max_Per_Row_Diff_Q50,Pearson_HC_Pmin_rm_Diff_Q50,Partial_Pearson_Max_Per_Row_Diff_Q50,Partial_Pearson_HC_Pmin_rm_Diff_Q50,Pearson_Max_Per_Row_Big_Q75,Pearson_Inverse_Min_P_Big_Q75,Pearson_HC_Pmin_rm_Big_Q75,Partial_Pearson_Max_Per_Row_Big_Q75,Partial_Pearson_HC_Pmin_rm_Big_Q75,Pearson_Max_Per_Row_Small_Q75,Pearson_HC_Pmin_rm_Small_Q75,Partial_Pearson_Max_Per_Row_Small_Q75,Partial_Pearson_HC_Pmin_rm_Small_Q75,Pearson_Max_Per_Row_Diff_Q75,Pearson_HC_Pmin_rm_Diff_Q75,Partial_Pearson_Max_Per_Row_Diff_Q75,Partial_Pearson_HC_Pmin_rm_Diff_Q75,Pearson_Max_Per_Row_Big_Q85,Pearson_Inverse_Min_P_Big_Q85,Pearson_HC_Pmin_rm_Big_Q85,Partial_Pearson_Max_Per_Row_Big_Q85,Partial_Pearson_HC_Pmin_rm_Big_Q85,Pearson_Max_Per_Row_Small_Q85,Pearson_HC_Pmin_rm_Small_Q85,Partial_Pearson_Max_Per_Row_Small_Q85,Partial_Pearson_HC_Pmin_rm_Small_Q85,Pearson_Max_Per_Row_Diff_Q85,Pearson_HC_Pmin_rm_Diff_Q85,Partial_Pearson_Max_Per_Row_Diff_Q85,Partial_Pearson_HC_Pmin_rm_Diff_Q85,Pearson_Max_Per_Row_Big_Q90,Pearson_Inverse_Min_P_Big_Q90,Pearson_HC_Pmin_rm_Big_Q90,Partial_Pearson_Max_Per_Row_Big_Q90,Partial_Pearson_HC_Pmin_rm_Big_Q90,Pearson_Max_Per_Row_Small_Q90,Pearson_HC_Pmin_rm_Small_Q90,Partial_Pearson_Max_Per_Row_Small_Q90,Partial_Pearson_HC_Pmin_rm_Small_Q90,Pearson_Max_Per_Row_Diff_Q90,Pearson_HC_Pmin_rm_Diff_Q90,Partial_Pearson_Max_Per_Row_Diff_Q90,Partial_Pearson_HC_Pmin_rm_Diff_Q90,Pearson_Max_Per_Row_Big_Q95,Pearson_Inverse_Min_P_Big_Q95,Pearson_HC_Pmin_rm_Big_Q95,Partial_Pearson_Max_Per_Row_Big_Q95,Partial_Pearson_HC_Pmin_rm_Big_Q95,Pearson_Max_Per_Row_Small_Q95,Pearson_HC_Pmin_rm_Small_Q95,Partial_Pearson_Max_Per_Row_Small_Q95,Partial_Pearson_HC_Pmin_rm_Small_Q95,Pearson_Max_Per_Row_Diff_Q95,Pearson_HC_Pmin_rm_Diff_Q95,Partial_Pearson_Max_Per_Row_Diff_Q95,Partial_Pearson_HC_Pmin_rm_Diff_Q95,Avg_HC_Max_Per_Row,Median_HC_Max_Per_Row,Avg_HC_Pmin_rm_Max_Per_Row,Median_HC_Pmin_rm_Max_Per_Row,Avg_Inverse_Min_P,Median_Inverse_Min_P
ernie,ernie Small,lambada,GMM,hc_values_per_expert_standard_1_new.parquet,3.737807682067914,3.0,4.803519132560448,3.0,0.47338867778396304,0.0,0.10068414599279644,0.0914437550986674,0.0998065137603178,0.08211772867617304,0.08259715719224599,0.08958759780974968,-0.0418704183883304,-0.023418428776602346,-0.026586696437048925,0.14255456438112685,0.11486218387526974,0.1263932101973667,0.07404943056706352,0.074036248184342,0.057246558505020174,0.06589383317044009,-0.0362305406851759,-0.02051706634523798,-0.03698583540818102,-0.021528292161682006,0.05709142508275264,0.07067682175253373,0.06121612322518692,0.032915795500854834,0.03695686639641307,0.05014074617286703,0.0646278481240904,0.026152891597719587,0.041128275453971706,0.0024014863678508687,0.025827396760587335,-0.004489451048413704,0.020057567501994365,0.05770104413547772,0.03986985444381548,0.053081005282282025,0.04181176176543735,0.03622976090347138,0.05984726435419573,0.06234932255383899,0.04282371531159218,0.04483800025270865,0.018255112564371116,0.03171567834831846,0.012084773370112519,0.026265933018279605,0.0591224621201142,0.01992512013860306,0.05499538808291924,0.05081578344629795,0.046033414872390474,0.06903220518486453,0.07153581982788743,0.058753323146229046,0.061098630700037695,0.03292788345963771,0.04508462981229461,0.027120044620309564,0.04010470917877022,0.059089573495733586,0.014840475584628796,0.052357434892724805,0.053183825523933304,0.04568665874396543,0.0783921756769051,0.07334546722883607,0.07487002731903894,0.06958603976672999,0.04962723222330766,0.051401282372079825,0.052902278648497836,0.055519568681323836,0.07978917033474098,-0.008189959600891358,0.06973250742031308,0.08663314009711155,0.07678806774275532,0.09502268036718434,0.09073561967117755,0.1065679727556294,0.10372010405929528,0.04432729413013228,0.052726382166089825,0.054305457294974706,0.0649823595756731,1.4177657015043454,1.017470795457344,0.8554960770915018,0.3183547250468457,3.6546699905607857e+298,438.41586460064536
ernie,ernie Small,lambada,GMM,hc_values_per_expert_hat_1_new.parquet,3.900283176416487,3.0,5.205508628409613,3.0,0.47338867778396304,0.0,0.08600260680760155,0.0914437550986674,0.10901558112957499,0.05779511135159217,0.08259715719224599,0.09267806193022914,-0.058270482085144217,-0.023418428776602346,-0.03847280418845067,0.14427308889274576,0.11486218387526974,0.14748838531802566,0.06198014231240842,0.08513266690109803,0.03502935622719396,0.07050388435628327,-0.053705190133520576,-0.033146094491115025,-0.054204911979626354,-0.03402981045896937,0.04098974198348941,0.07067682175253373,0.05898414350555113,0.020180168424597526,0.03661862697282795,0.021707097916713484,0.05526620615362118,0.0006331817938167519,0.03324552494859964,-0.028864239165013513,0.009893002300677384,-0.03560786214049595,0.003860237448507959,0.050926556076152284,0.03986985444381548,0.05775700284482163,0.037481989554239155,0.04224571606095189,0.042682938505104295,0.0610576203918394,0.027871004586225753,0.04451594860885955,-0.004628577082841284,0.020630268587291004,-0.010654267883219739,0.01475929139294808,0.05319527560508831,0.01992512013860306,0.057548839280316996,0.04576229555095152,0.04917081624095967,0.05213578930324189,0.06749173480122095,0.04254256701530557,0.05715845788869247,0.009933564425070759,0.03263760329361614,0.003966879656634099,0.026847953646492236,0.05916179780334413,0.014840475584628796,0.06236734456866294,0.0537778388155174,0.05675275009895639,0.0701407432396377,0.07589216477455725,0.0658519888459208,0.07214143022483495,0.03372626027095155,0.03928435815986732,0.03465532572909819,0.04163176835138418,0.08071360390742185,-0.008189959600891358,0.07761818101060003,0.08461283444746917,0.0843776277460484,0.08372981451132328,0.0888765665489589,0.09025147164052098,0.10000718745513842,0.022298710221839324,0.03664501358765078,0.02788059556539482,0.046004580339283445,0.8541703250006187,1.0072521879999192,0.5731433546675241,0.30527715683415935,3.6546699905607857e+298,438.41586460064536
ernie,ernie Small,lambada,GLM,hc_values_per_expert_standard_1_new.parquet,4.802163758259312,3.0,6.123895732991262,4.0,0.01812813127768231,0.0,0.1318066252844724,0.010465040046582483,0.14708312542198848,0.11036940272141382,0.00644237241624206,0.1569433424491951,-0.04958544715753775,-0.008166365722536916,0.006236872522793078,0.18139207244201017,0.018631405769119397,0.1408462528991954,0.07866310546352862,0.10186710694065973,0.059264482014280646,0.12005950077889013,-0.0412497033561848,0.02511984477680578,-0.04551809712513735,0.010812804375914049,0.09584435132158127,0.06849373522900477,0.12783871728472243,-0.04522434889353487,0.05108373621312571,0.08394742007958059,0.14860115837302423,-0.07559545135373257,0.09156457846549058,0.0035431453053564876,0.08312323239387923,-0.07819176625163038,0.10145252543477459,0.09416877676011563,0.043216995404134505,0.09512364181218544,-0.002722100334035724,0.01622690017132319,0.09421268454562051,0.1196744676638828,-0.02094346566667388,0.053657783604922044,0.022716515792987415,0.07308314275068645,-0.03773559079799488,0.08004683916849564,0.09036166657745759,0.033670920573095925,0.07373694569986292,0.024156141901482266,-0.0050496243812068005,0.10083342000433619,0.10316418402607735,0.017171993524894718,0.03127657344742051,0.04109915847282052,0.07476121734059438,-0.008347263698003038,0.07029786134845065,0.07895518127976006,0.017561772657859548,0.05440872142518717,0.033050379580870246,-0.019486345220482412,0.09655605241216195,0.08939591065725397,0.03528072419785178,0.021370754079351253,0.05064848428701078,0.07861196250999489,0.01126389317174718,0.0737722554507368,0.09300628281951873,0.005160427412143343,0.06626842927992858,0.05571780199233656,-0.010913428336827692,0.10057724705769236,0.09537663028941798,0.06413248482913765,0.043814742565874094,0.03314359637595166,0.06674655823978942,0.026784526245747217,0.09695782609316174,0.17653895213469298,0.03254534581658752,0.22977362316512134,0.0,4.840622504054021e+295,45.20041454193728
ernie,ernie Small,lambada,GLM,hc_values_per_expert_hat_1_new.parquet,5.318682382554396,3.0,6.991553113730426,6.0,0.01812813127768231,0.0,0.10175205128692026,0.010465040046582483,0.15021114078984205,0.06456165932214854,0.00644237241624206,0.15653527834251502,-0.07589866744835355,-0.008166365722536916,-0.00045733904492446516,0.17765071873527383,0.018631405769119397,0.1506684798347665,0.04664203223194453,0.1049536610222725,0.008569459176394637,0.1191908040243525,-0.07263705985534587,0.017709635282718336,-0.0727701035015391,0.004181437096952405,0.06298086463593937,0.06849373522900477,0.1221091330490283,-0.07215676246899799,0.0392022502092852,0.034693477314622155,0.14095699168278308,-0.12355777479834813,0.07748313190352477,-0.041481144626581576,0.07729171083586137,-0.13101529492990607,0.0931986720207214,0.0774483696548961,0.043216995404134505,0.09419798641063071,-0.017261638587193307,0.012247710702251486,0.06120726015035359,0.11634204844469767,-0.05961293050727842,0.046342013788319626,-0.014617544179335239,0.06793687827968684,-0.09030804280748793,0.07230914786717106,0.08484081316110728,0.033670920573095925,0.07340141604029651,0.01929321129716832,-0.008326663681434253,0.08060327917132037,0.09910994504241111,-0.011805362309807305,0.021371914895576504,0.010813414830434314,0.06734423498539052,-0.056844353991141544,0.056536331359693506,0.08096770782192675,0.017561772657859548,0.05687988521808459,0.03710360755640701,-0.01713870932577535,0.08253287771380789,0.0861457612810373,0.009832252244784151,0.012657374632892087,0.020418098464301614,0.06820347711223579,-0.04412986619438973,0.05317921980089831,0.09817806407056356,0.005160427412143343,0.06985892494338598,0.058704925369760595,-0.005711172130590116,0.08851765055322316,0.09083020066616575,0.030222623784714325,0.03313331625802753,0.002880003280873256,0.05269480998616124,-0.03948751047230609,0.06923896142902351,-0.04610101018703405,0.032391969492579796,0.1665010765789911,0.0,4.840622504054021e+295,45.20041454193728
ernie,ernie Small,lambada,StudentT,hc_values_per_expert_standard_1_new.parquet,5.579253091947624,4.0,6.67824382215553,5.0,0.10867197521601278,0.0,0.1494799274521348,0.01488972053931,0.14844227733992527,0.13966886555006777,0.011299243396727335,0.14997341905989842,-0.029806152215121152,-0.007731665661700278,-0.009051681209633526,0.17928607966725593,0.022621386201010278,0.1574939585495588,0.00697430924509374,0.0293872572157786,-0.0008657385219224865,0.039342622221891325,-0.014628415070040517,0.015649806451788487,-0.008359535459767855,0.009695099045765224,0.10364663325342532,0.024225605624057067,0.11101033559997062,-0.011103902560693114,0.018753508580523673,0.10676312831539825,0.1306011548236113,-0.015323707322116482,0.04286078835513265,0.038036130704510555,0.07552301130612489,-0.012281566046953536,0.05680912977160134,0.08645176531288473,0.008773964385838648,0.07942805663115653,0.008223949285555877,0.003899506055299475,0.09642612597575068,0.10160423335210436,0.006459562357539536,0.02524159248502969,0.041178389289654116,0.0644536902037582,-0.0016446086321865274,0.044389249916029265,0.08044116865482474,0.010611830295416918,0.07044718844211426,0.029030534297026928,0.012488759493111186,0.09886778792833827,0.09826579242613862,0.031987493884173185,0.034201899103894505,0.05456033605651381,0.07084193041212783,0.012279200139063749,0.045514584586815704,0.07883481701681933,-0.009548038740785818,0.061910532059776854,0.052869456552855305,0.01733771429293814,0.10366212915694044,0.09531012569769251,0.06650810685522625,0.04740500462705409,0.06444099753017912,0.07719063405843865,0.03724599172813645,0.06105830682924494,0.09010511423151682,-0.013247380058256588,0.07753818283560826,0.08380417497431943,0.05202587315249816,0.10840975000350381,0.105736424216621,0.10195991052627952,0.08886515849061948,0.052061962519714775,0.06743900393125359,0.05027546744463612,0.07762291934272422,0.7205331581774597,0.5415907365802131,0.44188073114064674,0.0,231704860489.2087,52.236243361367094
ernie,ernie Small,lambada,StudentT,hc_values_per_expert_hat_1_new.parquet,5.763487184451921,4.0,7.0729239780235735,6.0,0.10867197521601278,0.0,0.11677614852373194,0.01488972053931,0.15170843412757315,0.09156656184795867,0.011299243396727335,0.14665948411820634,-0.05526167103996714,-0.007731665661700278,-0.02130476634927999,0.17203781956369907,0.022621386201010278,0.17301320047685315,-0.020016257056268656,0.042592916522973256,-0.05095618643970028,0.0420928045173182,-0.054092881411262284,-0.004157327286584817,-0.04069197435082023,-0.005525946646143897,0.06550561011748192,0.024225605624057067,0.10063692499249982,-0.047319143051733674,0.010665270755793684,0.05141111756144048,0.11500813452988916,-0.07627821364695225,0.025433382470127937,-0.010341386017013248,0.061212710161171385,-0.0756518462058633,0.03455524706920766,0.06233485059502987,0.008773964385838648,0.0708978267600359,-0.016407029459219655,-0.004117106035710731,0.056378648227987854,0.08785460880110416,-0.04101892104012384,0.007726615279224798,0.0027922672209274835,0.051726025406400714,-0.05401229167444919,0.023145302510533122,0.06314660998934993,0.010611830295416918,0.061786061380870935,0.006297818575134025,0.0013029605767197968,0.06686032464978714,0.08325862221834616,-0.012083592892842918,0.011424322630103689,0.021605936378399502,0.056356257039388735,-0.03477704990481116,0.02021078720052963,0.07143593566517795,-0.009548038740785818,0.058878649724571644,0.03694194763614558,0.013994839365769271,0.08051969979968243,0.08442049264425001,0.02465105513976817,0.0285951322226188,0.03274382514260058,0.06151252941343811,-0.015616745417454872,0.030832287725907216,0.0833065655426149,-0.013247380058256588,0.072067653893007,0.05946182561010383,0.04052163445373386,0.08520837777553206,0.09234464304951617,0.04699303820469032,0.06023254342338306,0.020811930474965358,0.051892104445936296,-0.01034526646540139,0.044153736444642204,0.4796394053029578,0.49105512105713045,0.3228994417984985,0.0,231704860489.2087,52.236243361367094
ernie,ernie Small,lambada,StudentTSkewed,hc_values_per_expert_standard_1_new.parquet,4.801897524021589,3.0,6.34496696275141,4.0,0.11147953626836411,0.0,0.13373678572356842,0.022759289113972198,0.1585938019868559,0.12167962237990501,0.019268804047579417,0.16634647153587734,-0.03264383763911294,-0.008177234897563978,0.001477484238149601,0.16638062336268136,0.030936524011536175,0.1571163177487063,-0.04348898865764441,0.030289741717419993,-0.05542017173937701,0.05281509960831196,-0.018122981474422633,0.03816505903250053,-0.006651173419134682,0.027764209261245395,0.08933738317187545,0.029145046321933217,0.1255704610507684,-0.054426958224204416,0.03427021521786348,0.09073979014029795,0.15021333820044863,-0.06451188981311383,0.06857195504013062,0.030037276042460495,0.09074172716688875,-0.0376681100344372,0.0830737892498042,0.07973832631506136,0.009216376530450297,0.09156298203602341,-0.023402322892756514,0.011785405268319997,0.09125929591769655,0.1193970467083762,-0.02764296549117212,0.04142076801580135,0.04272940938376526,0.07894457048934168,-0.014158039024791428,0.0631021533953368,0.07718630632908591,0.00898132503088102,0.07924350135709024,0.005674623420036797,0.015051101129103345,0.0982593717913481,0.11095608826604855,0.007331962817613363,0.03991527952461658,0.05904892593680908,0.08051753159161965,0.004517356155335857,0.05224505766336407,0.07112599881323739,-0.009806413899158263,0.06686910134234786,0.023537988808358765,0.01568992029509691,0.09804326397252981,0.1045813077588272,0.036620889709470826,0.05160065990531056,0.06677838460081649,0.08650436290648268,0.02993598825015539,0.07182384437470743,0.0920671353961636,-0.013544236902076876,0.08226947961238225,0.07543158315982468,0.04886754246062802,0.11325261713484028,0.11381755459270945,0.09928916309394432,0.09351371443839153,0.05771041224256503,0.07451730432365099,0.0588412673122646,0.09107739681926366,0.5839439028590414,0.41509995719501497,0.38040255478197366,0.0,1442197638.1121411,62.56902489826327
ernie,ernie Small,lambada,StudentTSkewed,hc_values_per_expert_hat_1_new.parquet,5.121693249751918,3.0,6.9621221289057775,6.0,0.11147953626836411,0.0,0.09097194997991,0.022759289113972198,0.16533621734910658,0.06248708978000908,0.019268804047579417,0.1686784434296913,-0.05917243071728899,-0.008177234897563978,-0.007098641595837028,0.150144380697199,0.030936524011536175,0.17243485894494362,-0.07426469456256404,0.04385803294447376,-0.11094445216978323,0.05850715969009057,-0.06024572411299884,0.022978515686072145,-0.04286820114330413,0.01708107512287378,0.04374951214155312,0.029145046321933217,0.1200419379590586,-0.09060629911007125,0.027249454806682918,0.02751903439741113,0.1413212881822995,-0.1252174661225365,0.054475171810579585,-0.0214967986347921,0.08187001378625339,-0.10055356180797576,0.06595125865966006,0.05103700937245216,0.009216376530450297,0.08660876950100413,-0.045521456409627,0.00496884521653724,0.046935280583076,0.11041712306772693,-0.07153188405541754,0.026125410443506327,0.003871597505344833,0.06951822775478235,-0.06369129375488468,0.04423485766805239,0.057288810533272144,0.00898132503088102,0.07505597554895149,-0.014023282337092676,0.008596588008450458,0.06412672014179785,0.1004488897667023,-0.03247880705908292,0.020571123676972895,0.026449244673100093,0.06709520021368116,-0.03941082826547267,0.02545975497987237,0.06045569148480432,-0.009806413899158263,0.06680249289378609,0.010808599512572745,0.01660257951368866,0.07155703723906044,0.09713825543245747,-0.002310586371813328,0.03645507215294557,0.03423877516149549,0.07238477516578495,-0.022740909905558507,0.04138321978592531,0.08508645649371026,-0.013544236902076876,0.08063120530894535,0.05201055871456629,0.04504433061943802,0.09135810196690197,0.10511389154055317,0.045172805754505815,0.07363817718611816,0.029130651343528876,0.0613253353329541,-0.0016776704327306456,0.061166329923211214,0.3139749399900725,0.3949998104991253,0.26253709537528014,0.0,1442197638.1121411,62.56902489826327
ernie,ernie Small,lambada,KDE,hc_values_per_expert_standard_1_new.parquet,6.1558922477430595,4.0,7.421715032553187,7.0,0.001791030326499988,0.0,0.06652114951698705,-0.010994842728990855,-0.010439643609516934,0.03849869471674299,-0.012887260078339693,-0.017418243119313562,-0.05637906757257176,-0.0025718841651344994,-0.0118859783673774,0.12290021708955881,-0.008422958563856355,0.0014463347578604659,-0.09184706764594608,-0.08152395032181416,-0.1083803585969916,-0.07692295381031042,-0.0231763530467491,0.01441248516162661,-0.0360003267549818,-0.001768673723220806,0.018172383914128072,-0.028390693833804034,-0.020413762359198492,-0.08083636377529665,-0.05851291077977553,0.007278345096592025,-0.008539571309638602,-0.09258795827308598,-0.04173626164297546,-0.017816035872471284,0.019235462616976805,-0.04958363557106672,0.018126642660180253,0.022172452134877917,-0.025059033220295644,-0.035710840677934064,-0.07749792310514868,-0.07922257710023561,0.019835816348129556,-0.024910463212431753,-0.08703588268175709,-0.06803060535382797,0.0005471737734987774,0.013515296658934767,-0.038035201313799595,0.003875041742781745,0.029083174055941276,-0.018034534422224927,-0.0263000708529007,-0.05877212359095732,-0.0673055995816043,0.03361659173268575,-0.015221700509310317,-0.07471828088221359,-0.06219284918000101,0.015523878696439676,0.015924614092897894,-0.04458162193711322,-0.005005473979382989,0.03810275587123239,-0.004401385846509594,-0.026332346726304634,-0.03788503784370321,-0.07040976667764705,0.04411241361473037,-0.019388907378158276,-0.058895366611732766,-0.07301397434023116,0.019691830242393776,0.007610238323277869,-0.04815963127606414,-0.019954978244445427,0.05449891625202682,-0.0010381670535875827,-0.007505414018953644,-0.011705397662199258,-0.052655725082922225,0.05087744582973513,-0.009256554790183932,-0.03266381406921144,-0.0585011900359416,0.004765368813815431,-0.0047484081314026405,-0.04046045070243204,-0.02151989177003304,-0.3751874058605718,-0.4450438186719661,0.07801856879051307,0.0,73.00173696406408,22.85371689698111
ernie,ernie Small,lambada,KDE,hc_values_per_expert_hat_1_new.parquet,6.841905269017595,6.0,8.520415325410848,10.0,0.001791030326499988,0.0,0.06435387518074523,-0.010994842728990855,-0.006000695342773624,0.03327302486559622,-0.012887260078339693,-0.01353465883602825,-0.06178023648638724,-0.0025718841651344994,-0.01325228023122293,0.12613411166713245,-0.008422958563856355,0.007251584888449306,-0.0784855776923817,-0.07903569437356975,-0.10038305824841791,-0.07469667409374632,-0.033905351637854464,0.013751998154667591,-0.043564890063457325,-0.00295185581981869,0.015120712800754058,-0.028390693833804034,-0.02101946942805102,-0.07360842129468029,-0.06021819878458449,8.618504652019212e-05,-0.008686525185256522,-0.0921594198311864,-0.04275793304616504,-0.027601046795679308,0.02003398563347663,-0.06192214319244852,0.019070861682479713,0.023971480044308685,-0.025059033220295644,-0.03788162879220088,-0.06053267402011363,-0.0827426330469327,0.017972373614138875,-0.02638776974711746,-0.07585538866304825,-0.07070429060031819,-0.00651338241111526,0.014412455221542792,-0.04578221375256613,0.004759927009553588,0.03163917514307655,-0.018034534422224927,-0.028167095246574445,-0.04278184010946346,-0.07019714052825245,0.03216963231010633,-0.016786022912501256,-0.06385780542629209,-0.06480273450149937,0.008199401322945835,0.01610012867811724,-0.0511055841750342,-0.005098361164297766,0.04523628488497556,-0.004401385846509594,-0.029005544717036882,-0.014163889023515711,-0.07426690637521659,0.0474953389536165,-0.0210891982613748,-0.038609919627782756,-0.07582428663756405,0.014055134377717755,0.008895330727796764,-0.04966794302819017,-0.018778083060175327,0.057967694099607885,-0.0010381670535875827,-0.011117410287210874,0.0017021605006973643,-0.05771280232746742,0.049168965464735384,-0.011519807677160966,-0.026712578409378022,-0.06199183716950278,-0.003928613323307471,-0.003047661755730527,-0.05121357484519714,-0.019725140198143955,-0.5264597601120761,-0.48860181110769146,0.06624221265326452,0.0,73.00173696406408,22.85371689698111
ernie,ernie Small,lambada,JohnsonSU,hc_values_per_expert_standard_1_new.parquet,5.48655517099499,3.0,6.8455115327831155,5.0,0.011617494009729652,0.0,0.10195739825006052,0.009111590482501871,0.09352584446399828,0.07708464427711761,0.007624361279363564,0.09258275858559131,-0.0534655845969674,-0.003437438007360333,-0.009180015199074583,0.15542298284702794,0.012549028489862203,0.10270585966307286,-0.09021275358761284,-0.025704653377531334,-0.11530897019357493,-0.011803340764295516,-0.03857394718295188,0.027010055102795874,-0.03721890349101842,0.011387583206639209,0.05668690310202567,0.017620152850947264,0.07294782841698644,-0.07248132444942637,0.0036646545278510414,0.04794837401274451,0.08885033314711682,-0.09413203339010197,0.02591931842022113,-0.0015472984971894024,0.05611054820811776,-0.06796247983019546,0.048524080161176056,0.0532101650601454,0.015761520606177453,0.04108780138178039,-0.04289484702981419,-0.026191266996249622,0.0530032333775924,0.05730110180261912,-0.06141056531011423,-0.010727821645782124,0.012361884512339442,0.0430422881836166,-0.04798873091348465,0.025296268130624126,0.05291774029771097,0.023462404667033386,0.03623417170962799,-0.019491346995127903,-0.02243102927158744,0.05879127895214593,0.05168037733275012,-0.04131379830544605,-0.017067170213969994,0.023557366109824344,0.038683425974391145,-0.0473386072520105,0.00555087596072581,0.05657140040780255,0.03302740960700638,0.022552056801394507,0.008826985404772104,-0.03593009330995672,0.06518568834201229,0.034928218175395605,-0.01223404791666988,-0.038619157243002335,0.028647073637002397,0.0285191846891456,-0.03832354006050535,-0.012778829189061825,0.07143539362290707,0.005594864301831842,0.03777832576229381,0.055485800463543164,-0.009053584699796651,0.06809652104539657,0.03929517887835456,0.029933809923444816,-0.014946178863547288,0.008807255156071815,0.01062816596502383,-0.0348942321415486,-0.012577569475914332,-0.21766110475363548,-0.34915485140604746,0.11856101817091966,0.0,28491.197624136177,25.45340784614552
ernie,ernie Small,lambada,JohnsonSU,hc_values_per_expert_hat_1_new.parquet,6.1643149309001135,4.0,8.04300893094852,9.0,0.011617494009729652,0.0,0.07801434659222453,0.009111590482501871,0.09643628173376688,0.04698749037542409,0.007624361279363564,0.09405999895534777,-0.06277161917015908,-0.003437438007360333,-0.012024268345122258,0.1407859657623836,0.012549028489862203,0.10846055007888913,-0.08830557987639856,-0.024186441022124756,-0.12035707088731712,-0.011931696967898149,-0.05127112536677356,0.023924621894823875,-0.05034243526492722,0.008485895617476692,0.03391960217454232,0.017620152850947264,0.06988757489414432,-0.08097540246771899,-0.0020458752932117274,0.017782313871460242,0.08595831783828242,-0.11026694027420263,0.020747946435603883,-0.024272142960322235,0.05554449941416435,-0.08680175226052271,0.0479530985251375,0.04229703902681117,0.015761520606177453,0.03747469565702595,-0.04029761838244486,-0.03408554082372872,0.034929193898890196,0.05383131031408767,-0.06581124337749945,-0.018195553932855782,-0.0049103714960638195,0.042467336047917,-0.061642535709867906,0.024284592830588505,0.045678285328124416,0.023462404667033386,0.030505306239564642,-0.01804981035520457,-0.033318830426261,0.04467211750874099,0.046284312268162646,-0.04441981687458577,-0.027600613166084413,0.008339561017999963,0.038045366199658384,-0.05597332397359455,0.0038151456450189365,0.05671370968776525,0.03302740960700638,0.01573871016992726,0.015100838699016,-0.049625646670405914,0.05985859610594071,0.03087723407121127,-0.007515228764609733,-0.048263390080229195,0.018219098143920802,0.03233507048465731,-0.039956768188923915,-0.007959943440507471,0.06833273997738576,0.005594864301831842,0.026366517099231487,0.04130914906298795,-0.03021391370373392,0.06006647167786364,0.032049093434166426,0.01453766206809685,-0.029468930616481395,-0.0008011081434817977,0.01582779821527204,-0.040048287551997484,-0.00491218484424298,-0.4013905788297609,-0.3793846923670891,0.09170704097405766,0.0,28491.197624136177,25.45340784614552
ernie,ernie Small,hellaswag,GMM,hc_values_per_expert_standard_1_new.parquet,4.0635347682119205,3.0,5.296564569536423,3.0,0.42823882450331124,0.0,0.004571886026604839,0.025141634230521966,-0.010298752780004286,-0.01961726565166939,0.03525416199526666,-0.01900439312500117,-0.04291735084667522,0.011470166703400009,-0.012588488068738512,0.047489236873280063,0.013671467527121957,0.002289735288734225,-0.009288173376895402,-0.024841560612435518,-0.038757237662198005,-0.03800199279317185,-0.04864527186162297,-0.016755855020360953,-0.04739108736561444,-0.015797854231193325,-0.03937829229850078,0.04706983603195811,-0.03450621654569885,-0.06413564592502236,-0.05971336664181754,-0.06911566995958382,-0.04607061264389497,-0.09860032886615673,-0.0750026102290205,-0.08218868956969679,-0.03819594464958638,-0.1010056358714705,-0.05490866347360594,0.03375849192250799,0.031157425009898106,0.024514709268944508,0.013485116744409227,0.0017690814435917615,0.027295476572281843,0.03414106320633856,0.0015193514572528237,0.007369172639392323,-0.00756297938234377,0.02638511090082976,-0.023895244931904536,0.012805064203860187,0.07022052381561111,0.04740715203293086,0.04808710733904241,0.046842056091192845,0.020628601114043466,0.08344534318456015,0.07329734425188403,0.0551424434139673,0.04222876981569435,0.03895715724459044,0.060790320477652864,0.024743097079491534,0.0487045647266576,0.0778541536000521,0.042637946205803794,0.05311507321170989,0.05674176508457172,0.027356055656632364,0.10331494760525436,0.08766028040794471,0.08699948482064701,0.0686685814322995,0.06298789290379736,0.078262354440778,0.06985319923642229,0.0885016511977742,0.0784919628209841,0.013758974727467723,0.05431726497071832,0.07417531819305286,0.04685046253604253,0.11003584903228156,0.08829865369947573,0.113660129619654,0.0895917532998944,0.06903893481503104,0.07217912482158372,0.08468728765360042,0.08923344719503255,1.244264041480296,1.0078796398820598,0.7778505580926693,0.23499871617752657,4.1028559602649007e+298,217.0002867938361
ernie,ernie Small,hellaswag,GMM,hc_values_per_expert_hat_1_new.parquet,4.26184809602649,3.0,5.7510347682119205,4.0,0.42823882450331124,0.0,0.01510792530260637,0.025141634230521966,-0.019444767764423124,-0.022758581270340125,0.03525416199526666,-0.04330256320696149,-0.06908635976943216,0.011470166703400009,-0.03659892292483772,0.08419428507203852,0.013671467527121957,0.017154155160414596,0.004043859114656281,-0.03297805600074946,-0.0384894743526937,-0.06149828152014975,-0.07440030124689002,-0.04131943893120666,-0.07337525684299102,-0.040152636762790614,-0.043948925378179224,0.04706983603195811,-0.06515493456915064,-0.0637478153607389,-0.08913899896813166,-0.0886161561029824,-0.09278344290487615,-0.11259844979808341,-0.12090971012197296,-0.11851504442017996,-0.08563988430287808,-0.13439162440916003,-0.10280867793454494,0.03321992777123719,0.031157425009898106,0.006855160751711994,0.017158368587634847,-0.016360895630075842,0.010415987727472875,0.0024776249176889755,-0.010761611881136038,-0.026062423615133393,-0.04404860447397781,-0.008359090782223421,-0.05862694059050694,-0.02485213427122156,0.07714149463250543,0.04740715203293086,0.03573382297450376,0.05833288015465454,0.007339415638925185,0.07602465215600498,0.05075590752293576,0.05216499637177798,0.017473267583228546,0.009758736881836854,0.03733539000712845,-0.003960525312923809,0.022487838676528732,0.08751731375863431,0.042637946205803794,0.03912868321989161,0.07033198240062152,0.01129234918815831,0.10032965921971862,0.06547434229801977,0.08522683584956095,0.04308362357238011,0.0383235692313636,0.05949716535276144,0.04020089968536286,0.06676647297172872,0.08509827236784492,0.013758974727467723,0.04500747222478792,0.0807818094763924,0.03607379875002524,0.11101042393085628,0.07309260866467764,0.1121304203560399,0.07277284671923696,0.05820946892272526,0.059663372023711504,0.06883282975199508,0.07631586796371019,0.7264223605540633,0.9306907614693651,0.5277127552786851,0.22551575516171163,4.1028559602649007e+298,217.0002867938361
ernie,ernie Small,hellaswag,GLM,hc_values_per_expert_standard_1_new.parquet,5.205815397350993,3.0,6.708143625827814,5.0,0.029283940397350994,0.0,-0.014789732189014552,0.027539470632355095,-0.000679091254347505,-0.04217158697220047,0.026024582219683904,-0.0008884933217281595,-0.04380572967007405,-0.00920754681805428,-0.0001996021233281386,0.0290159974810595,0.036747017450409376,-0.0004794891310193664,-0.029890237826175833,-0.013791985279581401,-0.0576742752750527,-0.012020672434850764,-0.04088745515972208,0.006356842834441862,-0.04257925949695365,0.001564814146225962,-0.0680470237107352,0.024405345289330544,-0.020431861989187047,-0.08901672818151224,-0.030723856170576096,-0.10087795005829417,-0.019661752710841335,-0.11837735281475557,-0.020365221416335497,-0.0987201432950883,-0.004839386087191973,-0.0974897660415671,0.014198526304445118,0.010976426786049313,0.06095779068344499,0.03937622043970808,-0.07936439216762042,0.005517918226422554,0.011069922980268345,0.06690868034932493,-0.11608365972092881,0.03950348003715348,0.0024270655336966988,0.06925045308097992,-0.09760434668843761,0.07670561151274646,0.04787335939298259,0.04695072853334123,0.04889821667985693,-0.011180096617185423,-0.0014360918518898345,0.06380852512064879,0.08475526291625934,-0.036376167237586486,0.02790691882607722,0.041170408302088936,0.08340078916518037,-0.0548554954911295,0.061665707907762365,0.07218727366181402,0.04141534040236024,0.06723466835780127,0.029505663379871202,0.01667682940514027,0.09447441987503098,0.09758433398390515,0.023132252416967397,0.03346446562394049,0.05569005521219371,0.07157733922600026,-0.009145693000626474,0.036629366535029385,0.06405818758311285,-0.002380374992069728,0.05779544974106642,0.05203656828576626,0.02981435149922156,0.09093262543706528,0.08398150001568441,0.055841792505395206,0.033309463184300156,0.0586148161544078,0.05677796481933525,0.011228629112674117,0.009070457326738111,0.17290430592443154,-0.060232472223378755,0.2713280393818998,0.0,2.5869205298013244e+296,40.70614684850167
ernie,ernie Small,hellaswag,GLM,hc_values_per_expert_hat_1_new.parquet,5.756932947019868,3.0,7.533216059602649,8.0,0.029283940397350994,0.0,-0.01992179849170518,0.027539470632355095,-0.004558420318165566,-0.059884696475924655,0.026024582219683904,-0.01410992646601393,-0.06433090804258601,-0.00920754681805428,-0.015424270132629819,0.04440910955088083,0.036747017450409376,0.010865849814464253,-0.033287942019866644,-0.017980312419386923,-0.07422246841039912,-0.02632658384688008,-0.06280803088140874,-0.010132092994543254,-0.0634122197473059,-0.013851863975526192,-0.08729198428530802,0.024405345289330544,-0.03399184259569611,-0.10667005141216394,-0.04662373694671479,-0.13334626454178278,-0.04096841491237704,-0.15105565751633832,-0.045426885235107836,-0.13583049775876055,-0.02732228085535164,-0.1383095988803103,-0.012361559365773996,-0.009659421157691295,0.06095779068344499,0.03505349794279612,-0.0789528421675763,-0.00504396262507092,-0.02479595424946723,0.05676040024605074,-0.12674835102233142,0.01648552807829462,-0.035648333666233,0.05540824387721193,-0.12216005710303066,0.04687867549233352,0.03973241978719796,0.04695072853334123,0.047485038811134424,-0.01139238539990005,-0.007087002045066375,0.04262731674459403,0.08017677804332551,-0.04596496865067006,0.015629001543538752,0.012354276144821187,0.07649457411276439,-0.07466366706752543,0.04682185793671815,0.0612846204417767,0.04141534040236024,0.06503643160888714,0.010079167315354416,0.00967521427695866,0.0762636675646133,0.09251629250706755,-0.0026295685790681425,0.019260009156415105,0.039179296040091974,0.06537933132488331,-0.024713493354694492,0.020933720965919438,0.05313973128437421,-0.002380374992069728,0.04844305873959616,0.020073797580005406,0.0051498458473074925,0.07758804345999315,0.07055471119739062,0.022610935695197714,-0.0034524093506955907,0.0529505734888347,0.047917532965359805,0.006475890055003464,-0.016895581009225297,-0.08874817992935341,-0.06157455490183519,0.19346266456262431,0.0,2.5869205298013244e+296,40.70614684850167
ernie,ernie Small,hellaswag,StudentT,hc_values_per_expert_standard_1_new.parquet,6.142332367549669,4.0,7.154283940397351,6.0,0.09654387417218543,0.0,0.05180110446716381,0.022466272571308517,0.05747749019955336,0.04046832895537919,0.02272729555240585,0.05695362190617259,-0.031987018734595335,-0.004923292406502162,-0.014656123169616397,0.08378812320175914,0.027389564977810678,0.07213361336916976,-0.04313350799282307,-0.02064143998983973,-0.07487737245059771,-0.030514354102227498,-0.04429832717387538,-0.012047343137078271,-0.028448233319057104,-0.007806900505426868,0.012604658258795734,0.025077732828995124,0.032387118052516935,-0.07931991979179912,-0.032334449044188224,-0.002679104090520641,0.03702722764200721,-0.11822336374692892,-0.03306108947666488,-0.031573469307066164,0.021348447026879453,-0.11626473174790819,-0.012147495224485029,0.0525722522855425,0.032419309625544165,0.05469516386849657,-0.0030040855849111803,0.005109070539741188,0.06236565911570402,0.07466209371907234,-0.021457489991255713,0.008546298264984603,0.032428943903013804,0.0555055159906779,-0.04160745479723282,0.00865359400627311,0.07475984620872947,0.04540016944111827,0.06473373633528826,0.0300954059799488,0.012187124189341267,0.09991028741280503,0.09709854361954887,0.024962856158933087,0.022992995299917916,0.06485373606899396,0.07851356832556422,-0.006256203153467049,0.024618657409457144,0.09090607706094397,0.006195939725379994,0.08158751696211171,0.06092137933132135,0.041004984953914705,0.11785642998347762,0.11261179811520436,0.07256997072719226,0.060693799360423815,0.0678378123816545,0.07493112044885224,0.03196029347317442,0.04579029608172512,0.07945304447972297,0.00959312183805702,0.0695302301676765,0.07640189431103481,0.0526688528630094,0.11410849053109418,0.09846723924118111,0.10089689263621139,0.06537700852728401,0.07535691770648503,0.06315374036062735,0.05442118154164749,0.029137226424169205,0.6328175007992445,0.44346444654069517,0.44308245590087986,0.0,84172670531.51361,41.44440310119483
ernie,ernie Small,hellaswag,StudentT,hc_values_per_expert_hat_1_new.parquet,6.343232615894039,5.0,7.596233443708609,8.0,0.09654387417218543,0.0,0.04397579195467412,0.022466272571308517,0.04872956750928354,0.020095277493301464,0.02272729555240585,0.03543032582400181,-0.05181030785874344,-0.004923292406502162,-0.03465228158437843,0.09578609981341756,0.027389564977810678,0.08338184909366197,-0.03361356371873588,-0.025950633203459986,-0.07706734129899004,-0.053478461859345766,-0.06672873521187081,-0.04115747057007997,-0.05229769894007823,-0.031075014333297197,-0.009070832117625601,0.025077732828995124,0.007873205418486594,-0.08569880645374986,-0.06307860129938217,-0.03833954534433109,0.0022572926674702225,-0.1366883862694162,-0.07908850877208054,-0.07125063371488874,-0.010548494654927626,-0.1464794531313554,-0.057687481790272443,0.03444646693981108,0.032419309625544165,0.04001474654420957,-0.019352867732140074,-0.017212192495037887,0.03038888789867389,0.05240137673795635,-0.05084943312074396,-0.025908603546527735,-0.002069128155712338,0.03566319888880369,-0.0738415614632441,-0.022745376699075483,0.07042830668986944,0.04540016944111827,0.05540048992559181,0.02742628706165082,-0.0034222153503431618,0.08377571850942495,0.08281176199074461,0.010323052796418316,-0.0012677465132508283,0.03924867597656756,0.06658705449101483,-0.03188740508156147,0.00402175324434059,0.08419994054328882,0.006195939725379994,0.07005058250944313,0.046567325887473934,0.019183909471536798,0.10280765445348339,0.09894864890418434,0.04580062571987524,0.03473871439056835,0.049776662092865534,0.06898074013493766,0.004613758581544633,0.034421169652082556,0.06980141375540388,0.00959312183805702,0.04675667060552425,0.05075779005969879,0.009513821222000998,0.10410594672114161,0.07658891654177256,0.07303039484446415,0.023819534870360065,0.07395178889613668,0.06329864005310161,0.04818668514782174,0.029350126433492957,0.38275405343439833,0.408547338516831,0.32537369237118824,0.0,84172670531.51361,41.44440310119483
ernie,ernie Small,hellaswag,StudentTSkewed,hc_values_per_expert_standard_1_new.parquet,5.614445364238411,4.0,6.932895281456954,6.0,0.09638865894039735,0.0,0.05498269383362454,0.02571880583403769,0.08134162868116399,0.03829139468851924,0.02560797502211944,0.0856946314963948,-0.04201316525739818,-0.006344340126933195,-0.011932915941665848,0.09699585909102271,0.03206314596097089,0.09327454462282983,-0.04878086092646915,0.012772075781868206,-0.09017744763403379,0.015434121640794064,-0.05962497644464349,0.0015328496311439344,-0.039908255610619836,0.00032248566579811603,0.0026348729185128594,0.027995107225487873,0.05376367138455626,-0.10777128079250219,0.006404263832793961,-0.015089359620203257,0.06585279841958538,-0.15063563618401768,0.02547555292985504,-0.040507127080303754,0.0456756287348773,-0.13479079532812738,0.0465104481197998,0.0404419340309793,0.036112894865452064,0.060032592480632724,-0.039043292174463055,0.007509410755303576,0.048932459777870724,0.08567158944283823,-0.06324285770306015,0.02164554663065181,0.027076386241850346,0.0692111651949875,-0.061519838432521345,0.03290043528148325,0.06497344250445355,0.04404233808749082,0.06599476172945161,0.0038076527214615965,0.00885889957354001,0.09004715365411459,0.1035319797468548,-0.0037732684896492363,0.029547801429389373,0.06315447993221349,0.08963432124027679,-0.01539722033593771,0.04493435768663455,0.0833523861106519,0.00713668419043729,0.08273688766627804,0.036333602494953786,0.035149175685631785,0.11266238871798247,0.11771569362414347,0.0498698865644026,0.06080325144448878,0.07165070046375771,0.08321413755237823,0.0325317222961661,0.05719680597317955,0.07073275141030474,0.008882082487418097,0.06739628440014137,0.056550176047137246,0.04651397179731596,0.1065726307075566,0.09795141662054616,0.08251230808602415,0.060333025501801835,0.07710246499220269,0.06624817411603318,0.05596534339890734,0.030922018060640117,0.47508966724619023,0.2665373760450769,0.3767897369986897,0.0,751365457.9951925,46.22708690109058
ernie,ernie Small,hellaswag,StudentTSkewed,hc_values_per_expert_hat_1_new.parquet,5.9674565397351,4.0,7.55898178807947,8.0,0.09638865894039735,0.0,0.023045503149287,0.02571880583403769,0.061816156729978276,-0.009182884782210372,0.02560797502211944,0.05072071894556916,-0.06123682567738751,-0.006344340126933195,-0.03397255754173539,0.08428232882667451,0.03206314596097089,0.09578871427171368,-0.0708698137348413,-0.020985441445168753,-0.12547714307681396,-0.04584358573507173,-0.07709515382418106,-0.03778818903041172,-0.06376211108375049,-0.027840984793596694,-0.041323817259285744,0.027995107225487873,0.019952060912067054,-0.13611539673553194,-0.05642973689625192,-0.0775187143255538,0.019039685217905555,-0.19570298704474073,-0.06193333332043421,-0.09789051516840504,0.004351532619404704,-0.18293896116033828,-0.03110665501384816,0.01148279991345488,0.036112894865452064,0.04322678316680002,-0.0616436542459476,-0.027837683488449557,0.003761431069178605,0.06265956957463617,-0.10066307988243882,-0.026631562433831326,-0.014867344994794196,0.05199806907375476,-0.09893473127998056,-0.0028452591731460888,0.05075307244134349,0.04404233808749082,0.05386473531405164,-0.00771177045769676,-0.01955924152166033,0.06288264719129673,0.088462709358571,-0.028539858602358917,-0.005234026343032079,0.03358641048727478,0.08152211178447077,-0.04505397749169688,0.02722347126845317,0.06791893316604208,0.00713668419043729,0.07158859619393461,0.013264808393539633,0.008947652748496168,0.08914473591516468,0.10478363484517889,0.013939365694317698,0.03148197248229168,0.05292414196570794,0.07802067071816621,0.003135759718428367,0.047341744756235225,0.05291091787340341,0.008882082487418097,0.048054944472393814,0.019435480924723057,0.004797281227187259,0.08791575226697725,0.07692867950317127,0.041455222610259204,0.014681687532204286,0.07413220990056746,0.061468105106546204,0.045497832379804065,0.02015238484391596,0.20666688042529083,0.2551842772177333,0.27143695797478207,0.0,751365457.9951925,46.22708690109058
ernie,ernie Small,hellaswag,KDE,hc_values_per_expert_standard_1_new.parquet,6.861806705298013,6.0,7.8994722682119205,9.0,0.0007760761589403973,0.0,-0.003757553820033654,-0.015323321215324022,-0.0003111542392304508,-0.022711986805060293,-0.016074166143799133,-0.003950367054907837,-0.031873745518535224,0.002367570055841992,-0.006217848039922947,0.028116191698501568,-0.017690891271166014,0.005906693800692496,-0.050286869857095184,-0.016924797800454243,-0.06146007414702965,-0.009504945535404213,-0.007313267465563307,0.016879327089464036,-0.01122279271266209,0.008390913974853762,-0.04434046112532781,-0.01811687102785948,-0.010084271696397822,-0.05671523704612982,0.004138715459533472,-0.06634483243553224,0.004938465542348334,-0.05945240062186722,0.04191233907582507,-0.06575399148143136,0.03178297682452978,-0.024743986775738722,0.08956868676890985,0.013239625671011581,-0.023350366743802083,0.004305780445816531,-0.05870427564037789,-0.03538961006080475,0.010649171535235072,0.026298351304200798,-0.06925796535721855,-0.007049934231168132,-0.0030901968609615797,0.04982838970476357,-0.035316175335294304,0.05588786028934997,0.054564600020391325,-0.023309654166990285,0.04083243803493476,-0.023206446636697468,-0.013602053033254088,0.06460952935026329,0.07064619748294512,-0.03484290249244528,0.012420560558278615,0.029782931932292006,0.06937211771782381,-0.028082234458780143,0.052705207466756866,0.06214052419398555,0.02633116835868601,0.0667310393596372,-0.004290850404874243,0.022978603198086398,0.07921104528011441,0.09298556498778818,-0.022453921466354946,0.033121472979402614,0.04359402988108274,0.0630939217781526,-0.03779223922822314,0.02383198117019651,0.04166581621034873,0.02638274086591615,0.056261889897178965,-0.03398627033120068,0.01780840065878229,0.0694142732492521,0.06840750115610601,-0.03746547164718042,0.00022102190262417236,0.05874477411900691,0.0284724724084231,-0.009279994865415853,-0.0340431764758282,-0.4675994506321136,-0.6002803578128344,0.0921283334172749,0.0,66.95440932243287,19.327006638628575
ernie,ernie Small,hellaswag,KDE,hc_values_per_expert_hat_1_new.parquet,7.6506105132450335,8.0,8.926893625827814,11.0,0.0007760761589403973,0.0,0.0007265888269833774,-0.015323321215324022,-0.004626292662458077,-0.017228280253325564,-0.016074166143799133,-0.009705141978692483,-0.031218217399253397,0.002367570055841992,-0.007674703027965851,0.03194480622623677,-0.017690891271166014,0.003048410365507774,-0.03133785113071147,-0.022713422186286754,-0.04032586236622504,-0.016937251166263316,-0.00806063828624563,0.015419029970639155,-0.0119876048529932,0.0069917892557125015,-0.04194851953208041,-0.01811687102785948,-0.015277561281145782,-0.04441966688566104,-0.0022547327880829905,-0.06609517861969795,-0.0029516482337243145,-0.05296724807043815,0.03271999158619363,-0.06997650050790169,0.023802546946103575,-0.03433731348301104,0.08096251900717527,0.009647936580783566,-0.023350366743802083,0.0009540555852092774,-0.0490274967239514,-0.040646753035480584,0.002574767810999558,0.020594213597367593,-0.06552865221206175,-0.01540354158760211,-0.01379530370071868,0.04391408610856702,-0.04659107301075617,0.04794052785491703,0.050457499828916993,-0.023309654166990285,0.03915959615729849,-0.01796007050731296,-0.01728912023749307,0.05657743173826,0.06777131907453848,-0.032703008009907074,0.007136076242450343,0.020849310158092778,0.06657098939809658,-0.033815640956569436,0.048772891429836276,0.05307131553569017,0.02633116835868601,0.06701468378824849,-0.012936524876012363,0.022723370589892464,0.06996174839682116,0.09203984655024691,-0.024287177863008776,0.03077275530405036,0.04198069970234083,0.060606807507812346,-0.024976481620655973,0.019507743608288726,0.03560895887322525,0.02638274086591615,0.05807429252689923,-0.03188081888656498,0.019968705657753032,0.06853355095122943,0.06813353739233642,-0.020571861917400965,-0.0017516549742068864,0.0686992404892936,0.02441443701615019,0.020503888407359196,-0.0421806163840809,-0.6545196576355768,-0.671745469261267,0.07787882010331294,0.0,66.95440932243287,19.327006638628575
ernie,ernie Small,hellaswag,JohnsonSU,hc_values_per_expert_standard_1_new.parquet,6.080711920529802,4.0,7.337179221854305,7.0,0.00972682119205298,0.0,0.023939321305369424,0.012973175114866467,0.051102205377561015,0.008881145714937578,0.022053578469675372,0.0689560811682671,-0.03176294846753797,0.012596660053435757,0.018644592949302576,0.055702269772907397,0.00037651506143071035,0.03245761242825844,-0.07622191322734041,0.007713346048356405,-0.11178172453420884,0.035605434726192334,-0.043179130876116356,0.04630193805409965,-0.027557435210017175,0.03634812152157299,-0.008671276976565173,0.030051379375755253,0.05221595838518017,-0.08663136413637944,0.04759642678891378,-0.02752144730234435,0.07817066049695846,-0.12086661433306246,0.09562847453219671,-0.04680713756143975,0.07753094788226086,-0.10803058313547097,0.12753265186187795,0.030859785679746045,0.02058763606390918,0.04418745080517426,-0.04645438423719017,0.0006051787522717779,0.03271357579703496,0.0728383711918082,-0.07456577627263199,0.03221461768413707,0.01036518693797035,0.07271288411310414,-0.07179706316136279,0.07039220214035939,0.06467236449350311,0.027293160560653704,0.06041740467901617,0.0012244131907564349,0.0031088255004172913,0.08020944185026202,0.09541425967486478,-0.01910449558343777,0.029650809896481688,0.042968503633135806,0.08339371292978462,-0.04263778934063208,0.056388003431924884,0.07320693811522319,0.036312790813668644,0.08041268768873905,0.02848176637400926,0.043987915671066614,0.08976786754110158,0.10600924397902645,0.012496091663918048,0.05372732109045045,0.044064056629995074,0.06361759642688017,-0.028974579635062565,0.025815536596584723,0.05616113812009401,0.05490374991479377,0.0629274894129111,0.030988611866398282,0.04212708505017931,0.08155142010161856,0.07973905138939462,0.035041140297352204,0.03171708611239817,0.0550613951033809,0.03832578944257529,0.010279690287375043,-0.01795319375356366,-0.3555034947719884,-0.546888679626728,0.11880849911576671,0.0,49926.8818346406,21.686006652428144
ernie,ernie Small,hellaswag,JohnsonSU,hc_values_per_expert_hat_1_new.parquet,6.949192880794702,6.0,8.446450745033113,10.0,0.00972682119205298,0.0,0.011179511233422252,0.012973175114866467,0.043900834863025484,-0.012147681007989061,0.022053578469675372,0.05631897024625294,-0.043007744947380175,0.012596660053435757,0.010968852723894966,0.054187256180802425,0.00037651506143071035,0.03293198213913052,-0.06781696507738484,-0.003109769433869206,-0.10806685853406538,0.016359419862610983,-0.05328138753884015,0.03434767654180132,-0.04211171734045274,0.026692908875037412,-0.03148908670578958,0.030051379375755253,0.042176445816678704,-0.09751596779954455,0.03167490695492098,-0.061210766586585905,0.06429234473620489,-0.14202089737755336,0.07375910043025113,-0.07958951878463366,0.06531135714455975,-0.13552833297831277,0.10848100745761807,0.014615902235536283,0.02058763606390918,0.03825699589111806,-0.05119823029969025,-0.010579818882072075,0.005989587086853777,0.06596461834239761,-0.08654255401083835,0.01947870176952839,-0.01624848786439645,0.06941412865953754,-0.08882657246290124,0.0647045385554417,0.055705224602977166,0.027293160560653704,0.05382981043126764,-0.0034685098718768314,-0.010673765874144899,0.062040229341778275,0.0898640538489666,-0.029522655853844504,0.01813934923771444,0.022127782895271605,0.0845496221321515,-0.05541525682689106,0.059067460099085624,0.058220695086637714,0.036312790813668644,0.07221858324109602,0.002888246231142759,0.027381610483023837,0.07315948499343056,0.0984777981121672,-0.00676550131584917,0.03833137039584591,0.03867654474852932,0.06385584492441233,-0.01940221292306495,0.02608652565065799,0.043222672607891165,0.05490374991479377,0.05168257161899811,0.004301303134823648,0.019695100834572186,0.07493251282522412,0.06590137433631717,0.02310714793227269,0.0030758251482712697,0.06681250089333157,0.03230324171172362,0.03801607217028791,-0.03196432868369153,-0.5692495619424485,-0.616095960339057,0.09000059634217232,0.0,49926.8818346406,21.686006652428144
ernie,ernie Small,fineweb-edu,GMM,hc_values_per_expert_standard_1_new.parquet,3.567724313225245,3.0,4.184040933814498,3.0,0.4898637594427083,0.0,-0.019355238433770308,0.05251892590460231,-0.02690450760128411,0.003118842296237134,0.06642119916835319,0.0017653753569260933,0.03559766264478444,0.02556384941399714,0.04528985323898958,-0.05495290107855475,0.02695507649060517,-0.0721943608402737,-0.03599485258892542,-0.04345488228272401,-0.01760339232148427,-0.01856360786612086,0.028026146256518347,0.03820958392052613,0.030199670425987517,0.040300314350594765,-0.03344937340403474,0.028248832433848292,-0.03612949572115465,-0.044679198671845326,-0.047636465815800784,0.028123270636911033,0.03515206697682555,0.00774941344690187,0.014932448161528993,0.09224620568407965,0.10774887743403626,0.07272699166259838,0.08887692983878084,-0.03839951431018948,0.007264628497995227,-0.04359826838306288,-0.043195423784394796,-0.048952931567740825,0.044473796020714856,0.046100984042641936,0.027694276829143372,0.029049309510751714,0.12102030403411182,0.13045379010274127,0.10103712447685123,0.11080281973146476,-0.047544139528908846,-0.01172097949209732,-0.05237357414837677,-0.045543267546901134,-0.05081938593939484,0.044491072689405844,0.04341480125810991,0.035593235877051516,0.0342364469710155,0.12814422123837096,0.13268884556685057,0.11231938782770429,0.11702055473361446,-0.05414169312701243,-0.025381812638542743,-0.05655990408802358,-0.04696730172388232,-0.04949759497469693,0.04038332147724273,0.03890816948606941,0.039845702871117473,0.0383297559841575,0.12738734282248695,0.12825088984146246,0.11770802203019382,0.11865215934472917,-0.06334050581374699,-0.037008062749631226,-0.06514757749542528,-0.05162428179344978,-0.05341197879283944,0.03101429382668813,0.029343673877933504,0.04117365388301966,0.03970177486150819,0.11820857553379953,0.11798634818832501,0.11867554829659696,0.11870866375059835,1.6062730459166066,1.3537752218449246,0.9522723406908843,0.5576021559470641,2.90880465863987e+298,496.82564404813724
ernie,ernie Small,fineweb-edu,GMM,hc_values_per_expert_hat_1_new.parquet,3.657606092651166,3.0,4.4661485131142795,3.0,0.4898637594427083,0.0,-0.015359851655013385,0.05251892590460231,-0.032643222109613186,-0.004549406662280958,0.06642119916835319,-0.009565632983931146,0.016790738090342462,0.02556384941399714,0.035852048534894765,-0.03215058974535585,0.02695507649060517,-0.06849527064450794,-0.02955893841986204,-0.04806370157593974,-0.02273025390635023,-0.028740778994512734,0.009548501544654118,0.028903037529788473,0.011557348405052587,0.031002833648059953,-0.03290556099614462,0.028248832433848292,-0.047364840089223835,-0.04204635200250584,-0.05823647620714392,0.010734107188508568,0.017749406346159707,-0.007080914301591009,-0.0016462378740976324,0.06198614350040309,0.09312821304383212,0.04401250365969302,0.0748301322212549,-0.03597482902197918,0.007264628497995227,-0.052643278652675304,-0.03948014884527455,-0.058068209698042855,0.030157968192752453,0.03501094412609227,0.015245043607621201,0.018126031912693772,0.09517428728054514,0.12484419177180221,0.07639702951664902,0.10555893780384719,-0.045978826949006915,-0.01172097949209732,-0.06317495421923786,-0.043747579884261964,-0.062318302937990344,0.03269606904663208,0.03336928632131472,0.02427076191423399,0.023730046854910054,0.10828481718227337,0.13128836317078418,0.09284830497978137,0.11581760635410851,-0.055062912297523345,-0.025381812638542743,-0.06978580715489208,-0.04857356222971021,-0.06390368516410375,0.030295867074630778,0.028761790875233086,0.02883343936233591,0.0272676639726735,0.11369573507726215,0.1299147707515627,0.10349770577903321,0.12044501904035021,-0.06536826847810356,-0.037008062749631226,-0.07983074614307134,-0.05496707823235983,-0.06956298112515043,0.021191720833284088,0.019216508297022792,0.028804976940268026,0.028302951664581185,0.10677911910640003,0.12102983870499373,0.10520894567194174,0.12167926306993664,0.9823420914108217,1.0079052613579034,0.6332333464280395,0.5124730179106538,2.90880465863987e+298,496.82564404813724
ernie,ernie Small,fineweb-edu,GLM,hc_values_per_expert_standard_1_new.parquet,4.377300511672681,3.0,5.4308198618151815,3.0,0.008360323790645732,0.0,-0.018455578680530382,0.00463509012366856,0.007886179965349783,-0.009497707228631577,0.005868126088688936,0.03444923214926038,0.0135986135727811,0.0022660750591104633,0.04376459829396652,-0.03205419225331148,0.002369015064558097,-0.03587841832861674,-0.04789907241313933,-0.007347517845423905,-0.055045899348696574,0.01116884225476538,-0.01424341153670968,0.02980048814917414,0.009025195208253888,0.04114037307931067,-0.029428713031870658,0.008684476924866567,0.006521900724368189,-0.0523246359825468,0.001586309881388408,0.013868219666057375,0.06902618600512392,-0.04120905796796554,0.041964981566138475,0.06268665980067896,0.10857491395641056,-0.00031551288079626144,0.06931038121378867,-0.02032787148910506,0.011199469076565898,0.004050275103951514,-0.033346875791288005,0.00019147608898762214,0.05365062788114558,0.08647128069133983,0.012832375253467414,0.058450777553721,0.11169334954971868,0.13144861588829054,0.06454699091377175,0.09243487894987555,-0.028160360975538912,0.014976008175353855,-0.005879750501375919,-0.03741926154629551,-0.008647184220172277,0.05535174461544439,0.07611089210354982,0.025320390597176855,0.05262636395384119,0.1198067900071854,0.1227527265220602,0.08641907989510911,0.09092641508833295,-0.03642249518402968,0.01905429134499005,-0.012302385683647908,-0.045550562697456026,-0.015810144598104724,0.04967575749239184,0.0652026189941643,0.02720701299700229,0.04673781010715441,0.11882751667934802,0.11141108124730482,0.09739297465897721,0.0887629909468415,-0.04796497891383057,0.029069072474860035,-0.02768603207554035,-0.05940806788887001,-0.033561426916231284,0.03548788920473528,0.04367213591161917,0.014493727852009817,0.02546118797772976,0.10639715828656646,0.0940317455323604,0.09046743243456315,0.07542433244782382,0.37630773725883687,0.17009987877005442,0.28314102352379106,0.0,1.8968403382066322e+295,44.45377758242078
ernie,ernie Small,fineweb-edu,GLM,hc_values_per_expert_hat_1_new.parquet,4.7161378433873775,3.0,6.194995186767642,4.0,0.008360323790645732,0.0,-0.03136889272354726,0.00463509012366856,-0.001389572377278975,-0.03179206511625017,0.005868126088688936,0.021698413213478346,-0.0024138363674117043,0.0022660750591104633,0.03758620726872894,-0.028955056356135555,0.002369015064558097,-0.038975779646007916,-0.06005749640829171,-0.02017956357308619,-0.07777417260359058,-0.006394816032164789,-0.0321382075801763,0.0213906061502858,-0.007645937423905677,0.03466213474007643,-0.045634261318784,0.008684476924866567,-0.004361063028900076,-0.06918186476556629,-0.013631425530714083,-0.01447440393879672,0.056502587301570886,-0.07142935277371976,0.024302781849391154,0.03609223967671361,0.10177320363407627,-0.029257219042074113,0.05955556806509803,-0.03562339298969012,0.011199469076565898,-0.0029196442410484996,-0.050251094630296124,-0.009058991838466096,0.027753068293762166,0.08108753259596357,-0.016178330295727798,0.051095722102131834,0.09090617878244814,0.13212811961602677,0.04094796108503456,0.09303213476392796,-0.04314163706836175,0.014976008175353855,-0.012390992073524574,-0.05382283131574292,-0.016899076532493423,0.03501453437489363,0.07316308341389807,0.002917710541782097,0.048631351275582636,0.10816790867467105,0.1266138407604331,0.07348098762781143,0.09545336035013026,-0.05199552242419074,0.01905429134499005,-0.01941536632704754,-0.06221331036162447,-0.024514458630551968,0.033733918069511246,0.0629556337684535,0.010038685480733795,0.043749728782857926,0.11490666830211907,0.11703044204841392,0.09305357543219889,0.09530905905482735,-0.0631477433492351,0.029069072474860035,-0.035213909611944795,-0.0754909919040839,-0.043039583171738095,0.024222050884600783,0.04106892149592585,0.0025754369535911257,0.02193361072097262,0.10842717582761348,0.09923376622324179,0.09265700944150952,0.08163656481087937,0.12601762534839966,0.1651483323537353,0.20804309709229654,0.0,1.8968403382066322e+295,44.45377758242078
ernie,ernie Small,fineweb-edu,StudentT,hc_values_per_expert_standard_1_new.parquet,5.222579987386012,4.0,6.292777306202193,5.0,0.109964576506684,0.0,-0.0004365596093884494,0.007367808032085429,0.0010223967594889258,0.02605981819697893,0.009691333169299708,0.03624766889421623,0.0431985506135573,0.004195095068869115,0.05751782595955016,-0.04363511022294575,0.0031727129632163143,-0.05649542920006124,-0.07008197734508546,-0.0520185054872836,-0.076412719787822,-0.039456450715750775,-0.013924710686910305,0.01778570097726254,0.02321385723922801,0.042868142113764565,-0.007210178426800516,0.009148847853601686,4.4367214207449105e-05,-0.05518416874597389,-0.03257350587290643,0.06095949176901518,0.07958169023850561,-0.04121234819847331,0.005469383883174311,0.11313200218487339,0.13511728123647243,0.003701384583060587,0.05299242954307237,-0.018034850326583494,0.009721616509132353,-0.017198169035250514,-0.038158864878347847,-0.031373416647618904,0.07149048060261065,0.07698151007675019,-0.005501032479787569,0.012282148818479893,0.13688951261792093,0.14447207075201873,0.042053687598220285,0.06130339598431809,-0.029866754867936694,0.010292429569273415,-0.030189031970003832,-0.03031806357723406,-0.028375947968810284,0.06709206096649545,0.06659499114112406,0.013825293793076208,0.016489810440343648,0.13976375904204988,0.13942318252580266,0.06012090827047182,0.06167553946067355,-0.041309909005370585,-0.0019400261540309617,-0.038794594527207654,-0.030605116616238794,-0.02442996700291346,0.056572640774506744,0.054902666757630295,0.023349554392737167,0.02114983638463613,0.1351126815433002,0.12949795934604857,0.07319299411691059,0.06214100907488186,-0.059601264183137326,-0.008744195583319675,-0.058218759198440245,-0.03594241242665029,-0.03248691860316008,0.03647923861485424,0.032427836321717037,0.031766197981435415,0.022187518151350418,0.12149307682581872,0.11416623791343727,0.08730652619927255,0.06969918709231729,0.8651342409055813,0.7188846516205686,0.5097633935438642,0.1014242269199161,5428190617.244125,61.20249067979596
ernie,ernie Small,fineweb-edu,StudentT,hc_values_per_expert_hat_1_new.parquet,5.388691037903612,4.0,6.633705904389763,5.0,0.109964576506684,0.0,-0.017837219951144928,0.007367808032085429,-0.0133782357512413,-0.003116175660495843,0.009691333169299708,0.017302350094267904,0.023033834085135006,0.004195095068869115,0.04931302363535476,-0.040871054036279934,0.0031727129632163143,-0.06269125938659606,-0.07767660629371295,-0.06832075477818947,-0.09615835090241816,-0.061609640826284666,-0.03411215455910851,0.007413541583750036,-0.0007534227647160399,0.033617939719208116,-0.029093311993989533,0.009148847853601686,-0.01941441245194419,-0.07389994456444506,-0.059121444657791275,0.023296418220761953,0.05653376987467933,-0.07691593922618684,-0.02549442956339513,0.07825528678249634,0.12184207077401177,-0.03209102199756875,0.0357815947077271,-0.037830738704072636,0.009721616509132353,-0.036528284804213725,-0.06128845719408265,-0.061276703340262056,0.04027855268992174,0.058251692998061766,-0.0416749313962517,-0.015621601684431118,0.1136332106827258,0.14034720654109983,0.01531399605257932,0.05673525984284257,-0.04884672917511791,0.010292429569273415,-0.050764633672748194,-0.05705578594961361,-0.06263867382863159,0.04183633017247098,0.04938589767761557,-0.020390861319129653,-0.011238702157094157,0.12579009059094282,0.13967245458408012,0.042474491838134815,0.0636049474462841,-0.06241442884338856,-0.0019400261540309617,-0.061328519301294224,-0.06310791158334907,-0.06375171928475327,0.03510859773404343,0.03860502127436331,-0.0099622235581927,-0.00678646656718329,0.13000565239434436,0.13378923637696438,0.06494465047565674,0.07045650042975359,-0.0826171433134821,-0.008744195583319675,-0.08226256291114623,-0.07350945311253591,-0.07529571137547572,0.016607735890750472,0.015455650859019374,-0.0048871099838387645,-0.008310494310304376,0.12064107282988902,0.11860296323965411,0.07991443760532886,0.07718976523560589,0.5813144605473712,0.6385253358888021,0.3753834607933977,0.09954993353954582,5428190617.244125,61.20249067979596
ernie,ernie Small,fineweb-edu,StudentTSkewed,hc_values_per_expert_standard_1_new.parquet,4.658122981643328,3.0,6.026157428263869,4.0,0.11306116835880632,0.0,0.001261910328983771,0.011291884028780036,0.019166732444964654,0.02466842527281779,0.01523979580005662,0.05746357674199752,0.03825149509814681,0.0070604997086960355,0.06352528692680576,-0.03698958476916304,0.0042313843200840005,-0.0443585544818411,-0.08366577653056982,-0.03337175495421235,-0.09762029891881736,-0.014778845392730788,-0.027044145522263082,0.028564546568522472,0.015259313678160205,0.04994789931179733,-0.007536622060201937,0.010539597984388964,0.018204193542930784,-0.06886105457994722,-0.00827547425489283,0.05533551790017281,0.09782556518633322,-0.06830687930933664,0.02992173417264507,0.1040132643008032,0.14195958348956833,-0.024154079745799768,0.062104149255689294,-0.016076124964848032,0.008832184478585775,-0.0012540137667657186,-0.04874418695468541,-0.012604583603844647,0.0700897878346175,0.09131316667339592,-0.029176401255407346,0.023235084501107475,0.13208930468267688,0.146106816673368,0.018530788238315256,0.05374481490192411,-0.026853425377198266,0.007670033365299058,-0.01445057120594365,-0.03696528328912824,-0.00798962449236955,0.06809785403053575,0.0802765278010675,-0.004589621740630182,0.025628732217378818,0.1374342128748572,0.14001701481063228,0.040688384825682856,0.04933821008705768,-0.039240522674022185,-0.0011234165817764568,-0.024361465912941707,-0.03792376223452667,-0.004099115691326177,0.05748287727385738,0.06577317724492875,0.006422698468706579,0.02644091368896608,0.13385540571382223,0.1273848758169228,0.05743733935549304,0.04431588096585008,-0.056126507655576224,-0.00978794561591114,-0.04149007673178824,-0.03431109145836093,-0.002321083535333571,0.03805888469031949,0.04297171514487112,0.020410306322819195,0.03031223599304301,0.119623679178233,0.10930038566755781,0.069399207027055,0.04557412501122772,0.7194220772149956,0.5733189074446627,0.44771083703810943,0.0,141628130.50237158,71.38340030004152
ernie,ernie Small,fineweb-edu,StudentTSkewed,hc_values_per_expert_hat_1_new.parquet,4.9093689686404876,3.0,6.5689667436467705,5.0,0.11306116835880632,0.0,-0.021157306146529366,0.011291884028780036,0.007049906355860057,-0.011500179948221025,0.01523979580005662,0.04163860209882199,0.014590837725608059,0.0070604997086960355,0.05681057828150843,-0.03574814387213743,0.0042313843200840005,-0.04976067192564837,-0.09143195625299831,-0.054225777738848964,-0.11867723915300342,-0.04226037808248232,-0.049093440894280055,0.01669392130995334,-0.014387070524902932,0.041509002664088905,-0.03503724976207606,0.010539597984388964,0.0013321791919720224,-0.09008918275189143,-0.0391167243412764,0.01022902755382046,0.07845102871170978,-0.10624132523037672,-0.00559734180794518,0.06396265313806943,0.1314843988186333,-0.06037316242536488,0.04288797409068289,-0.038331781530526444,0.008832184478585775,-0.01715028148996939,-0.07091499487155757,-0.044020358679105726,0.03483106676903868,0.07681819282784738,-0.06367480697264898,-0.0053762712639250955,0.10567668612762982,0.14415052811362758,-0.0068020404464416255,0.050090481069173916,-0.0469468075647856,0.007670033365299058,-0.031102162583650343,-0.06246784017422811,-0.04218539364823337,0.039922870972642646,0.06758128346704048,-0.037744419273262664,-0.000530794632913757,0.12046407440630723,0.14208386482191013,0.023086631984791956,0.05360304612432539,-0.05965468711543843,-0.0011234165817764568,-0.04194893623847891,-0.06640224048224734,-0.04106349246988743,0.034747770523879264,0.05378151659317615,-0.024242560816857425,0.0010941831549877066,0.1260111105717852,0.13180639628994117,0.0480432307660945,0.05351887216625796,-0.07780295349417052,-0.00978794561591114,-0.05928723240369522,-0.06981710174231373,-0.039918579675276865,0.018593669942415646,0.03069539216175627,-0.013639767435400985,0.004366266072233581,0.11776603980559776,0.11298736419921132,0.06326001872561399,0.053358200682319466,0.40871702437703594,0.5256994144687333,0.31780384952843366,0.0,141628130.50237158,71.38340030004152
ernie,ernie Small,fineweb-edu,KDE,hc_values_per_expert_standard_1_new.parquet,6.013619313628324,4.0,7.0648292606590575,6.0,0.0005975047065350892,0.0,-0.030818440704420903,0.006569350070899074,-0.0524933987882015,-0.005158545535760271,0.005645965838605357,-0.03410122778243275,0.040164727237920576,-0.0011453355755754336,0.02711825615578342,-0.07098316794234148,0.007714685646474507,-0.07961165494398492,-0.0460330001869428,-0.061056645832966036,-0.03398256483679356,-0.052674597733692166,0.017170265692454605,0.010369952032246459,0.03725851933502887,0.025167983395135107,-0.04185499951725647,0.004040995711083046,-0.04085392173077233,-0.04562847755153801,-0.039910134309447294,0.02706629594012372,0.014013753428100479,-0.00422677830814028,-0.006838446810105606,0.10162750491094827,0.07812555307769503,0.05372896378606434,0.04164183618747805,-0.05997474895172678,0.00503356022043739,-0.05165416208696629,-0.05735457359454622,-0.046379959469834246,0.027220831583696294,0.010463137596545151,0.006548118380960369,-0.005019510671950254,0.1221940031636217,0.08470589185427685,0.08635583473626879,0.05346009493665575,-0.07416221015345349,0.006766382724799342,-0.059360579577532435,-0.07020255676460638,-0.05310665499848237,0.020906728869869808,0.00363416833689294,0.0071466965035006024,-0.0072778146935849955,0.12646598575865395,0.08139140713046883,0.10084127995087871,0.05702867341993012,-0.08425972044920199,0.00869333277089232,-0.0575128377755283,-0.08142914662481002,-0.051823517885328574,0.015119983878750097,0.004188066750594825,0.005157667268616602,-0.003519105910746093,0.12799996671175703,0.07834228402871801,0.1099898697947868,0.05996951623697678,-0.10130684925162523,0.0021044228856894505,-0.06580807723620716,-0.06345043696047044,-0.017300231358017473,-0.0010323679291586005,-0.005755595659947159,-0.05003789611159235,-0.02578290583967946,0.1178339499573457,0.06939106968689873,0.004121965058347299,-0.016090110854976553,-0.3375572738367343,-0.4268041827370207,0.08346906857126457,0.0,9.484201691033161e+294,21.85080632158839
ernie,ernie Small,fineweb-edu,KDE,hc_values_per_expert_hat_1_new.parquet,6.589395714089256,5.0,8.113070652560497,9.0,0.0005975047065350892,0.0,-0.031298928012577776,0.006569350070899074,-0.055627842593036714,-0.009557115804659448,0.005645965838605357,-0.03622227740256282,0.03374690711871549,-0.0011453355755754336,0.028599148918214495,-0.06504583513129326,0.007714685646474507,-0.08422699151125121,-0.04479165968327077,-0.06496234485770024,-0.037042689286452525,-0.0557138083498688,0.01021817027170823,0.01157230560444862,0.03072647947684684,0.026595986065019304,-0.044692136514217856,0.004040995711083046,-0.044262767612313486,-0.04804426267585831,-0.0437892864398553,0.017960581308068962,0.011927544271241187,-0.01361626922454622,-0.009595066824907766,0.08993311324109837,0.07911456982370413,0.0409532845697089,0.042124183235647115,-0.062296402881627536,0.00503356022043739,-0.05539596237022898,-0.05951486534083573,-0.05045708129242314,0.020220505667854702,0.008424419761408581,-0.0005802596355916932,-0.007612352313971325,0.11418313416330453,0.08641778169321696,0.07790257223645719,0.05474452306982417,-0.07673779658893773,0.006766382724799342,-0.06302704982461407,-0.07271669608112276,-0.05700000298252827,0.015669090939929034,0.0024300998568902647,0.0019342578230421008,-0.008872632406365889,0.1218286719058898,0.0842557570446763,0.09615124961026247,0.05959846599878559,-0.08720427015690281,0.00869333277089232,-0.061854708371856124,-0.0842900891608398,-0.05636078735144702,0.011219973427060694,0.0026800921481694583,0.0013850942290742536,-0.005364812433882776,0.1259549124621539,0.08157168741257934,0.10802335048191661,0.0629523805986075,-0.1057666965102022,0.0021044228856894505,-0.06915222807822301,-0.06907009303052475,-0.020955054269871994,-0.004812269657960755,-0.006464286921126172,-0.04763472305107389,-0.02718833999866199,0.11776823802725436,0.0723318263549815,0.014178884485792723,-0.013758576707980613,-0.4846456394583424,-0.46982714437150913,0.07200919562960371,0.0,9.484201691033161e+294,21.85080632158839
ernie,ernie Small,fineweb-edu,JohnsonSU,hc_values_per_expert_standard_1_new.parquet,5.080876529920285,3.0,6.285299013168814,4.0,0.015558832874139901,0.0,-0.0029428150892276293,0.010133219833316467,0.016201382131786384,0.02592699462041165,0.010255391112321708,0.05123656128218225,0.04693253651826225,0.0007560526328172612,0.058041728089156815,-0.049875351607489876,0.009377167200499206,-0.041840345957370434,-0.06681048107729948,-0.007645706488960345,-0.08078871902817317,0.002143999424097838,-0.0262658010467605,0.015569116016256563,0.0086474928565951,0.035727420449400346,-0.017430844338906175,0.0036717839491179514,0.017765290244523682,-0.05237027212009814,0.020500329555994453,0.05188437695136736,0.08917728631111532,-0.054777941847220214,0.040192665111503274,0.11130720149607685,0.1278533397266513,-0.023297438437332507,0.04114696511924576,-0.03397807718445006,0.0017226969602583096,-0.004345553662176284,-0.0404373180873386,0.016684993712248405,0.053528349565509954,0.07182066798180756,-0.03290620666667425,0.02320917036003385,0.12951033752447003,0.11934984735439087,0.0014442350672117662,0.014753861371488507,-0.048975659715835326,0.002437885960899691,-0.01822873034986844,-0.0351528579106069,0.019324983671996785,0.04547269946709929,0.05385105383197749,-0.01706745984751962,0.014009220153656037,0.13146057093135444,0.10483764804433277,0.019287231375100685,-0.003544773293507376,-0.06106786176311193,0.0014358769595961057,-0.02362169106677396,-0.03729571846318232,0.0277169595010733,0.03514558686564212,0.040431408265613145,-0.009379976100425454,0.010888975442816348,0.1283701724270641,0.08915591376974383,0.03321551817525396,-0.01887681064341213,-0.07807311992880586,0.004063101381985551,-0.04110957530538953,-0.039123967276543416,0.022668045946422903,0.01536292548390378,0.016573269181185644,-0.0022369983403219954,0.00395825722912441,0.11353957064022338,0.07171852090036152,0.04305294321986443,-0.021179378897884023,-0.14201707431089128,-0.31296743703537505,0.12549318576871393,0.0,152465.18300861167,25.76240156371887
ernie,ernie Small,fineweb-edu,JohnsonSU,hc_values_per_expert_hat_1_new.parquet,5.621438089502411,4.0,7.401551615396653,7.0,0.015558832874139901,0.0,-0.020944305615032167,0.010133219833316467,0.01000498744919675,-0.0010929311009589854,0.010255391112321708,0.045405563292088835,0.03123203174434045,0.0007560526328172612,0.058297331385299835,-0.05217633735937262,0.009377167200499206,-0.048292343936103085,-0.07921175772825052,-0.017676797373222617,-0.10067934384076359,-0.007955176977434102,-0.03912404939795579,0.014937283907371089,-0.010318210815159202,0.035426559778676835,-0.03639142842663077,0.0036717839491179514,0.0107744128224468,-0.07248374545432804,0.010019888202273444,0.021514822782053335,0.08513572756201718,-0.08381170335058354,0.033130838497471254,0.08493313994870427,0.13028392811073236,-0.04590262848892117,0.04314709887802541,-0.04866454722770001,0.0017226969602583096,-0.011840701988858943,-0.0595414421806062,0.005393335249986801,0.03129073119764588,0.06859115738992988,-0.054806859142110705,0.016708512407349285,0.11370938789226027,0.12413023271479279,-0.008000548994902004,0.01944101332291227,-0.06258577750543962,0.002437885960899691,-0.026286863929581714,-0.05661602888278658,0.007602471493276539,0.028815477360017258,0.050977950349615525,-0.03578035808496394,0.007899772371127168,0.12364043372925679,0.11078948233629984,0.018413019494703683,0.002249412774912525,-0.07577469932837513,0.0014358769595961057,-0.031718737203937794,-0.06218323675747978,0.016724578744052306,0.022616160303632015,0.03828868469726301,-0.024792357774973264,0.006170663990894061,0.1283849982913876,0.09616372679459456,0.041812428085808,-0.01198302710511959,-0.0920256246042989,0.004063101381985551,-0.04845821758862841,-0.06476336448235952,0.013382733860286405,0.007179518863498402,0.014849313045827907,-0.014861147861038777,0.00047977929205410166,0.11845694600010344,0.07794632079125144,0.055486235472798566,-0.015130328553302843,-0.31572301974540923,-0.3365539102553238,0.0980251149248248,0.0,152465.18300861167,25.76240156371887
ernie,ernie Small,tinystories,GMM,hc_values_per_expert_standard_1_new.parquet,3.759412131963095,3.0,4.675612197369856,3.0,0.3629282408554412,0.0,-0.036010743395474866,0.054706790289595096,-0.02767055494834105,-0.03961803407463153,0.07092666827812966,-0.019757230883783814,-0.0020935200468821377,0.016754250941534456,0.011896155888112317,-0.03391722334859273,0.03795253934806064,-0.03956671083645337,-0.05385337118028925,-0.04568726833127585,-0.06235421529765723,-0.042213405788914,-0.006977673677996852,0.007557234864747898,-0.005792364012464709,0.008528888696609968,-0.0042639508196418655,0.0542376859506086,-0.00150176039099587,-0.022446917371326206,-0.020810335234032754,-0.012438513960186495,0.018288082897672146,-0.03854357058838102,-0.007806238482180183,-0.014106613793777454,0.028284775747273255,-0.03467225919024595,0.008772524546795528,0.04669866944651417,0.05830137968382382,0.046037710479342936,0.02653261930608899,0.02437186606233572,0.05099461400806819,0.08539595144200561,0.021776081566560496,0.05656001537784382,0.024603067967323453,0.07370233508194907,0.003781134627388752,0.054825034009988734,0.07272678497762436,0.054579443988261124,0.06899655319328664,0.05356208783861231,0.048358518638051275,0.06262261976315456,0.09387985255482557,0.03062124697949637,0.0622141678736997,0.01290175822529853,0.06016439998355526,-0.012164276034894754,0.036966161156533825,0.07941248945762502,0.05487942699005971,0.06968669697778095,0.05893055848824148,0.04714010000940712,0.07527470039120153,0.10826862339500067,0.044849763201887334,0.07898674021359355,0.023662919873746528,0.07976801800640537,0.002050284179122126,0.06175174418672594,0.062359825698472995,0.0353572218337138,0.038051174741631735,0.047395675834100925,0.019903688730957277,0.07987020479671017,0.07715694167019914,0.056426605449936315,0.05243433166983174,0.046419020751787776,0.06900070203466721,0.02905254295322313,0.05327931073779169,1.4287416890432427,1.120226910436979,0.8457404084180652,0.46005443068459195,8.364137274916506e+297,594.4188902914086
ernie,ernie Small,tinystories,GMM,hc_values_per_expert_hat_1_new.parquet,3.870821647655762,3.0,4.98345010752475,3.0,0.3629282408554412,0.0,-0.03167707655304178,0.054706790289595096,-0.0267129260103973,-0.033878572771592966,0.07092666827812966,-0.007080229774988894,-0.0006134864799057869,0.016754250941534456,0.0266425275123066,-0.031063590073135992,0.03795253934806064,-0.0533554535227039,-0.04514867132265968,-0.0425367731131092,-0.05108822064059291,-0.026392099757049814,-0.004352463748874286,0.023318737403115974,-0.00348026516893011,0.023981848823293808,-0.01923523257328026,0.0542376859506086,-0.02078784140729941,-0.032978494536794425,-0.037458616591396036,-0.031109726530600845,0.009101303005332264,-0.05073447634315782,-0.01290132994925402,-0.026961212707826605,0.033531773404581654,-0.0423059045450486,0.017475306718512253,0.019033618432707934,0.05830137968382382,0.016909368816129634,0.0031788822378980095,-0.002892207907981048,0.019652034528758654,0.07182942346433502,-0.002878988572331446,0.04653067916314091,0.008433380774558224,0.08403702747848019,-0.0072559207488023456,0.06828350707795396,0.028527061533465015,0.054579443988261124,0.024876319538525697,0.01258945179344852,0.00496639077413607,0.015085219393787123,0.06452639339203989,-0.009901307706160456,0.03616734989856443,-0.008117734451759775,0.06434594957290818,-0.0265765331438781,0.045101200971180935,0.02143132188963017,0.05487942699005971,0.014167172725307018,0.003543688613417379,-0.008670034398424759,0.014793797114320679,0.07520693205026227,-0.010157773965375332,0.04778861956402802,-0.001330765943278106,0.09057155292925645,-0.017800984292171716,0.07553408014633459,-0.010379510737619285,0.0353572218337138,-0.04745003867588962,-0.025154151179672454,-0.06851683841974877,0.013689822217821855,0.025760888102612862,-0.006953339326530188,0.0011736774180301284,0.030893103175551127,0.08852803746909194,0.01744872430955299,0.0762790991871612,0.887770432214922,1.007902578095089,0.5783151422256831,0.432461015410492,8.364137274916506e+297,594.4188902914086
ernie,ernie Small,tinystories,GLM,hc_values_per_expert_standard_1_new.parquet,4.713082343147651,3.0,5.638905130466667,3.0,0.008354227159661868,0.0,-0.08044891149075972,0.010632657201750967,-0.05114175795161135,-0.13647272615652062,0.005585565168374025,-0.08687053394291577,-0.06529927641566532,-0.0071069706003879735,-0.04165535890417807,-0.015149635075094398,0.01773962780213894,-0.009486399047433279,-0.08420292277489137,-0.04309411813736076,-0.13488429007571506,-0.06660838990246827,-0.05809904547362462,-0.026674009629920146,-0.06082069224472338,-0.036829341485077514,-0.060388626341983935,0.00824873191637923,-0.008125831281023371,-0.0793887999981052,-0.008487483337810872,-0.11421133758543078,-0.03264103286963282,-0.1271163879438863,-0.018381638341144292,-0.1089111344087151,-0.03999260713485621,-0.10940777128588416,-0.018728550997880802,0.02736905412278961,0.08720470004187689,0.08193330368969626,-0.06800941264069929,0.05470727369681968,0.0010360232230076359,0.08706558630429712,-0.1094213824176522,0.07834468323108798,-0.026197806755407657,0.03978050352933965,-0.08525014087495121,0.05497333950277188,0.07089169767416886,0.07973887189531172,0.11851360357692042,-0.0567822737897334,0.0574649327214485,0.046817598588089857,0.12235463559845519,-0.0921857097622294,0.08115742510282141,-0.007201409255700751,0.049257577566441835,-0.07003488866340013,0.054072155310200064,0.07438040915492546,0.08148431760985529,0.1214423049013453,-0.07114065315091712,0.04849514221066905,0.06969654831505488,0.13380171174980604,-0.07003283850549653,0.08241756533081547,0.02103372994856214,0.062306716386313396,-0.024747644612920252,0.06509009419448045,0.066039537390776,0.08033291867251909,0.13831162751939258,-0.08912895491878538,0.09559847045186601,0.07341693951834623,0.13159133876962253,-0.044372316687049995,0.10055979696121375,0.0331769828092418,0.03775341659465649,0.033279276497494285,0.0397718768121755,0.38885860807286227,0.2916829254881603,0.2724293525458182,0.0,1.9820230509280821e+295,49.318751932136685
ernie,ernie Small,tinystories,GLM,hc_values_per_expert_hat_1_new.parquet,5.145619233551686,3.0,6.362085881058797,4.0,0.008354227159661868,0.0,-0.07285809232993892,0.010632657201750967,-0.05490816518868366,-0.1275012265129448,0.005585565168374025,-0.09248750234120645,-0.06407400357688689,-0.0071069706003879735,-0.04373636719597915,-0.008784088753052033,0.01773962780213894,-0.011171797992704513,-0.07109538240667013,-0.04792606462328369,-0.11880803814365663,-0.07374731366189496,-0.05526788767184383,-0.02924872397606456,-0.059632791122997325,-0.038833892443148076,-0.07363140736410892,0.00824873191637923,-0.023009447879668327,-0.09100663520517227,-0.027100162691507668,-0.12643774876404296,-0.050445733952914774,-0.13649413427350576,-0.040735347775645504,-0.11398987736907357,-0.05166122354676596,-0.1118813669864421,-0.033448091671305885,-0.0033725269826742153,0.08720470004187689,0.06989329849424411,-0.09019853967076243,0.03304946984289732,-0.030426233500698417,0.07388116127307454,-0.1226839081737029,0.054693192113306525,-0.039427154270514644,0.03338541549170625,-0.08151687641824812,0.04356393047594759,0.023990617083575055,0.07973887189531172,0.10432186547170133,-0.09893588026026469,0.030395515674733153,-0.0015225287615886884,0.10194813630986921,-0.127776433802773,0.042417402313189856,-0.026582167770011753,0.035357878653551264,-0.07654797576193052,0.027894739549055733,0.02239768887697158,0.08148431760985529,0.10332310042014625,-0.11276206728372071,0.011713446087179079,0.013373204496072027,0.11228404758565431,-0.12031200599672585,0.039470686326083644,-0.004308804554556052,0.050837837043430714,-0.052166541713513336,0.04292556887345174,-0.0004837367023866543,0.08033291867251909,0.11735340526605993,-0.14676896121370625,0.04823551168730751,0.017171756831543098,0.10439062890258947,-0.10308940642119668,0.0388834218103654,0.025102892071963805,0.021641001527066692,0.01202675493248013,0.0031759095481715717,0.13471605541540246,0.27754105940705165,0.19862863554218127,0.0,1.9820230509280821e+295,49.318751932136685
ernie,ernie Small,tinystories,StudentT,hc_values_per_expert_standard_1_new.parquet,5.013983172624298,3.0,6.2760859008790275,4.0,0.08263054099319175,0.0,-0.020088607874087946,0.012761383349578891,0.00868835700290414,-0.04597848288180626,0.011064416341816437,0.012974220817645201,-0.03134634880572788,-0.0030185525259037796,0.004821941886222765,0.011257740931639938,0.01577993587548267,0.0038664151166813744,-0.02328183679871467,0.019007718800154973,-0.06301160307653508,0.02701932201022713,-0.048616954682753524,0.00882338623407576,-0.031186195248161627,0.007936955182007887,-0.006556362423250534,0.012732724147755633,0.02079885638638724,-0.04853708995095086,0.002157455880549167,-0.015084094596046893,0.059528085493544866,-0.0773275153271156,0.04540380829316053,-0.01576192947702251,0.06713022034265292,-0.06627431849627606,0.06448782668618128,0.05091413396317837,0.01212562280756679,0.05404684270553759,-0.012935727760904226,0.003509436523972582,0.06720461187967355,0.1227181238624389,-0.028642008608952396,0.07231239070039974,0.04316433734651087,0.11815254900283219,-0.027147172403684073,0.09799426862241481,0.0689906385838513,0.011023008960456167,0.051036328100569184,-0.019380142980555577,-0.031691542546645995,0.08454754053155594,0.11793862176011458,-0.046933056890199644,0.02818401540496867,0.04719521965588619,0.11193019263310734,-0.04517525732225583,0.07127855904424128,0.056866398222916434,0.006947698511745714,0.03850949035337782,-0.04517092189617235,-0.05593950386181305,0.09147923610110087,0.11471062146228606,-0.04798733130108932,0.01228569156211092,0.06946640078536517,0.12078959696770608,-0.020343549169052684,0.0745257282436703,0.05030915534408071,-0.01364492638285866,0.02858404001098261,-0.042924951761943476,-0.06649883978063204,0.06903710339083577,0.08536007233729011,-0.05436300031227828,-0.008731422274984564,0.044034272649831105,0.09104793658206248,-0.030820815656339935,0.0598699669586783,0.8374328760073929,0.7706285888427883,0.4348607638365084,0.051330724240973076,172038835499.8895,69.2280871556929
ernie,ernie Small,tinystories,StudentT,hc_values_per_expert_hat_1_new.parquet,5.132220757727413,3.0,6.635763623930946,5.0,0.08263054099319175,0.0,-0.020243650118347098,0.012761383349578891,0.019300022938345908,-0.04562058906498282,0.011064416341816437,0.03303521116014783,-0.03068744065121643,-0.0030185525259037796,0.016038214914290156,0.010443790532869333,0.01577993587548267,0.003261808024055752,-0.02139201760246125,0.03064536007634276,-0.05563962650939977,0.049997151984690465,-0.04181788846429958,0.02235833638264587,-0.03074618047133146,0.01910234850059242,-0.035159614114167244,0.012732724147755633,0.0026240608094734524,-0.0771404243964759,-0.017779915040831137,-0.042940198823140846,0.05406373874411047,-0.09878174005908584,0.03857626976328876,-0.028855827431560368,0.076758821226317,-0.0699660964901962,0.07383193358301006,0.008446333244592647,0.01212562280756679,0.02472201928356467,-0.058822445026044966,-0.02754981104190412,0.026647212933278486,0.11225455992070305,-0.06362660599582817,0.06205405516518696,0.028979853370397605,0.1330542437206458,-0.029903070720937175,0.11497544017838354,0.009821763954324516,0.011023008960456167,0.0038614359316315448,-0.08095824459721755,-0.07895080063824562,0.02923632862782196,0.08774616848412636,-0.09040291433423622,0.0006900776797761399,0.030632724329271402,0.11806034432509761,-0.04256283402907565,0.08140044320168612,-0.0074765020564198596,0.006947698511745714,-0.01668214177401242,-0.10633816645068653,-0.11144242325468612,0.028027670432046993,0.07956120054483885,-0.09914698070492256,-0.019701431953302897,0.046853622754906635,0.12833828146205373,-0.02867229797372814,0.08704047337091712,-0.024198741176663964,-0.01364492638285866,-0.04329030146935131,-0.12194916161558134,-0.1507091257609778,0.005352853621184123,0.03857672644636548,-0.10902132174581207,-0.061680965565427896,0.03400626156970519,0.10234136665977295,-0.02280453649767014,0.07596222604329382,0.5983014878530603,0.6629739949874192,0.32712762288273917,0.05102580411667772,172038835499.8895,69.2280871556929
ernie,ernie Small,tinystories,StudentTSkewed,hc_values_per_expert_standard_1_new.parquet,4.611761324784207,2.0,6.113797853469036,4.0,0.0736420664572329,0.0,-0.04307193668100753,0.013335441272106924,-0.005918852318982932,-0.0794164202621755,0.013380491879169601,-0.013473860432398711,-0.042986089040605045,-0.0008561483819485357,-0.009143394977248743,-8.584764040248799e-05,0.01419158965405546,0.003224542658265811,-0.056019797033615745,0.009621215319276682,-0.0997791416545194,0.01632745571178106,-0.05142475090992301,0.007809537732751489,-0.03512352076217678,0.0015502774646614908,-0.015782240964961284,0.01383867033858132,0.03811572048435083,-0.05260383349201922,0.04471510948429604,-0.039537575909273454,0.05486094622828987,-0.09139276329838296,0.0770983876454117,-0.04267625225182081,0.04347259591034332,-0.08299557538093498,0.06968565774453826,0.03870020088126294,0.01309275271973694,0.07773652959544886,-0.030693483606759414,0.04607175344650613,0.037889442251397246,0.10841149143145803,-0.06146237910000213,0.07522482412735076,0.01423559351075131,0.0740728218059043,-0.05536524954857371,0.05917436124691859,0.06654689301953942,0.010316731709552553,0.09979280421140377,-0.024102822857463607,0.04406362251255852,0.06799805755722457,0.1216924356743008,-0.06185672706877746,0.04875241131403204,0.026677688825678027,0.06742810976700976,-0.061096911114244805,0.02264032779938189,0.05131344400807619,0.0047378426098534775,0.0846554878351829,-0.05515708415975461,0.016976336807272088,0.08667677490091419,0.1299196556643279,-0.045181422606977203,0.046891357086654185,0.06845634138646438,0.09465861430144659,-0.006267663043038463,0.047831396986193694,0.04345694219657689,-0.014868190434739753,0.08849933378570334,-0.0637442635898971,0.0348052560098059,0.06679249255230107,0.11030175314538003,-0.050265564512800585,0.04513982727126335,0.04828180885168368,0.061514534263589576,-0.0024090750909695085,0.02654804653871702,0.686865586763948,0.666630879089853,0.3571059939760884,0.0,715122672.206437,81.66855317538152
ernie,ernie Small,tinystories,StudentTSkewed,hc_values_per_expert_hat_1_new.parquet,4.842161594339342,3.0,6.603020603129615,5.0,0.0736420664572329,0.0,-0.05028474200734667,0.013335441272106924,-0.011275736680191082,-0.08909574562716654,0.013380491879169601,-0.020615747107897837,-0.04560962131178145,-0.0008561483819485357,-0.011032643308615078,-0.004675120695565221,0.01419158965405546,-0.00024309337157600412,-0.058217715977726125,0.0012493125486845746,-0.09930138361837504,0.004963363646919315,-0.047892574325760405,0.004606386414845737,-0.03852770758754995,-0.0006488506226611651,-0.04714119365179367,0.01383867033858132,0.011608055119094136,-0.08521473155013592,0.00295259591719766,-0.07415688876002124,0.029010313666589026,-0.12065849086310002,0.03396513462004889,-0.0630158627254997,0.03128611549042135,-0.09426772982728159,0.046955635818871126,-0.002292897724234233,0.01309275271973694,0.051294731977155686,-0.07166512905059051,0.003776901028488711,-0.002459041790516924,0.08915086589150084,-0.09046870129321977,0.04332603876187756,-0.001144955484627054,0.0736764249758098,-0.05475063475309327,0.057061020539842196,0.009868077660028406,0.010316731709552553,0.06499832460175538,-0.08279683643837037,-0.012205243903287906,0.01690553046962457,0.09289220915150104,-0.09768023137995928,0.003310053009173781,0.013441326792847139,0.06286856734927089,-0.05094878067750995,0.017004668898742546,-0.009389275085406639,0.0047378426098534775,0.04240410340674006,-0.10824440351107671,-0.05338595263698394,0.02665905244986816,0.09893356131557361,-0.09288949430010109,-0.004523908083204064,0.04690495031157936,0.09473766339365314,-0.018175565979502508,0.04849355437716331,-0.030497818948246564,-0.014868190434739753,0.039549007997638906,-0.1342804652271671,-0.05702084755583226,0.007307223601255396,0.07543641138227135,-0.09948074729948835,-0.020016345176265736,0.043661185662036986,0.06490758031482205,0.004060658416677873,0.03342128035979859,0.42440502788088696,0.6008147159864557,0.265836000095327,0.0,715122672.206437,81.66855317538152
ernie,ernie Small,tinystories,KDE,hc_values_per_expert_standard_1_new.parquet,6.235226495684145,4.0,7.250606994559346,7.0,0.0002675731118752911,0.0,0.003981521210804892,0.00428663342802388,-0.01458737289148623,0.03055641545482255,0.00870446822659595,-0.0030129690332859472,0.033314998202525384,0.005290127214411069,0.01562752568354956,-0.02933347699172049,-0.0010034937863871891,-0.03021489857503579,0.022456927776225526,-0.011343975867681015,0.04630907082582503,-0.007520786463385443,0.028615204614670427,0.005609621271521309,0.04660388976572108,0.016996131976159703,-0.00807481955887054,-0.00140463092023488,0.008762926504237491,-0.01128314697920702,0.011067960184869186,0.03541423357184317,0.059938588843499556,0.050360553741368365,0.06296274035439274,0.05978837575107856,0.0794169880444071,0.08483494674170253,0.08162136657320368,0.00282358987094897,-0.005070357786698803,0.026570330256013693,-0.0367644391086256,0.014489645821808929,0.06372536258250863,0.1070094898185035,0.04620847019517679,0.09745918914604533,0.08686149729314163,0.12380234284456948,0.10219352396083442,0.12251057377571167,-0.006544577041240398,-0.0019303243773572966,0.023693892204131407,-0.08779538573903943,-0.004104000473082792,0.04189776729116968,0.11260303711679379,-0.005071146969652733,0.09979207479411276,0.06492677747644665,0.13239529954456436,0.08240530069455344,0.1427687336817478,-0.021615655833420143,-0.0014345926163577727,0.01555907690917216,-0.1339360852399852,-0.02481638147809403,0.03757803078617281,0.1047063775506425,-0.03905998713151501,0.07840304666648179,0.0747227695976375,0.13037498268480877,0.08286638866492961,0.13482871288981316,-0.05617100414928522,-0.0013654055766917103,-0.015601750926044917,-0.20205361521820508,-0.07161096743359881,0.014818910333614484,0.03598459761507149,-0.12145127346343655,-0.030450854921581047,0.08236240473290304,0.06848689202122543,0.04661081464158889,0.03449529309038795,-0.41225201514442,-0.4366394673063937,0.07088318413484,0.0,43.44366246982156,21.61969989835561
ernie,ernie Small,tinystories,KDE,hc_values_per_expert_hat_1_new.parquet,6.769897033902504,5.0,8.223245166341284,9.0,0.0002675731118752911,0.0,0.008755422315227433,0.00428663342802388,-0.0089377541982036,0.03765259595916701,0.00870446822659595,0.00995362502989252,0.03592322037577111,0.005290127214411069,0.024488509215129236,-0.027167798060543674,-0.0010034937863871891,-0.03342626341333284,0.027989936137838373,-0.0046456810226172,0.05464977853705267,0.007460187544824749,0.03178576994885757,0.015621572469737968,0.04940318887926072,0.026299902340067915,-0.011321966097762027,-0.00140463092023488,0.003730159020553541,-0.01580595309642534,0.0054096628757905555,0.02964666837504102,0.06169436799411268,0.03702404019112037,0.06510123948201621,0.05448027617506224,0.08687840664249813,0.06966133320029201,0.09025236034748191,-0.0038011655157017365,-0.005070357786698803,0.01806132912952605,-0.041788330242201646,0.004287180877435308,0.05344789048450212,0.10826295663488805,0.027762547315573545,0.099055985272743,0.07908682087913595,0.134165338645984,0.0813123630124609,0.13507084608020511,-0.018275609530318142,-0.0019303243773572966,0.010845089253076347,-0.09337103700266439,-0.01945907224868354,0.02585829855886978,0.10954758105178485,-0.026449238762059023,0.09613122947137855,0.05458939933382087,0.14125017542707774,0.058396809002919284,0.15332878263887165,-0.0379620111562808,-0.0014345926163577727,-0.001974051049855926,-0.1396305999739789,-0.045862793454820874,0.016428634602651433,0.09981204618315265,-0.06265990129652356,0.07250125502765889,0.06194801798718894,0.14153949213442457,0.05578269780389036,0.14817939530664037,-0.07569552904172842,-0.0013654055766917103,-0.042913179922096145,-0.20284718744135466,-0.10489883720272017,-0.003281921336507323,0.019379612500409954,-0.126842157757953,-0.05039752114244319,0.07771287914820531,0.07445585245598929,0.03977984624886813,0.042263034012176445,-0.5559491687201144,-0.48261481088251534,0.0592300650809229,0.0,43.44366246982156,21.61969989835561
ernie,ernie Small,tinystories,JohnsonSU,hc_values_per_expert_standard_1_new.parquet,5.378883526415412,3.0,6.55310335259199,4.0,0.003300068379795257,0.0,-0.019989118333461703,0.009713221124513473,0.005272111600593302,-0.011853485828193063,0.005599088650340317,0.014534870199324083,0.01165117479319295,-0.005864862367528279,0.011346078356926128,-0.03164029312665465,0.015578083492041752,-0.006073966756332826,-0.028902647233103793,0.012869787243231685,-0.025172718796766285,0.018844145479730696,0.00669263873501659,0.006670386925677556,0.027367845278764364,0.016244986420023942,-0.014891932077306047,0.005138860841148581,0.045203829465413584,-0.060541903953456176,0.04438481051495322,0.010652612493395427,0.07992468069050145,-0.0244310973983445,0.08318890086399562,0.03008358798086993,0.07335746882038516,0.022944979928732574,0.07892300516146832,0.016483036302196143,0.012991841701767363,0.07844909181161161,-0.06858992174313663,0.05413381853784763,0.06523550437931178,0.1301573653023055,-0.0011073893249700622,0.11037611487589565,0.07518469235617647,0.1039673585438777,0.06772268895914806,0.10045532597443554,0.021461676915244844,0.011624272341468367,0.09096472354147789,-0.10852850409072806,0.04072030755007254,0.06384832221328363,0.14448264219847537,-0.0358191262617419,0.1135809889575566,0.06688539847203556,0.10811731158608205,0.06074412546659947,0.11596118144947377,0.01838078823440238,0.008788894982408977,0.09482296799069892,-0.13587330282725527,0.029753661952464597,0.06838631013132951,0.13916922605920715,-0.05834790031215291,0.08414889767164394,0.07671087953277794,0.09714575425457746,0.05790966367051189,0.08661175207340374,-0.009161154589003996,0.0029371544210085145,0.09110503451165892,-0.2014239957068096,0.011596365710933188,0.04575933398560318,0.10536827354261077,-0.1351393552919623,0.0011633455473988538,0.07546461231227758,0.05161689531039221,0.026381857580660854,-0.010933364096776414,-0.2335715104866796,-0.2999235692929129,0.087861755591469,0.0,1404.72080141367,26.08637898928051
ernie,ernie Small,tinystories,JohnsonSU,hc_values_per_expert_hat_1_new.parquet,5.947704321801263,4.0,7.674918489302031,8.0,0.003300068379795257,0.0,-0.023755151420441822,0.009713221124513473,0.009246803255280954,-0.016373843360672845,0.005599088650340317,0.02268220595910555,0.010955658255057107,-0.005864862367528279,0.016347671555917702,-0.03471080967549893,0.015578083492041752,-0.007100868300636748,-0.030151952264018095,0.018662511049383487,-0.02743908547315444,0.03025299486584083,0.005492638242852404,0.013372372531953669,0.024202901896169266,0.021979441881594876,-0.03162432332513336,0.005138860841148581,0.03408815061645499,-0.07291290268852027,0.029469875480897828,-0.01097903491032627,0.07298881854151118,-0.050574925563935745,0.07350587099377229,0.014596019368036287,0.0739744388404149,-0.0033900920926027223,0.07920122053220759,-0.005253053303856127,0.012991841701767363,0.06701604512174598,-0.07889927460451679,0.03738894438376097,0.038610196231466186,0.12587354360549677,-0.03178344346112365,0.1040993207745612,0.05966494025521299,0.10948951188859218,0.03502058809615958,0.10854645087742669,-0.009079084517615164,0.011624272341468367,0.0761248494058439,-0.11655554482573056,0.018239682967915248,0.027195643611525492,0.13708378885452663,-0.06940147959450453,0.1021395290330639,0.047070286765689,0.11296379831091444,0.02237711080189012,0.12297116460350672,-0.020799672936452594,0.008788894982408977,0.07724969969918946,-0.14524318139568287,0.0019587362570528035,0.026052772159389954,0.13316250732086543,-0.08943603909004938,0.07453731489373551,0.0577753740598894,0.10679664658995713,0.02425093674865893,0.10169170193008485,-0.05783895959497776,0.0029371544210085145,0.06451015301019411,-0.2047146155865965,-0.03241460459292012,0.005240546791442805,0.08690166957417136,-0.1383669809932203,-0.028908811814364124,0.0704697437886276,0.05414139620665188,0.025361761304992694,-0.0059434155655630925,-0.38425815086848253,-0.3241899493398493,0.06655112847952635,0.0,1404.72080141367,26.08637898928051
ernie,ernie Small,race,GMM,hc_values_per_expert_standard_1_new.parquet,3.5726487565643854,3.0,4.4694153899570335,3.0,0.38488780868885897,0.0,-0.013630944090574044,0.06013132191749093,-0.019680905494292356,-0.03255105049382549,0.07722770525552906,-0.030880577523775793,-0.028164960161729365,0.03273045237972273,-0.018440216602981816,0.014534016071155322,0.0274008695377682,-0.0012406888913105395,-0.034122056190775955,-0.04128044522116867,-0.058939252971408264,-0.05821295568854156,-0.03926657277124093,-0.029500057075064538,-0.03695470480467995,-0.02722197754799401,-0.014117253670867039,0.04015430986213702,-0.01593162049197494,-0.03013096712346396,-0.03343750987024458,0.007202461413238375,0.018091023100762237,-0.021284038261794945,-0.011868479116320335,0.025282370078436662,0.042803173845377004,0.0015291798358200528,0.01851696660544572,0.008194211305435751,0.027053263694697183,0.004146298328253798,-0.003653398092843372,-0.008987169359487552,0.051068446138278586,0.05685586639678605,0.026159071955807054,0.03072895313677959,0.0628639146061815,0.07538538071962347,0.04071090198722932,0.052924797868346966,0.021032092911249044,0.015566029878473045,0.019521570803572953,0.013588570656382956,0.011461286879587095,0.07444825222779304,0.08127469621697868,0.058146797383630336,0.06486066983795552,0.08108835649960217,0.0922754258419465,0.06640310627169509,0.07810702396947168,0.02901604268361685,0.005110347868326646,0.02632138624130602,0.026902156297822118,0.023956598084727113,0.08711119504073006,0.09110947090447342,0.07766119406088529,0.08198805369320794,0.0904233132254931,0.09895372009996667,0.07948145105417934,0.08874888413900299,0.02392829061619262,-0.012301236099094143,0.02124356257459585,0.028543678095436627,0.02606678105295526,0.09139017029940294,0.09282553601424998,0.09056683665464607,0.09279313594174819,0.10079562838408272,0.10566770022709349,0.09472549054002663,0.10047193635170171,1.4695249678421762,1.2350616772381149,0.8432023943511218,0.47591390651171767,1.2317173733778913e+298,484.5048613533318
ernie,ernie Small,race,GMM,hc_values_per_expert_hat_1_new.parquet,3.6802656134716374,3.0,4.789227898094701,3.0,0.38488780868885897,0.0,-0.011847264729354032,0.06013132191749093,-0.023600282999058808,-0.035293993827257404,0.07722770525552906,-0.04137613877834751,-0.03413526149600715,0.03273045237972273,-0.028105079395596356,0.02228799676665312,0.0274008695377682,0.004504796396537548,-0.027780895105001483,-0.043233055857498905,-0.0558733198205146,-0.06645582437341306,-0.0428166689195356,-0.03844494852674393,-0.041046298193384664,-0.03620800782490632,-0.01898290955286957,0.04015430986213702,-0.027201575354059763,-0.031044566845186975,-0.0429729824076283,-0.009682869920892187,-0.002428520430145532,-0.03180845667941374,-0.029862152850350005,0.0062526213891138625,0.02535647507775758,-0.01256470918299803,0.002886977821414501,0.00020768197947176892,0.027053263694697183,-0.006559282016925882,-0.009096100482794888,-0.019003975216290044,0.02996011054894779,0.0407787489616983,0.009731684675489795,0.015969668786643583,0.041868586041182536,0.06440783987103431,0.02355173963312545,0.04307847353415499,0.009096088662135786,0.015566029878473045,0.008388701233218884,0.002591525407585394,4.34724484596397e-05,0.050601069195251924,0.0671311043579978,0.036022340364902525,0.05048874225256423,0.060786031341617947,0.0846566059237048,0.0475005581068603,0.0704959158582382,0.017406016415172455,0.005110347868326646,0.017143875517134404,0.014692967338118994,0.013943402712097167,0.06471850388621313,0.07973720451450933,0.0549177776450302,0.06966072428480775,0.0716950298647569,0.09301194185278304,0.060920406922994864,0.08238567766462078,0.015730781934842793,-0.012301236099094143,0.015661685015931834,0.018344561156772715,0.01931043172790358,0.07328549154877842,0.08386214373833192,0.06995619229123282,0.08212736881606722,0.08454298930487758,0.09925833336916558,0.07715065191281943,0.0929669241112461,0.9199520393719433,1.0079052289036128,0.5782987944791574,0.4455326248809466,1.2317173733778913e+298,484.5048613533318
ernie,ernie Small,race,GLM,hc_values_per_expert_standard_1_new.parquet,4.600503450371078,3.0,5.791632307625537,3.0,0.009357232758994836,0.0,-0.025575242726912625,0.0035123263130768384,-0.00667215471620099,-0.06877200805908526,0.005840768179687691,-0.02558498410226802,-0.06345941024961668,0.003745551484387999,-0.02709536117511655,0.03788416752270406,-0.00023322517131116067,0.02042320645891556,-0.04676532161975469,-0.017172945517482746,-0.09168313650599394,-0.02816118815193704,-0.0690749188470729,-0.017771087300568655,-0.06333534944508816,-0.025041516566955333,-0.015660730884712315,-0.002384080940718713,0.016415812252396564,-0.02827487858879457,0.01670386206217684,-0.016510872030063954,0.045539083340260536,-0.049200201646114015,0.03856243895014282,-0.007049945664297633,0.047831376529275466,-0.040500856136072794,0.037531844205862,0.02596515293861977,-0.00345479994701412,0.045709059525134994,0.014743853592247643,0.04001448798927261,0.06085114021869244,0.10083765819196333,0.02974139767096226,0.08172935836286416,0.05733507761574802,0.09210270465815043,0.025770950981898903,0.07136339608077492,0.04285910114351918,-0.004304692727527783,0.048821785998939576,0.034315676234895696,0.041553771715207424,0.09466136612959311,0.11189935916004932,0.07008081391237073,0.09147639645312057,0.08552202200710496,0.10310526211106197,0.06041850683371922,0.08240288514067269,0.05328478723716619,-0.004999013427887559,0.05200990517143969,0.04747233872615008,0.04583870033665657,0.10952605642149141,0.10922970531510323,0.0914088287683478,0.09117844955745477,0.09541205815802739,0.09638391693261085,0.07627298674184657,0.07772999966128422,0.041370243221212105,-0.006673747502658718,0.041996207537996016,0.041046716777701574,0.04154316017229334,0.10466026304131759,0.0969087371620371,0.09804517764988104,0.08920696548033878,0.10042137161246717,0.08901837211482579,0.0915941774746941,0.07882402644714781,0.27588996866097093,0.09806282115359222,0.23195439757567232,0.0,1.736035762336704e+295,43.51479600489942
ernie,ernie Small,race,GLM,hc_values_per_expert_hat_1_new.parquet,5.010615858686689,3.0,6.578525237619895,4.0,0.009357232758994836,0.0,-0.03365147711126925,0.0035123263130768384,-0.01290396344839963,-0.0799710204525195,0.005840768179687691,-0.03909895434042694,-0.06899520777630293,0.003745551484387999,-0.03808581402233531,0.03534373066503368,-0.00023322517131116067,0.02518185057393568,-0.053148900769562135,-0.025473583681398116,-0.10015928790206183,-0.045938680038344594,-0.07293344648604654,-0.03210610054372102,-0.06894748430749822,-0.03644278300028922,-0.031409694044091926,-0.002384080940718713,0.006286949850995102,-0.0459321979992213,0.00333958181196201,-0.04036870264063595,0.030095822771454128,-0.07391474392211593,0.018160670001673773,-0.024530611942027342,0.03644664516656368,-0.057182373511950324,0.022476210222786966,0.007249215123393323,-0.00345479994701412,0.039052170245507604,-0.0070914037201694514,0.03171112395521998,0.03110431379671206,0.09190578505773805,-0.003444629620773258,0.07050952508605014,0.03583928968844856,0.08677319239303655,0.0028627083648533483,0.06461880584645334,0.02727825735005364,-0.004304692727527783,0.04480266650445709,0.016271218852392598,0.036714426445295066,0.06937600709908416,0.10854332867364713,0.04179566674548334,0.08737024709140943,0.06718629683380409,0.10280019244021904,0.040616410458574816,0.08195386387726722,0.039304546993594584,-0.004999013427887559,0.04934312598550597,0.03127942122879781,0.0427404083722597,0.09057934479429997,0.10811409490419957,0.07019325950919957,0.08980720835013271,0.08408782257488534,0.09772266219852191,0.06420747181981508,0.07918513026938825,0.030247106597666343,-0.006673747502658718,0.040196836522132635,0.028392526106159516,0.039647921022061924,0.09262103888372772,0.09852148345386637,0.08440349711836521,0.09107913041134688,0.09570904287143393,0.09318454830633782,0.08631743753199508,0.083454330119315,0.05824823215792838,0.09627594597950048,0.17069947608924343,0.0,1.736035762336704e+295,43.51479600489942
ernie,ernie Small,race,StudentT,hc_values_per_expert_standard_1_new.parquet,5.331261663990278,4.0,6.592890933553231,5.0,0.09473547155071395,0.0,-0.009299830587415925,0.003797810959051196,-0.002410571181308778,-0.01889349277176628,0.006734929329230466,0.0032883650504374933,-0.014644992618915404,0.00462834157585645,0.00749138566290634,0.005345162031499479,-0.0008305306168052543,-0.009901956844215118,-0.05498945058271417,-0.030700452474530664,-0.07848388963631502,-0.02701142001976885,-0.040744776584991246,0.00041684972978659867,-0.017190931293972405,0.008662402526933125,-0.004451310977272913,-0.0017437510441115657,0.004863270618427292,-0.03973879120601102,-0.015639236587266174,0.03490647838998461,0.06563289202691328,-0.034035250109863184,0.027481702064437112,0.05472091234248412,0.08886139137439025,-0.006555517462329089,0.055997070239246896,0.014557424146597737,-0.003472579948593295,0.012690990355463432,-0.019943284438927223,-0.01621699518191589,0.07362646183546619,0.08489912859631737,-0.0006666915348805339,0.02784785902672229,0.0876566059587755,0.10551889607047936,0.020771090080134596,0.05679062136885506,0.02364940403755702,-0.004304789629513573,0.020728680127324477,-0.007545484789396254,-0.008177347903603817,0.08839161949126342,0.09448932926279667,0.019720051476700837,0.03620948676136152,0.09771731921112142,0.10942450538714377,0.035823270491489444,0.059560672000577894,0.03137392813875829,-0.005032502509510298,0.027239959099836786,0.007752774619989237,0.0021986372656079187,0.09569203533296256,0.094140102141935,0.03707467335097842,0.03700406267651094,0.09987468122176882,0.10219847201311857,0.04346015950735105,0.04942495147628644,0.025699126921171836,-0.006835604768887486,0.02262041881820983,0.014890431588145844,0.00887230153179591,0.09549919801461426,0.09032213463287281,0.05124672094723531,0.0411704347222471,0.10458067658656897,0.10072265609446805,0.054928327807715595,0.047461741700742924,0.758038166446547,0.6634777816410544,0.4229951233918266,0.04894116583678812,11739371276.781574,60.92845161103007
ernie,ernie Small,race,StudentT,hc_values_per_expert_hat_1_new.parquet,5.4837290048175,4.0,6.933961199600712,6.0,0.09473547155071395,0.0,-0.02665358736773606,0.003797810959051196,-0.013956203986774114,-0.041275658629351814,0.006734929329230466,-0.010408046271142184,-0.02422114043442082,0.00462834157585645,0.0027676457998476543,-0.002432446933315239,-0.0008305306168052543,-0.016723849786621767,-0.06913884317072222,-0.04316439282147569,-0.09594212149991421,-0.04236464792002428,-0.04745692976658058,-0.005460741216948403,-0.028761639744896948,0.003415379068995463,-0.028512380427418084,-0.0017437510441115657,-0.01459211485666627,-0.06433271524360645,-0.03968023013570767,-0.0018873435013048083,0.04233969704870334,-0.07209073092471036,-0.0021017043669460337,0.027521220581607643,0.07611856712749426,-0.034961883969838285,0.03914401934158336,-0.010252727148639243,-0.003472579948593295,-0.0077132742061809334,-0.04751894441930766,-0.0420977314570617,0.03557582167398535,0.061843593418307044,-0.04287534836335497,-0.0015021521905123688,0.06110347631887421,0.09525541913176117,-0.008534894654215914,0.043711815542892545,-0.001230568678562579,-0.004304789629513573,0.0002850260074451962,-0.03782112851446323,-0.03614042802934393,0.053512736166185904,0.07478960166936555,-0.022161805033322112,0.009544976497799926,0.07612048562886309,0.10419908775804738,0.010443059967689716,0.05291569657251039,0.006986294109348988,-0.005032502509510298,0.008228689826447325,-0.026009833050546913,-0.025548634040428383,0.06535512814658301,0.07620492212514612,-0.0031924910249650205,0.011757849926736022,0.08392146860024785,0.0977636802732386,0.02392484479676073,0.044359733900190025,0.004913978056025019,-0.006835604768887486,0.004621880323867636,-0.01824126866000524,-0.02029627933456922,0.07397791279890473,0.07674309521748686,0.017735014961941763,0.020243978612678598,0.09712567510386035,0.10126737282476048,0.04424506559475479,0.04993744896166946,0.5371438208241551,0.594014463598102,0.32299257267800713,0.0485563487073244,11739371276.781574,60.92845161103007
ernie,ernie Small,race,StudentTSkewed,hc_values_per_expert_standard_1_new.parquet,4.797170261707391,3.0,6.3562171780738685,4.0,0.08818193654789289,0.0,-0.008223951286421146,0.004948789574995581,0.012342805818437486,-0.027002966531502727,0.008188854486512676,0.015924332924237276,-0.027147121869269035,0.005221334396411733,0.006818019711525415,0.01892317058284789,-0.0002725448214161517,0.0055247861069120715,-0.06723410931230386,-0.016205434326032542,-0.10169289660250454,-0.007850908355242601,-0.057737819626256334,0.009048492075301106,-0.028395215373889886,0.013237709038577622,-0.0072514976977751545,-8.313558438632516e-05,0.01974083340075468,-0.05415224699840473,0.0042566766218934664,0.018326305494250565,0.07409137850640458,-0.07100665413994174,0.04456583568249257,0.03393877532735311,0.08520679001053645,-0.044230388274074744,0.059331493666543146,0.015634413450157314,-0.0034625493759551295,0.027490116004485143,-0.031217790419772923,-0.0018182519825201873,0.06441751755929756,0.09384714477682457,-0.03352937906869181,0.03390281988749628,0.07355002941336605,0.1020404241712706,-0.013133448023771041,0.049611289161396156,0.02798081152897609,-0.004311474975066691,0.03580871151207166,-0.01214193180561427,0.007285407652597194,0.0858353073004354,0.10563094346883514,-0.0017937753847673268,0.04416518450393489,0.08941987043001093,0.10854229696538727,0.010790283802909017,0.05372466827325193,0.036114235777082594,-0.00492533439302454,0.04075065134241059,0.005058694199400294,0.01620306355317141,0.09804639329126724,0.10542139006918352,0.023986333640639845,0.04218549357461826,0.09801498666716868,0.10329906423733368,0.028059015422219877,0.04136963423920807,0.028605063600907428,-0.007135912390129769,0.03477567587293051,0.017091301769939095,0.029719459018639944,0.0986971834420568,0.10131771839847747,0.04653206908968666,0.051794158969165206,0.10588475847381608,0.10288113153830555,0.046015864306359976,0.039676354663398174,0.6113503296980438,0.5249336895887519,0.3557576552693792,0.0,110610332.76603898,67.99775874595859
ernie,ernie Small,race,StudentTSkewed,hc_values_per_expert_hat_1_new.parquet,5.022394861334144,3.0,6.872036803958162,6.0,0.08818193654789289,0.0,-0.029288018277211204,0.004948789574995581,0.001252036701884329,-0.056475126518756025,0.008188854486512676,-0.0006345825967824124,-0.04194855442701653,0.005221334396411733,-0.002410874651699862,0.012660536149805328,-0.0002725448214161517,0.003662911353584191,-0.08137066038092601,-0.03325083129910474,-0.12182722989641123,-0.0337051061880175,-0.06815812078626345,-0.005689594473790706,-0.04733890972128819,0.002585032799390721,-0.034104669759979264,-8.313558438632516e-05,0.0010829676731122723,-0.0780620735291096,-0.026004930747852668,-0.023499581845725693,0.04892984168879634,-0.1071206111191577,0.00284382782843392,0.0024906223640779376,0.06894221674158302,-0.0705827564375667,0.03168915898755888,-0.008540280969869089,-0.0034625493759551295,0.010512144394815912,-0.05357288936426225,-0.030444145145274146,0.02513720143645495,0.0721369099148115,-0.06827601286757394,-0.0031352260456411884,0.04458002533138806,0.08995110131736583,-0.0376223823687319,0.028727500357909646,0.004052048563008018,-0.004311474975066691,0.020522298785783967,-0.03889770071897806,-0.020721260304681514,0.049809265041026216,0.08912890303439655,-0.03927179375224868,0.013717474782010915,0.06518230212346927,0.10215906327031163,-0.012270265237269066,0.04185592592666681,0.012773665308748398,-0.00492533439302454,0.027509114420603522,-0.026288700210866305,-0.009350130704267792,0.06748677206720582,0.0918870078422225,-0.013130565764246626,0.01639506089999489,0.08061086045509804,0.09875050876336477,0.010324062316183203,0.03316540794084125,0.008452003722665729,-0.007135912390129769,0.023179091335358913,-0.01691612522483076,0.0051715571406949915,0.07582658437288864,0.09211367542030077,0.010813319171938361,0.03259748118361194,0.09588265492178683,0.10260228497286492,0.03323705241757005,0.0395765789975003,0.36568213200418903,0.4893501325599893,0.2616033447154587,0.0,110610332.76603898,67.99775874595859
ernie,ernie Small,race,KDE,hc_values_per_expert_standard_1_new.parquet,6.282921748188013,5.0,7.375192048956208,7.0,0.0004687296558309101,0.0,-0.028734417326039614,-0.002013209143996304,-0.033713005911845534,-0.02934728897281396,-0.0016005702824433519,-0.0400431207979348,-0.005220287998947732,0.0002624627208132362,-0.013862011602419193,-0.023514129327091883,-0.0022756718648095403,-0.019850994309426342,-0.06806861786115363,-0.044154467079702754,-0.07748989396633071,-0.05457139023820181,-0.02334983471513069,-0.021083230391659644,-0.0037775555513611275,-0.013391863044223289,-0.02866656122169164,-0.0030100055689727657,-0.014351454053412213,-0.04717776895404224,-0.013795726324412873,0.017544107433851062,0.023289672545560546,-0.028021207880789958,0.004164317267129585,0.0555195104412993,0.048574982999914126,0.009916481394992089,0.02062092259276041,-0.02028849700458466,0.0031008215391767524,-0.009656525220903807,-0.04958376256287991,-0.015269541519611176,0.03892655134699964,0.029904183551396214,-0.0298049251473092,-0.005895981034498745,0.07669553465294937,0.05248823794264133,0.012021360575279343,0.008320528986402915,-0.012425355058296828,-0.0038934947683242323,0.0014070598150513168,-0.05238485296652477,-0.009158248405980944,0.053411253580459825,0.0417672040654485,-0.03319900816809043,-0.006025511011756071,0.08819147696654038,0.05682994388922301,0.01094752483616215,0.0016040454768624984,-0.007840111563688131,-0.004470492090748258,0.004743385609797644,-0.05131012897395114,-0.008630780612914076,0.05851504472337099,0.04087102958387335,-0.0351017872163884,-0.013720372040665677,0.09047148629701851,0.052074570086004315,0.006867733740889199,-0.00980381645472686,-0.008539868985235784,-0.015096196259019585,0.004182774997002547,-0.04056665769936274,-0.004196990247388858,0.06266569877419079,0.04265510032827291,-0.02070635424923493,-0.011455235073344153,0.0959244111909313,0.054551789638702344,0.015100828262936166,-0.011351733770155527,-0.4010917692704946,-0.45074316320685986,0.0697505115417212,0.0,16418331.81807249,21.46710052624992
ernie,ernie Small,race,KDE,hc_values_per_expert_hat_1_new.parquet,6.88414565340046,6.0,8.401926999696194,10.0,0.0004687296558309101,0.0,-0.034692040009469106,-0.002013209143996304,-0.03487553151191902,-0.03357855457775161,-0.0016005702824433519,-0.04014345197899989,-0.0037468890234451245,0.0002624627208132362,-0.012574330749454816,-0.030945150986023982,-0.0022756718648095403,-0.022301200762464207,-0.07102109974761539,-0.04630754337680005,-0.07620393551799326,-0.055723358771326496,-0.01795497217550362,-0.020030520931711163,-0.001872188542425682,-0.01204815116836983,-0.037860338486348344,-0.0030100055689727657,-0.017928451717139346,-0.057825644601477315,-0.018058151213988134,0.007003493928474861,0.01977778838649536,-0.03995726890974098,-0.00027205383630062827,0.050166399025003534,0.04733616054128305,0.0041076203791274085,0.01878560668164251,-0.030090818657873507,0.0031008215391767524,-0.013356951306555872,-0.05976712844392647,-0.019912373357851565,0.029123846179013195,0.026579146760882213,-0.03785215224493605,-0.010590521225902134,0.07355388678624361,0.05182987372928681,0.011780471566955787,0.006767678586422266,-0.02335471195423677,-0.0038934947683242323,-0.0016121882130941297,-0.06309187960938478,-0.013174497668655761,0.043879271029948964,0.03997952442408237,-0.038552794086181084,-0.009269126577954624,0.08679484151006919,0.05762567129152446,0.01518858877625717,0.0014662550723022428,-0.01964278299262709,-0.004470492090748258,0.0031802804190209696,-0.06338581800242449,-0.010912687712058122,0.05002436663808499,0.039772241343941965,-0.03781578179298964,-0.016262357593945627,0.09142073871272816,0.05223625845711656,0.01626181942576362,-0.010873754429979256,-0.019998422986574026,-0.015096196259019585,0.0035560489935276534,-0.05398983995801671,-0.005166134403425886,0.05651956129498545,0.042701489633472534,-0.021191204948762372,-0.012328519696736638,0.09973024084052563,0.0552895109083485,0.028926126352494547,-0.011515975849376386,-0.5399601571526305,-0.4997213451574259,0.059360246337992764,0.0,16418331.81807249,21.46710052624992
ernie,ernie Small,race,JohnsonSU,hc_values_per_expert_standard_1_new.parquet,5.376051386658565,4.0,6.672644416474979,5.0,0.008749620242176988,0.0,-0.010037485935281247,0.006812083612348877,0.016633288527916172,-0.019778230926114138,0.004755442473784473,0.025300691562480007,-0.014960126742123589,-0.0017987345143444249,0.014484360000763367,0.004922640806842342,0.008610818126693303,0.0021489285271528054,-0.0660853148468254,0.0010146514796389907,-0.09889520119775032,0.006939705769439043,-0.05527013914932019,0.008321379074488058,-0.032522084155109245,0.011798093151036393,-0.007274122459512936,-0.0018493770302591209,0.03271699934202133,-0.03805451013363515,0.03502814484425179,0.027899955367608927,0.08723933500808376,-0.052021144390124736,0.06546059428636586,0.04767666539448308,0.09028527510001738,-0.0341417331369112,0.056625613795513854,0.007764168754825081,-0.00592861827109844,0.032684910271574434,-0.022323583678638324,0.027290784712052114,0.06016836366202094,0.08998404699395528,-0.03012759727111042,0.0438715045816117,0.07611566272004985,0.0909787724603898,-0.018060780227420997,0.03198133519448979,0.01567523690326348,-0.007355994595394907,0.03618507466060015,-0.015237465261019743,0.0272757225435093,0.07486486116464058,0.09031265213944892,-0.01433287755058298,0.03365285386529847,0.08751451059642346,0.08672612421325399,-0.0033465278804560294,0.017173824807851984,0.01892397259689359,-0.008943587785857604,0.03387742653874537,-0.009477446096799857,0.022773709676100845,0.07897560037604681,0.07982946640243688,-0.0025056527416969223,0.017218151170355862,0.09000896359887213,0.07493781586710833,0.006842987165167937,-0.0007515609731546696,0.01296438703412607,-0.011305324622819512,0.027605892877994826,-0.001649928719307573,0.02638857450806966,0.0795852931751291,0.0673463738190127,0.02083005928630341,0.0076830074100347305,0.09623658416176856,0.06356008597054069,0.030649340608585585,-0.017827046090108965,-0.23289112194132688,-0.3458404450253251,0.09271851813119429,0.0,224770.89848764465,25.38102031843482
ernie,ernie Small,race,JohnsonSU,hc_values_per_expert_hat_1_new.parquet,5.988533483789766,4.0,7.817230154941192,8.0,0.008749620242176988,0.0,-0.028561316133945656,0.006812083612348877,0.012919276587793245,-0.04341655673347091,0.004755442473784473,0.020303846473934135,-0.024833140345871405,-0.0017987345143444249,0.012149919022352362,-0.003728175788074252,0.008610818126693303,0.0007693575654408834,-0.08059689580542691,-0.004419041553783203,-0.1144193845636691,-0.00026323851298169527,-0.05887161094032686,0.005056729578827876,-0.043446478711535376,0.00916234059431239,-0.02818118115932399,-0.0018493770302591209,0.026205628519198762,-0.06305720203091153,0.025888990861084708,-0.0020964969306722222,0.08027212426847588,-0.08265303246415236,0.05551932740327931,0.02687052550025929,0.0872074277349144,-0.05148809570225861,0.0520850473668776,-0.01088171228333961,-0.00592861827109844,0.027049308184605055,-0.045809271885631386,0.018831263965861638,0.034405890815788806,0.08502780100489507,-0.054713809287258025,0.03573424172711268,0.06014189448093747,0.09012736203224544,-0.027062134498146442,0.02974983570468606,-0.002417973126200305,-0.007355994595394907,0.03128849731938847,-0.038927360648862375,0.01955670718744352,0.053079822113383635,0.08765750183526258,-0.03484027605986926,0.028063707888392703,0.07681091999711213,0.08835770639674978,-0.0060654129992715605,0.01781639476409019,0.002175882546295458,-0.008943587785857604,0.03124184226244213,-0.032543581860315855,0.018481876827450852,0.06288872862416905,0.07935198052286294,-0.0167667313614394,0.014364968248968636,0.08570052488447905,0.07713623705413827,0.01205805222879967,-6.103618337413709e-05,-0.001857130307158606,-0.011305324622819512,0.025574675774353586,-0.02552676048631705,0.02349931927524039,0.07137904062000545,0.06884216673030996,0.01216831861980404,0.008218641505191126,0.10080460704148189,0.06781351672904304,0.04440958547573621,-0.013966985497179715,-0.3872193662317534,-0.37570049442632797,0.07203032770259622,0.0,224770.89848764465,25.38102031843482
ernie,ernie Small,mmlu,GMM,hc_values_per_expert_standard_1_new.parquet,3.5420164770498235,3.0,4.338014907806983,3.0,0.42526480972930564,0.0,-0.01002419133826541,0.027994468043924955,-0.001634264369514629,0.0016399927740544827,0.05052947136857351,0.014110398327733926,0.018027580041568233,0.028379045070636436,0.02271399649799759,-0.028051771379833643,-0.0003845770267114808,-0.024348260867512222,-0.01840169578655413,-0.009572467256583042,-0.013660127314058773,-0.0004726430938701803,0.00930637267920507,0.014306116778320532,0.012125026105158965,0.01713805855647515,-0.03407831806511827,0.04849688597267273,-0.026845776081463626,-0.04974650815342905,-0.0424631696232846,0.0033202605579088643,0.020922237531073522,-0.019687977310228536,-0.001636134625048571,0.05156397317360996,0.07179444085928327,0.03359872010123859,0.054491832237144516,-0.03954059919851412,0.04618937662635546,-0.028856268892691796,-0.05602180471889274,-0.0453857075929899,0.027966885450453387,0.04885810056226434,0.00276395180127915,0.024089108020516427,0.09392826029594349,0.11280722027363937,0.07583907598700013,0.09541038814288413,-0.041926397810019146,0.054832014642838704,-0.030794826599427522,-0.06299599066628092,-0.05206207473140247,0.03916159655706708,0.055627995226676996,0.013051319646570837,0.02980737326196901,0.10860473541452813,0.1193305910381994,0.0957537916952109,0.10710822195259867,-0.026239105137760975,0.06410751450282333,-0.014790505131300428,-0.049753349323181165,-0.0384867018987429,0.05221946586507856,0.06027997945777002,0.030740000587358488,0.03872007865782107,0.1058318032962472,0.10401171518395336,0.10237882819520006,0.10065026777087255,-0.06277488501413474,-0.039516055435837805,-0.05696471715054382,-0.04804094684271453,-0.04137823156478168,0.014993532334608348,0.012236624944788117,0.031111514308625094,0.02860618220539758,0.0919117154246944,0.08153892382156636,0.09701837948635182,0.08602761433464122,1.4592817890906509,1.2493300386134258,0.8337940878803,0.48160643661955665,2.59709690074539e+298,443.83131871810593
ernie,ernie Small,mmlu,GMM,hc_values_per_expert_hat_1_new.parquet,3.6079246763436643,3.0,4.639152608866222,3.0,0.42526480972930564,0.0,-0.022457649225549575,0.027994468043924955,-0.01726582062936336,-0.023915210514364918,0.05052947136857351,-0.015440688262034487,0.0009762839016756,0.028379045070636436,0.004958592991807868,-0.023433933127225175,-0.0003845770267114808,-0.02222441362117123,-0.029939794506136506,-0.025206206646880405,-0.037757466673594864,-0.030116250242165157,-0.007021297566613721,-0.003525972298369142,-0.004552830716838377,-0.0006630792549164043,-0.04317285429504952,0.04849688597267273,-0.046563779355600285,-0.0563597006821567,-0.061980451689015996,-0.0197336946062752,-0.008294983806247958,-0.03972135204437452,-0.030780649293745584,0.02455789433316259,0.04860487915275678,0.008429900814315551,0.031224942731690533,-0.05539418313163822,0.04618937662635546,-0.04889257576342093,-0.06922224636060938,-0.06552686520500955,-0.0033388894034532945,0.018499395976319416,-0.025512446832594623,-0.006781751014824219,0.06543764746044065,0.091123376937808,0.04873550023260475,0.07313678949197144,-0.056605745013592626,0.054832014642838704,-0.049001723661748715,-0.07381527555042763,-0.07013811934915203,0.012097352744128199,0.02751568014066475,-0.01067762930086052,0.000985299467240648,0.08658212708947184,0.1000499803355635,0.07400526016536375,0.08668862832159537,-0.05147504002745086,0.06410751450282333,-0.04409520869268311,-0.07130755403626628,-0.06894478013088806,0.025525912978743296,0.024793117011288477,0.00620347319873269,0.0010651951091466484,0.09700791837682232,0.08730901307709046,0.09237445242310025,0.08223035351409926,-0.08515995790418995,-0.039516055435837805,-0.09020182294742464,-0.07371074611213305,-0.07807981078977663,-0.0041695233213149205,-0.024241993668916852,0.007666462549694863,-0.011883417062122047,0.09128612143785814,0.06967321571223109,0.09428345626491656,0.07262555682625906,0.913579004824258,1.0078108831942043,0.5776229320893898,0.4501930512012274,2.59709690074539e+298,443.83131871810593
ernie,ernie Small,mmlu,GLM,hc_values_per_expert_standard_1_new.parquet,4.453354256571204,3.0,5.70043154178109,3.0,0.007846214201647704,0.0,-0.0024300978225710486,0.07017991932408375,0.03972560411485346,0.007483130903191616,0.11046699925803175,0.07540112750432548,0.01449210766681302,0.04799300499513231,0.045552807731577646,-0.01692220548938407,0.022186914328951444,-0.005827203616724189,-0.0899599307981763,0.016739229521492385,-0.12711339242755904,0.040664782576016266,-0.040572723073207,0.031816219311232075,-0.01668372883847278,0.036118489152858584,-0.02193177239138951,0.08535701855988242,0.03371471835286109,-0.0940791385970581,0.03852228318586865,0.007142786226979107,0.08330564853619041,-0.12413981117353705,0.06156462471037989,0.04170957709261885,0.09643949243291564,-0.08456480653142014,0.052931269530741586,-0.0012510886801497135,0.07667502334129774,0.050013818318865214,-0.06221293825091404,0.06149759596109984,0.06333684414243687,0.13123466762514435,-0.07271507086316517,0.09700933406992088,0.10013419519342086,0.14040199282375732,-0.03354070850687625,0.07235667135059645,-0.0005032172262532941,0.023765645807667612,0.04562643709468519,-0.03887360090527729,0.07232306406903073,0.07854742668360931,0.12843846014986193,-0.03936967127371635,0.0896181260796271,0.11628294349889048,0.13371383972544237,-0.01056145426422878,0.043841339212990105,0.0172039769287886,0.017955252504082732,0.07033753960153422,-0.044762624942150074,0.09098131021931104,0.09679149139101133,0.14310717397048972,-0.031952428994411954,0.09329448317059942,0.11903696615245872,0.12339766366353147,0.006810628217510471,0.026974567704055954,-0.03773410089038223,0.005881495298570403,-0.0019678751467683536,-0.034647616005841826,0.05740482923696769,0.008012546087027454,0.03302825174689062,-0.030499216267783322,0.037951504873226224,0.053885420132073696,0.04725017394980841,-0.002122317399385422,-0.013653011171051301,0.26075008767516983,0.07365422142525661,0.22471883264239845,0.0,251.69570571478428,42.37995328495105
ernie,ernie Small,mmlu,GLM,hc_values_per_expert_hat_1_new.parquet,4.855708120831698,3.0,6.5395056885052965,4.0,0.007846214201647704,0.0,-0.022046616637654066,0.07017991932408375,0.03276902787877781,-0.028788000431340714,0.11046699925803175,0.06054396631266106,-0.006627694419222064,0.04799300499513231,0.03521412244438073,-0.015418922218432003,0.022186914328951444,-0.0024450945656029205,-0.0975991560893498,0.0036766969037492886,-0.15213179995739554,0.013139678513421198,-0.06430779326199772,0.012990455063089152,-0.046468239500554114,0.02164430065062732,-0.04411512227873718,0.08535701855988242,0.025319243378125862,-0.10544981728670695,0.023102463319746643,-0.028252759617526473,0.07105556755701835,-0.14455365607528536,0.03831393100895998,0.011320352962653796,0.08688935907313919,-0.10401162049470336,0.03411867830503189,-0.029629075373731127,0.07667502334129774,0.042846065834596464,-0.0903935640501465,0.04886418095589063,0.01852852066280171,0.12222445514882584,-0.11577672718664085,0.08000088620536429,0.06660609799891123,0.1355234670472406,-0.06452620242057219,0.062047671852297454,-0.0319226159781534,0.023765645807667612,0.035371937310045,-0.08237368243638508,0.0532854498263665,0.03578787013725562,0.1173907918401909,-0.09009241549183379,0.06670674114006508,0.09148343603310741,0.12990228577327104,-0.032232094974975825,0.03330401327581458,-0.02189860211705914,0.017955252504082732,0.059753733372524306,-0.09691081975961209,0.0705351854369676,0.04981301254132017,0.12810249152892422,-0.09018643159989373,0.05887245001432786,0.09728652669312335,0.11421865637999923,-0.01550367268971443,0.001539189382169354,-0.06325562569289274,0.005881495298570403,-0.013511260078642989,-0.07602880534193193,0.0335815437355304,-0.018334027640668594,0.010646061767197977,-0.06690327740357153,-0.01959290126755086,0.04704179625100373,0.029892699777176124,-0.004626374301082585,-0.06502747463987853,0.03565275318954996,0.07286307691576634,0.16731391258558134,0.0,251.69570571478428,42.37995328495105
ernie,ernie Small,mmlu,StudentT,hc_values_per_expert_standard_1_new.parquet,5.25366810513927,4.0,6.4604943114947035,5.0,0.0892114554727344,0.0,0.018432705759619743,0.02019224030723196,0.030278943139219635,0.04217571842726211,0.020446661322942074,0.06460396385952911,0.03140688254979825,-0.0023864656858298837,0.04491010611858331,-0.01297417679017851,0.022578705993061842,-0.014631162979363673,-0.03775986113808934,-0.007914122725352387,-0.06331901637059542,-0.007586331481034462,-0.031110732761930174,0.0015800792355958944,-0.00012428383286767298,0.02232162537843538,0.0037902040478053397,0.018154526083800308,0.015782020532872178,-0.05529921902951432,-0.02335783984650153,0.05882442302304581,0.08455998954278572,-0.0545626555382591,0.0066081900685894856,0.0950648767658682,0.12273423449773932,-0.01812087321584802,0.042961390040148956,-0.002334648614617166,0.01907192707395212,0.007601546215068812,-0.06046323211797193,-0.03140988485084399,0.08199240585487155,0.1029287089499166,-0.04153203736640882,0.01216209128432448,0.1305399981612137,0.15044304161417643,0.013019871925718187,0.05942790780175633,-0.011530068455001768,0.015613301925153828,-0.0023907184794604436,-0.05463284257945547,-0.029384612161642412,0.0871471552879213,0.09588842475732691,-0.018310118431737032,0.008872260515144764,0.1423431013001032,0.14411290698341678,0.03995357658333936,0.0491679787543481,0.001318532574954203,0.021099999115174184,0.010404803588219595,-0.06224501241380915,-0.035171255385891484,0.10001669164981339,0.09685213876637297,-0.019435593707814003,-0.013940961191314143,0.1422839719966443,0.12708907866969213,0.04556963189004708,0.021486176737187862,-0.06136699441277751,-0.032848514519838785,-0.07164978383213777,-0.06472968743925775,-0.07857221706924569,0.003875813613464261,-0.02156032045452172,-0.03734765215456524,-0.07923581163291271,0.07515787452537043,0.052203232373375985,0.022837067732721334,-0.0185884573797787,0.7573600377515409,0.6573727686774331,0.4261559497445796,0.05580536573728466,460832534.5096991,60.076120034978985
ernie,ernie Small,mmlu,StudentT,hc_values_per_expert_hat_1_new.parquet,5.379129070223617,4.0,6.801255394272264,5.0,0.0892114554727344,0.0,-0.008951454058430444,0.02019224030723196,0.007311715547112879,-0.0032712686497368346,0.020446661322942074,0.03087968043838043,0.009333276765246912,-0.0023864656858298837,0.03267135269421628,-0.018284730823677355,0.022578705993061842,-0.025359637147103403,-0.06529206931407813,-0.038493469016441476,-0.10705336952517856,-0.05162344855014177,-0.05032635735020814,-0.013296367868952852,-0.024888391222088316,0.008926840337322873,-0.025176886227912493,0.018154526083800308,-0.008725001347016027,-0.08250068572450674,-0.058091944366044417,0.01705921234098174,0.05897367208013028,-0.09211543279123799,-0.028720327891881337,0.06296785661385648,0.11217938779596058,-0.04532063772988332,0.029775248899540186,-0.0386789628932707,0.01907192707395212,-0.02061916558574608,-0.0978151827049874,-0.07408826180533433,0.03222527886684408,0.07498235853114565,-0.09069749591082867,-0.029064639878161005,0.0994547753324501,0.14294812736237544,-0.015633753372437224,0.0500248733203647,-0.04638116236631664,0.015613301925153828,-0.034371140709984975,-0.09366040249003117,-0.08155697885286743,0.047728814150670026,0.06911470000391964,-0.0585373579791217,-0.033063956942901235,0.12663295585274997,0.14353623536622287,0.028356993642484805,0.05117115530218855,-0.0423759593078753,0.021099999115174184,-0.026826754101621927,-0.110226478130104,-0.09673845489328972,0.06128362229684492,0.06528231599410181,-0.055724872303835306,-0.06369522851282151,0.1377700089630169,0.12530518010642086,0.05000119449544058,0.022577181581226655,-0.08444585122986643,-0.032848514519838785,-0.09813718099245766,-0.09194686750327609,-0.1223706904698408,-0.01119950883449192,-0.05527677177967849,-0.04885191074852438,-0.13346699170710952,0.0808928452472622,0.036416065906606135,0.03817596261168114,-0.04269601620648596,0.520072953730988,0.592726151697718,0.32498569436799196,0.055118953653202823,460832534.5096991,60.076120034978985
ernie,ernie Small,mmlu,StudentTSkewed,hc_values_per_expert_standard_1_new.parquet,4.605413887799137,3.0,6.1413103177716755,4.0,0.09046684974499804,0.0,0.0268576614385892,0.025597985578451908,0.05906322683346697,0.046588812749205365,0.026985883736962642,0.09743254652670769,0.024528527826238523,-0.0015034696686021987,0.046767405035274955,0.0023291336123506777,0.027101455247054106,0.012295821798192018,-0.04096179578908348,0.027162872381686867,-0.0774028958007916,0.033489258182943266,-0.0461300646027849,0.005187388466807054,-0.011144275835049173,0.023841704760026047,0.002000238368119572,0.024315202841975768,0.03598006506528356,-0.0661213912346198,0.008380126220367011,0.0562714588172276,0.10604758115615567,-0.07209723280788936,0.03788568739847716,0.09312890572885951,0.13211444873613487,-0.033372033604288115,0.053302746825688085,0.004949131072731289,0.02295773275820186,0.029284913752151847,-0.05350952765965422,0.002508068986057657,0.08641566877475049,0.12260902998384018,-0.04523371030812486,0.039064851902274066,0.12813424031563714,0.15341340038757056,-0.0016958994633478033,0.057750449244791106,-0.010431772221584514,0.015788824756505945,0.015818734931652347,-0.05893849949432218,0.0012316367236382957,0.08479566412028534,0.11199265294718494,-0.03594929551069165,0.02902528525297421,0.13754595672967831,0.1457068947941242,0.019184055076316306,0.04140946780808097,0.004296282441229706,0.020508129411294703,0.03538714178654524,-0.06679456097917542,0.005205667531730616,0.10293171592579647,0.12101627983009827,-0.026925465763861484,0.01909801280817056,0.14298762173724888,0.13257263003303082,0.04018303345825782,0.021354396726936276,-0.04795800699090816,-0.034168167425671164,-0.04942419944710445,-0.053226751510903655,-0.05364634610566839,0.019950698018198203,-0.002973100049305448,-0.014634883922574917,-0.06213137328110401,0.08179574742733449,0.05222570668935511,0.04075198122484524,-0.023632712037631665,0.6290098553518386,0.5490650727845058,0.3734041442681029,0.0,26366607.11148861,66.58424117932917
ernie,ernie Small,mmlu,StudentTSkewed,hc_values_per_expert_hat_1_new.parquet,4.8670066692820715,3.0,6.673205178501373,5.0,0.09046684974499804,0.0,-0.004092209369756308,0.025597985578451908,0.04079817603834826,-0.0057837328786968815,0.026985883736962642,0.06806758226728996,-0.0018590574335372806,-0.0015034696686021987,0.03339850288170181,-0.0022331519362190277,0.027101455247054106,0.007399673156646448,-0.07048410208626993,-0.004202435632259378,-0.12462907244845471,-0.016722470391786468,-0.06718730273544671,-0.017237576325312066,-0.04176162122937512,0.007089914952358256,-0.030451440386964318,0.024315202841975768,0.01811448779254035,-0.09363307976958037,-0.024582932110174996,0.008243606350312176,0.08615014068126886,-0.11170289331480021,0.0010003774558944138,0.055061753142919674,0.12229979669085361,-0.06365753217648419,0.03505604084125058,-0.030873907822971836,0.02295773275820186,0.011451565295754232,-0.0898759085676065,-0.03244882124715035,0.03530243538569401,0.10488567018068645,-0.09306960976604198,0.004217520260879571,0.09429008583795351,0.14857856643687678,-0.029532298793730857,0.04837404673833535,-0.04884601506355374,0.015788824756505945,-0.007718953700278908,-0.10070596023974637,-0.046902581103895065,0.03960221419035127,0.09332722236945651,-0.07834125267609303,-0.009306365225654633,0.11765985994203271,0.14681416818315018,0.007764368608361361,0.04380886551878367,-0.04392115507907314,0.020508129411294703,0.009613131842151589,-0.11896680782994057,-0.04815727311817259,0.055845481492065516,0.09873741083335583,-0.07282735331930144,-0.027368821802303694,0.13175983545863632,0.13072759067197048,0.035745634105605106,0.017510920952033198,-0.07136139022324106,-0.034168167425671164,-0.06788608136018248,-0.08138602910504913,-0.09308083341180569,0.005723109478416481,-0.033731620682481527,-0.028766416855743628,-0.12776312790083486,0.08905549724064535,0.031331150707105584,0.053586378740995644,-0.06826314364931306,0.35924559424953245,0.5110380813835455,0.27489624077775465,0.0,26366607.11148861,66.58424117932917
ernie,ernie Small,mmlu,KDE,hc_values_per_expert_standard_1_new.parquet,6.024637112593174,4.0,7.244801883091409,7.0,0.00039231071008238524,0.0,-0.023825142596814175,-0.005949663817795207,0.010564696370428023,-0.02587386843116987,-0.0013497245713238997,0.010807517846626626,0.0003180325788633739,0.007381329605839745,-0.0010918949641737178,-0.024143175175677548,-0.013330993423634953,0.011656591334601741,-0.05240758271513358,0.010815141773883636,-0.0945708246922714,-0.0021709338680015195,-0.05307887078412604,-0.02003213255287068,-0.028624830610021856,-0.010234985774915259,-0.04556181913528409,-0.0025967050108706116,-0.011412346539210921,-0.06060203786710196,-0.0009185079396745631,0.0032892240513236674,0.04122597683754789,-0.04691556997514,0.030749177762674728,0.0669815777256904,0.08557753625207723,0.001772287747496962,0.05372860025262319,-0.060527668696721174,-0.005302735857192959,-0.0167491387228434,-0.07005653874921222,0.002462640168740613,0.012917770582736729,0.05573934574453189,-0.05245290886528718,0.0393536079566965,0.09727525589085488,0.1080753919414614,0.007786575016644805,0.058359257591930835,-0.06921383369353006,-0.006838781862646586,-0.01965533039481384,-0.07024564833940698,0.007533471889669701,0.017870168009189374,0.05691898088443536,-0.056353292926043665,0.035848872590843704,0.11040023307019811,0.10769898949993764,0.002381200127043464,0.0439155868612121,-0.06434553996301166,-0.011819204064631682,-0.010348026181595773,-0.09036251593067794,0.009828895633892292,0.023700472378200013,0.05507412446937009,-0.0582886920200163,0.028559445836964865,0.10946001226493149,0.09132131138344783,0.022241047298615084,0.02968440676427676,-0.10996525165418325,-0.020415191653396725,-0.06688013178932639,-0.10677009584256889,-0.02840787522814276,-0.03212959559718988,-0.01939954266948188,-0.10305494441414648,-0.03454598635846934,0.0814281503578845,0.04971683660096583,-0.019261591039740757,-0.014883472454350037,-0.3997456026474425,-0.46880003521093194,0.05772510165015568,0.0,335.47975766224374,21.479071025596962
ernie,ernie Small,mmlu,KDE,hc_values_per_expert_hat_1_new.parquet,6.670694389956846,5.0,8.330011769321302,10.0,0.00039231071008238524,0.0,-0.030476553053862394,-0.005949663817795207,0.01042527408621046,-0.03987280729492362,-0.0013497245713238997,0.009352004391820183,-0.009272164499601028,0.007381329605839745,-0.0029529589262384573,-0.021204388554261364,-0.013330993423634953,0.013378233012448918,-0.05717730921105114,0.010671489477105391,-0.10509781749244192,-0.004008035427957469,-0.060652776337443134,-0.022432039839305067,-0.03833223788895358,-0.012268320550381708,-0.053034104026351364,-0.0025967050108706116,-0.013308123535863903,-0.06743276458479924,-0.0028948297695155097,-0.010968679364382512,0.04224700281966752,-0.06423465077116046,0.031846857475914696,0.05276864907829533,0.08987019367098452,-0.018564549820045836,0.05827174682358854,-0.0693809363070415,-0.005302735857192959,-0.017912677479409035,-0.07889030684614835,0.0013589024958438431,-0.0055111860109930706,0.056147016738865727,-0.0757231319002318,0.039732634437487445,0.07989229818740545,0.11019325342861179,-0.01726749766919111,0.06036617278309861,-0.07611723586560726,-0.006838781862646586,-0.019951778514195318,-0.07625476483251943,0.0076154528092051005,0.0024541186846179274,0.05704603098933916,-0.07334575033992198,0.035820232658340403,0.09608459153229426,0.10824622604801168,-0.01545344790003956,0.043772897232515394,-0.07872643014640357,-0.011819204064631682,-0.009803100296969808,-0.10612105069784615,0.010944453554794726,0.007087501999722277,0.055783687157034904,-0.07669113570654809,0.02913111371557813,0.10241631153595661,0.09170334091438645,0.014217966278025957,0.02919609999364059,-0.1256988904539512,-0.020415191653396725,-0.06590943172652529,-0.12612923469275153,-0.026601757777936157,-0.04247204768178935,-0.02220544266411801,-0.10478900475170305,-0.03861048982364144,0.085249167182823,0.0447877841963678,0.00045805301040811544,-0.02251038375893774,-0.54704084170867,-0.5162971137109476,0.050726800851763246,0.0,335.47975766224374,21.479071025596962
ernie,ernie Small,mmlu,JohnsonSU,hc_values_per_expert_standard_1_new.parquet,5.146253432718713,3.0,6.490074539034915,5.0,0.009886229894076108,0.0,0.0016716228916389096,0.020246928401994286,0.06131136676040991,0.014992247876069726,0.011962629005912856,0.0946638152234684,0.01880101375601521,-0.014591573845869966,0.03929458060052764,-0.0171293908643763,0.03483850224786425,0.02201678615988227,-0.05167639450942157,0.05998763166362547,-0.09197479554861279,0.07303227504526223,-0.05036491667601362,0.010314895254102882,-0.025015425095309584,0.020110700641871457,-0.01405388736082299,0.013081951682389532,0.04491898504307857,-0.054628638225501965,0.05629744250892617,0.0378813224893257,0.11202679476857864,-0.05363890991032912,0.09432672807899757,0.08344064437830657,0.13025391666819078,-0.01763949008607411,0.08486140131885297,-0.023715177756082725,-0.0031890927937806178,0.036372022453477454,-0.05613897130482579,0.05934322948628533,0.056635404355349424,0.12581789709047908,-0.038465426544165786,0.10334805386221807,0.11835176114701064,0.14936906745521283,0.012013465148292978,0.08528328753467962,-0.037875941989764,0.04462085032984245,0.025992546301921597,-0.06855556942638504,0.06085659726030363,0.055855348401037286,0.11346472501850309,-0.044339612232996053,0.08474749293689833,0.1282678501217007,0.13551512376732458,0.018342351451290977,0.05093089629956954,-0.01966822492663438,0.011723495537145419,0.04164181830833842,-0.06506672863379669,0.06521498249376413,0.07865841997796735,0.11648122861387845,-0.0070632430143533695,0.07817490622528597,0.1361547616614827,0.11872397191094522,0.06658582757725144,0.03585129965568181,-0.0741988139859293,-0.038967702311222624,-0.04151287366015851,-0.05904043835211006,0.011034371226479748,0.005513484810174961,0.001992734458059451,-0.006532886223938397,-0.009595612199129576,0.0920006884938126,0.049984622209318964,0.05838571208450924,-0.025694415138713764,-0.22689912217263833,-0.3681886333724582,0.09127960031767665,0.0,23344.106237598597,25.251267004683925
ernie,ernie Small,mmlu,JohnsonSU,hc_values_per_expert_hat_1_new.parquet,5.744684189878384,4.0,7.655551196547666,8.0,0.009886229894076108,0.0,-0.023219452528610185,0.020246928401994286,0.060371551587915295,-0.026107741343417114,0.011962629005912856,0.08842803777361566,-0.0009637795670777321,-0.014591573845869966,0.03185722760310953,-0.02225567296153245,0.03483850224786425,0.028514323984805766,-0.07925185914437355,0.05917640991310863,-0.13369207988265047,0.06424629905065277,-0.06673250408363365,-0.0009552484522889004,-0.04744704234933128,0.010964032973950193,-0.04202429480564429,0.013081951682389532,0.04013420992184266,-0.08938546486542599,0.05082967486151017,-0.002804638547560936,0.1104622646830066,-0.10352298517816638,0.0932942219377146,0.0518387371149549,0.1340357083326309,-0.05577001149576443,0.09050064808471422,-0.052447676487813844,-0.0031890927937806178,0.029132324358281753,-0.09357715248205213,0.05006841793887459,0.01262775521154683,0.12059663717665166,-0.09717254718180111,0.09652495680315662,0.08652137943523643,0.15047710025706035,-0.03164143878082058,0.08653629799112882,-0.06318221910877461,0.04462085032984245,0.015511830258625455,-0.09800426281887745,0.046017668885733755,0.018687803447556172,0.10605015190541067,-0.08948405697190885,0.0731015343627567,0.10427683960597936,0.13732860689524978,-0.012426531021941273,0.05186737960023754,-0.05320519187404267,0.011723495537145419,0.032023020292692696,-0.10886563689470172,0.05126890880779218,0.042507388696789994,0.11057013093998179,-0.06074298794429981,0.068390914179036,0.12345484388431728,0.12149149475252627,0.04080964899572803,0.0381894663948478,-0.09553505970990518,-0.038967702311222624,-0.04077566083862025,-0.09110786275103609,0.01588401815324206,-0.00760423511299565,-0.0005451151026133819,-0.028580534610343978,-0.01573923019949711,0.09841915300250899,0.04568671941076924,0.06481549607738732,-0.03961978672730056,-0.39336612794560144,-0.3986397987360066,0.07191727658607351,0.0,23344.106237598597,25.251267004683925
ernie,ernie Small,pg19,GMM,hc_values_per_expert_standard_1_new.parquet,3.5524853228962816,3.0,4.342681017612525,3.0,0.527495107632094,0.0,0.17072871691715136,0.12141045260573144,0.14217807954472572,0.21646692559661143,0.1299371622329034,0.1819815725956223,0.08176144633057608,0.01974914897051784,0.07083069717689303,0.08896727058657528,0.1016613036352136,0.0713473823678327,0.13855750587286525,0.10801075957983819,0.18377152097569094,0.14691489973682,0.07812957598199141,0.06669510223702788,0.07830528145923615,0.06698603991958423,0.13399966235914756,0.07443802202591444,0.11310186005892489,0.11363169122161407,0.091325035578217,0.17695844308971034,0.15322152459985028,0.1538431623304391,0.12848183004548264,0.12000733153162638,0.10777588330173694,0.10749256793943435,0.09448969606277438,0.06818797732105515,0.01696112231720658,0.05895404007986993,0.06407924869937935,0.054336379730619916,0.11898224270188382,0.10983148053794607,0.11078549145924081,0.10111861824515798,0.09794661281922909,0.09570462265900365,0.09033846291378256,0.08796389714089967,0.02334127087395742,-0.01664574929351767,0.017292203381920168,0.028846871206259353,0.02243884289974015,0.0729797836428637,0.06594605090180419,0.07864545045865794,0.07119277280331737,0.08110740367453015,0.0782337673057668,0.08260368452862807,0.07955651557466564,0.012422222243724853,-0.03395855836197199,0.011874047582079652,0.022029794188054348,0.02139182469007286,0.06480190916824126,0.06035064549284867,0.08027912801178225,0.07546970973764053,0.08074917309356702,0.0748204186660528,0.09167317894391984,0.08532752598466864,0.004043804357892597,-0.03965021838708832,0.0071808984781323104,0.017623425429283537,0.020745592597055492,0.04640185206681494,0.043530298430760984,0.06578153042811857,0.06248360429402652,0.06185872816320518,0.05412034364438282,0.07388515864136558,0.06555903454438163,1.567775744507983,1.5060366924396753,0.9611247687530742,0.692940672554013,4.209393346379647e+298,695.3004462723779
ernie,ernie Small,pg19,GMM,hc_values_per_expert_hat_1_new.parquet,3.6921526418786694,3.0,4.719921722113503,3.0,0.527495107632094,0.0,0.17005565377620435,0.12141045260573144,0.16112869165819468,0.21708435705231754,0.1299371622329034,0.19749039921668862,0.08379212418812856,0.01974914897051784,0.06627790559493346,0.08626352958807579,0.1016613036352136,0.09485078606326122,0.14265316730858374,0.12700580021252345,0.18915050216810975,0.16230110802628184,0.08035486488804018,0.061882766101043256,0.08058221855857733,0.06218712365292789,0.13494403749407985,0.07443802202591444,0.12466654344939099,0.11719568885092436,0.1031709560946192,0.17824824322655047,0.16048890733778698,0.1580142879259832,0.13576776547204678,0.120924762601221,0.10468784300784681,0.10976935308413756,0.09104849218985857,0.06336194216265195,0.01696112231720658,0.06396502019581175,0.059199204711580446,0.059591892493081625,0.10998698557651854,0.10977319680330686,0.10181620487324693,0.10096141386816099,0.0901052599042948,0.088967011547501,0.0826161099745348,0.08074207476087758,0.019875696227263782,-0.01664574929351767,0.019133478343528028,0.024471397597028124,0.02470687957640129,0.06726879754614667,0.06396079276180366,0.0716280438867013,0.06953558814266902,0.07689290534903488,0.0728056260373879,0.07757695473671937,0.07407424661807308,0.0020626424089429485,-0.03395855836197199,0.008253745698136198,0.010176717912497286,0.01818280443266203,0.05348806652522958,0.05128689996940802,0.06659156043147599,0.06699174029503446,0.07690775428566793,0.06588387068342191,0.08618049201126227,0.07675122556828001,-0.008709558537315636,-0.03965021838708832,0.0022630201663767554,0.003252140023685608,0.016507600924848227,0.03183336904463064,0.03076254945032645,0.0489249207795457,0.05042948509677714,0.05569400328730492,0.04149220116181074,0.06632332125159897,0.05318371625197669,0.9356505971900198,1.0815989609926637,0.661594294336963,0.6294873655403637,4.209393346379647e+298,695.3004462723779
ernie,ernie Small,pg19,GLM,hc_values_per_expert_standard_1_new.parquet,4.4531702544031315,3.0,5.814031311154599,3.0,0.001350293542074364,0.0,0.22156851200745858,0.1839585890054916,0.1653074459265292,0.265562030178861,0.2022116275538388,0.2091426589019089,0.0815279988346221,0.03845613026287347,0.07844428445483381,0.1400405131728365,0.14550245874261813,0.0868631614716954,0.009209257645186047,-0.044490837677845285,0.010747543500303046,-0.03412467282533213,0.0026460573329272702,0.014671876278585584,0.032939163421183325,0.03506225488221415,0.16163726009766344,0.13091027379970116,0.12150476680652363,0.0018030767887076522,-0.03971518114764641,0.2055049111281419,0.17337743638568623,0.002291691912660113,-0.015501577508436918,0.13140351334436004,0.13051735510584503,0.0014217130056109598,0.02659411123136081,0.08177605510986005,0.05738049428520935,0.05983495198513168,-0.010689481085720742,-0.03348977453423476,0.14198871877450442,0.1274685689614127,-0.011714223975314391,-0.008535031537636779,0.11635090751575135,0.12245969357996,-0.004239405290863406,0.031122444489225465,0.026007515958180308,0.011263492605159419,0.011611131122550605,-0.018308421973937995,-0.0348295552822691,0.08969872032103748,0.07855124355594409,-0.017729761686647128,-0.017015507897737592,0.10317652494209167,0.1048797578203707,-0.0031562449857315176,0.019550368971959085,0.0026304049548309272,-0.001956244162831274,0.00398825181177469,-0.033481349633649175,-0.016434204816047075,0.06720207808568864,0.06898373713954063,-0.020935657630590746,0.002725099970042239,0.09657770119997924,0.09752516421701898,0.01095589892587667,0.02473434843436037,-0.021070975671717763,-0.0118384547394003,-0.0136358857531076,-0.029779550998786503,-0.005474817416011405,0.028827521199864523,0.043889132764456135,0.005631648110182476,0.039296118424213204,0.06565429541738402,0.07866534705042802,0.042510249630717756,0.0627319880794403,0.2218051312512564,0.0605733375269738,0.2547397219558157,0.0,199.32825114764495,41.56571407785617
ernie,ernie Small,pg19,GLM,hc_values_per_expert_hat_1_new.parquet,4.988473581213308,3.0,6.801232876712329,5.0,0.001350293542074364,0.0,0.2176640707563342,0.1839585890054916,0.17438937290670709,0.25792796763897974,0.2022116275538388,0.21776207802793376,0.0753649036084918,0.03845613026287347,0.07816126798776991,0.1422991671478424,0.14550245874261813,0.09622810491893717,0.02944658824462376,-0.03850844983595105,0.028921248699332346,-0.03012937995962503,6.272045748691675e-05,0.011783923603883263,0.02501378475474974,0.03263867892676034,0.16419590145337795,0.13091027379970116,0.12778898211583364,0.029609129731658038,-0.03677145581919425,0.19914966770650983,0.180267583718641,0.01702988216636042,-0.011639929382525418,0.11734517828860486,0.13377924309563993,-0.010765515440926382,0.029114236873971563,0.08558095892735446,0.05738049428520935,0.060672597672683334,0.012430435123659576,-0.038432022383987234,0.1338760715271232,0.13017280463047387,-0.005822621148215666,-0.010521986759438776,0.09846095412379703,0.12563023119625907,-0.02572599497791876,0.03456854048374172,0.03230797474570254,0.011263492605159419,0.008144045559643097,0.005159367662268483,-0.04736355675823056,0.08456664496034445,0.07588879828282238,-0.010975564081969391,-0.029628336935149366,0.08713982981772042,0.10532386569815509,-0.02353176483148183,0.016663342694592007,0.0031921348133265026,-0.001956244162831274,-0.003781222322680462,-0.020368340000840233,-0.03658253858393895,0.060421822689265166,0.06036903255565915,-0.01983337741603481,-0.02103039263918251,0.08579789506601176,0.09445164499288697,-0.003901488643154066,0.0147167007285723,-0.02359369454926433,-0.0118384547394003,-0.02375432404735605,-0.028196483431347577,-0.029022527383836663,0.020213220094377638,0.030799011249543044,-0.012400431982464542,0.011841055746454963,0.0562160641405072,0.07157845293474065,0.014798202790934122,0.05054761129665285,-0.040769933176267176,0.060011314186590684,0.19709651379267182,0.0,199.32825114764495,41.56571407785617
ernie,ernie Small,pg19,StudentT,hc_values_per_expert_standard_1_new.parquet,5.365127201565557,4.0,6.604774951076321,5.0,0.10455968688845402,0.0,0.19772426175563645,0.02492978144379497,0.15847765553349857,0.25240825263379746,0.02027340011078843,0.20915885848064142,0.09743107802023789,-0.0061950995685691995,0.08905292861065187,0.10029318373539857,0.031124881012364172,0.06942472692284671,0.0475973829496552,-0.004144299592878805,0.06557632183219231,0.009525998954531002,0.029343774919462943,0.02112484080490228,0.0667836949488262,0.058641503634252516,0.14868289818742675,0.021800136634208968,0.12183164545421844,0.0393831547661208,0.0018322915107410916,0.211521700234296,0.18511618574549438,0.06625561062349852,0.03083862759753919,0.15864195804296544,0.14980183050734314,0.05803793672030919,0.04883668406502168,0.06252995369499327,0.012686782707832403,0.049032552914413954,0.009685415483183645,-0.008769814373862277,0.13655168753362953,0.1236113062413754,0.04387976034537727,0.027503001442453316,0.13326623030957468,0.13067847242461983,0.05646165578683049,0.055172756852919475,0.006597687446459026,-0.0005283636855214161,-0.00014311644009589938,-0.007287649724218662,-0.016969096257669455,0.08100283485517384,0.07340872400616179,0.042009531441997275,0.02887723255295319,0.11514749696559,0.11231789493161909,0.07380133959003271,0.06635488903599476,-0.009908885994560785,-0.004443385558799819,-0.00887496024705604,-0.012733588858376601,-0.009463674544250122,0.0639453648104784,0.061714623343313624,0.04847333563514293,0.041711367702030135,0.10743977389562154,0.10282987804011037,0.08814803534286816,0.07397605447172237,-0.03370328251512065,-0.007644521504323709,-0.03472375186559494,-0.03131330482423014,-0.03056089907021835,0.025078373999422338,0.025716897470555902,0.03129228088181133,0.029013864667361864,0.074861621827391,0.07695509201100839,0.08106808551562515,0.07692989258084137,0.8377244248747949,0.7497912139433551,0.5405970625661602,0.15395174427631395,120445368.08187126,57.61614319768974
ernie,ernie Small,pg19,StudentT,hc_values_per_expert_hat_1_new.parquet,5.559041095890411,4.0,7.022954990215264,6.0,0.10455968688845402,0.0,0.18518070299552258,0.02492978144379497,0.1619532023475005,0.23243720281912292,0.02027340011078843,0.20603842812273826,0.08491748537242828,-0.0061950995685691995,0.07867550631296413,0.1002632176230943,0.031124881012364172,0.08327769603453636,0.049232178986675736,0.010819799905264523,0.06003805707522778,0.015641299126281972,0.018243295050001038,0.007812048626498607,0.0523810897054222,0.04659649754923122,0.14244624914921566,0.021800136634208968,0.12307345174739343,0.04407380188595329,0.010287037047155246,0.19217915139997432,0.17989124176311516,0.05321605657534325,0.029624373649991907,0.13440170927252337,0.13938352844669483,0.030159046674106595,0.0356350886191244,0.0596486905391556,0.012686782707832403,0.04736542674249221,0.012710685869797546,-0.008619526667249185,0.11645884551721372,0.11419398563494554,0.021711688302471242,0.015499153892674079,0.10527594982191199,0.11797970004140501,0.017381333167196818,0.035994520916615425,0.006908963785161053,-0.0005283636855214161,-0.0036346606752082904,-0.0036984238928593014,-0.021971689866497134,0.06509452988994616,0.06214080216655311,0.01683290870688877,0.010529111573275778,0.09044259277172491,0.09964897647925942,0.03058844743906017,0.04481499400729202,-0.016986129624705786,-0.004443385558799819,-0.01949248273264922,-0.02246347009930404,-0.02774405650762331,0.04698687593837434,0.04533813561729916,0.016862226243444686,0.013172843520452768,0.09109941295152965,0.09178767229582181,0.05330808647131957,0.05444655552592487,-0.03791626316138958,-0.007644521504323709,-0.046053842656364294,-0.0352607233019354,-0.05100465021284911,0.014760080115201864,0.00987392773283368,0.009452396199557752,0.0007759233095705749,0.06493156726980841,0.06732012112145244,0.05429154584998442,0.06002800452585888,0.533107102512327,0.6746599663554198,0.40836297620204415,0.14990819988978787,120445368.08187126,57.61614319768974
ernie,ernie Small,pg19,StudentTSkewed,hc_values_per_expert_standard_1_new.parquet,4.570978473581214,3.0,6.11211350293542,4.0,0.1189041095890411,0.0,0.1927542689381902,0.026116089048372308,0.1608509004527856,0.24698029478739142,0.022436233757137113,0.2160251915014833,0.09644838640176073,-0.004573166344359753,0.09636038809765932,0.09630588253642947,0.03068925539273206,0.06449051235512629,0.019152409797772982,-0.02571188279046892,0.034316327401149906,-0.006613570780452297,0.02409482139077011,0.02890236092957396,0.06322985486987995,0.06489404431415881,0.14178717230044147,0.026211575796856304,0.12240867566444599,0.013778194779268583,-0.013775812280418413,0.20517467503634096,0.1927427695656324,0.03720615220215345,0.024550080332610573,0.15710105274767966,0.16184854927053394,0.04359625476365449,0.05902118114500254,0.05742009022715792,0.019802267978348942,0.05032545351284837,-0.008239245379223983,-0.015773704242334416,0.13301553697483215,0.13270302406139114,0.019966031475127648,0.02719106144617031,0.13444421508085308,0.14335802676077547,0.04256315089433947,0.06404005668217651,0.0016221973689368036,0.0010915601813938271,-0.0014306386632710116,-0.02288805367876071,-0.024744253077055217,0.08170097748490524,0.08181465896395526,0.025619141619547932,0.02811815326888836,0.12268746554867382,0.12683312616909376,0.06915831379432529,0.07541201624877973,-0.013438026198304203,-0.010718417959272725,-0.0067458834133849125,-0.0233582225114372,-0.006983938829599522,0.0668655020194562,0.07190436077247227,0.0367319742073777,0.04577462527249134,0.11619877368283935,0.11530715270265861,0.08408278832235161,0.07696766968486597,-0.029267504711717348,-0.03222606861509765,-0.025427249781598278,-0.021102029931236364,-0.012042625827112999,0.03413217241906548,0.03627691492295825,0.04010599160315356,0.039850920323095056,0.08272156263119891,0.08136337821436768,0.08195852327837751,0.0711223394971312,0.6923102375395304,0.5157149479550567,0.470529029967688,0.0,11493575.925187783,63.09980141904084
ernie,ernie Small,pg19,StudentTSkewed,hc_values_per_expert_hat_1_new.parquet,4.842211350293542,3.0,6.726360078277886,5.0,0.1189041095890411,0.0,0.18073578295299894,0.026116089048372308,0.16704813990219095,0.22754024933442366,0.022436233757137113,0.21807193462565783,0.08397069919766047,-0.004573166344359753,0.09003218391326286,0.09676508375533847,0.03068925539273206,0.07701595598892809,0.027564370369930116,-0.013464023249187457,0.035017077367593026,-0.002243444207519024,0.0123680158352873,0.017028207368592795,0.04722728838498961,0.056299023405733534,0.13295482340625048,0.026211575796856304,0.1253120871244127,0.01924834019017913,-0.008558696362884395,0.18362817569589446,0.19262137932591566,0.02440942254426075,0.023826921606297034,0.1325918529336672,0.15780482742447138,0.015094551511223327,0.05091695377143537,0.049882813680490704,0.019802267978348942,0.04777672600270211,-0.009108208389080306,-0.02155885560613544,0.10857904630430645,0.12562172054131987,-0.00658998829031859,0.012327229907020343,0.10575160109440537,0.1355268106807867,0.0017325593244707745,0.04825637104388544,-0.0007682210618401323,0.0010915601813938271,-0.005731314225170609,-0.019822056824402513,-0.034611628727617624,0.06478110934399747,0.07323117921317818,0.0005509589712254417,0.009910681214980177,0.09995254673562488,0.11931744008400771,0.026769791850490183,0.060443185968178006,-0.022637832720292083,-0.010718417959272725,-0.016942702286910607,-0.03482599309234767,-0.028597558763232264,0.048808990214518,0.05789315869856146,0.0035274274177355754,0.01715506093087411,0.10088452285899241,0.1072532726138665,0.04903707133578764,0.06150705741972581,-0.03609616963475633,-0.03222606861509765,-0.03575205061321679,-0.03182782042950359,-0.034158761440933785,0.023604835612921586,0.023340583256089047,0.014350738040176822,0.014329714926144701,0.075511302107668,0.07473519560721364,0.05738367876846738,0.0600473911896389,0.36349998522048105,0.4823364653095534,0.33794065924438976,0.0,11493575.925187783,63.09980141904084
ernie,ernie Small,pg19,KDE,hc_values_per_expert_standard_1_new.parquet,5.83853228962818,4.0,7.176399217221135,7.0,0.0012720156555772995,0.0,0.13764126701536672,-0.0013590091287265288,-0.020200650492697935,0.17831954450429108,-0.0063277738286162295,-0.0013178184282071266,0.07200193732747502,-0.008017423575661752,0.029192560632527384,0.0656393296878917,0.006658414446935223,-0.04939321112522532,-0.00809978967882826,-0.09414501072828575,-0.0064713685452620195,-0.09428229002889807,0.002263690215872124,-0.0036345728406901113,0.05301766724885675,0.019413208476592347,0.10486444059795272,0.006461658983377807,-0.005159820497839491,0.00522544818951845,-0.06041740572949002,0.14800849652293324,0.024141738367671174,0.011151440482585076,-0.049743997364459835,0.10991409772084346,0.04737322432356331,0.011701342904398048,-0.0031075640280929543,0.03123608399294232,-0.021900412844387134,-0.017294659361582743,-0.019784530307086174,-0.04182153751534711,0.07615102620396619,0.010800389923408935,-0.0248840071162666,-0.03692674591006154,0.07913953563303194,0.04003473130810838,-0.013050500878852187,-0.002778551911722864,-0.012889662595222805,-0.028792803848469332,-0.026852924436661006,-0.027163634605844717,-0.030062953036857076,0.027995116905211826,-0.0002869680906576865,-0.037825129436311215,-0.02662158689929534,0.05953309076312713,0.03449971013621892,-0.022428163797824224,-0.0014992626041136678,-0.023880077758360232,-0.03839072043677264,-0.026860297655438677,-0.03412308523423218,-0.02560374596478737,0.011184443102042026,-0.0022208958996259675,-0.04778676105696028,-0.022025166797216642,0.04652482529692897,0.03033454474246894,-0.028303279091768274,-0.0006499978815007649,-0.01972471655203708,-0.02497528595285506,-0.02117703893288298,-0.00585059460259625,-0.013849997497283934,0.0017436533663999377,0.006195104591933846,-0.026368808531622084,-0.0012623798886905618,0.025269768909026245,0.03332839771760436,-0.031079106506088586,0.014189807650126071,-0.33356875861011004,-0.3443199655645453,0.05570294527099068,0.0,77.60984762932327,24.426869523929355
ernie,ernie Small,pg19,KDE,hc_values_per_expert_hat_1_new.parquet,6.544637964774951,5.0,8.231898238747554,9.0,0.0012720156555772995,0.0,0.14211328012011895,-0.0013590091287265288,-0.022717394539861557,0.18354014455537124,-0.0063277738286162295,-0.003643191051420562,0.07342451420249005,-0.008017423575661752,0.02937210179363045,0.0686887659176289,0.006658414446935223,-0.05208949633349201,0.010317168987678052,-0.09745555932414861,0.015952480335636468,-0.09752415025034063,0.009226330861494018,-0.0036469055709888506,0.054755060387669044,0.0195501178638421,0.10829958052372703,0.006461658983377807,-0.007680826846865721,0.017945064236479954,-0.06355758147655227,0.15005588726930152,0.022831936384747824,0.023317588455253845,-0.051643381535428565,0.10880990645352887,0.04850732989508339,0.015182525033351615,-0.0021239320495877083,0.03413497488781842,-0.021900412844387134,-0.020651181262786075,-0.009890028260439209,-0.04565385359660709,0.07726662724693899,0.00874485614784281,-0.014856707509172399,-0.03939347094733413,0.077061393387682,0.04123164786255602,-0.010350057461956889,-0.0015817090726328654,-0.010412246441981542,-0.028792803848469332,-0.030400803948869376,-0.01986113656563978,-0.03405542311589587,0.028193817882566346,-0.0034587825700879166,-0.031006254760677854,-0.030256726831830977,0.05661326641895803,0.0342708776557635,-0.021524851170693807,-0.0018509331158737229,-0.024907393943421084,-0.03839072043677264,-0.03199380539099694,-0.03330602074679868,-0.03138424009191454,0.01016039037234562,-0.006747647380886457,-0.04308201898405098,-0.027178009705044203,0.0462893714148912,0.03003546795041972,-0.022325850106752504,-0.0010650818433882226,-0.022605438992197285,-0.02497528595285506,-0.023061581000987416,-0.011943315857970517,-0.015955800973193726,-0.0012346681819896538,0.002782000094860553,-0.028999274903893126,-0.005153988971351761,0.024325174368616212,0.030610476717966618,-0.02781465845070245,0.011038356751910113,-0.48276163105613323,-0.3721585482088272,0.05013346535108251,0.0,77.60984762932327,24.426869523929355
ernie,ernie Small,pg19,JohnsonSU,hc_values_per_expert_standard_1_new.parquet,5.030645792563601,3.0,6.581565557729942,5.0,0.02812133072407045,0.0,0.175155464319315,0.021846848699780267,0.0946801186646413,0.22662963175721743,0.021112998656019448,0.1320089879243087,0.09116056638808362,-7.491619308337932e-05,0.0644821916279607,0.08399489793123138,0.021921764892863647,0.03019792703668059,0.009482771778808442,-0.04614821348349096,0.023542158071324232,-0.042292736330298085,0.022228962201091162,0.004545072087287194,0.06353979708327441,0.03637345880533361,0.13039342037803267,0.012074060507656664,0.07627874031883627,0.02720259444035533,-0.022519611716810526,0.18706958263237766,0.12431182316154239,0.042757099157304385,-0.009786845700725187,0.14175966707985344,0.10791767493644758,0.03523420914609418,0.013509481328706231,0.04560368890147333,0.0026256557450082714,0.024034767104696313,-0.002015465017125173,-0.01910275563442755,0.10835292529032436,0.0796867982246641,0.014113259285186282,-0.003293551303764229,0.11106838496094146,0.09428748276364655,0.02502480121617833,0.020244260523250457,-0.008292041354995165,0.0018606143886524542,-0.013136963769089714,-0.01403564979913703,-0.016674228508319955,0.051244982454010345,0.036300439100103936,0.012523949543670887,-0.0017147032067420787,0.08906530067909552,0.07254121569091743,0.037489960388413755,0.019141423547599564,-0.021699887773561737,0.005938675492057869,-0.015086113365807513,-0.014725631998032417,-0.0036042925346190845,0.03195893046265391,0.021822591133709046,0.01891177022759886,0.003255373202673914,0.07466849313373014,0.05132256954167754,0.04661847322813087,0.009366183364818002,-0.03029886208930509,0.007648472319043122,-0.011629672492582756,-0.0036496631898057423,0.017441688168083645,0.008378875588496044,0.009706415974057265,0.023530675425765233,0.0166217395415707,0.046989369578371964,0.027341285888309738,0.037968744205784256,0.0037087028590077034,-0.1533977572315735,-0.241914033581824,0.10970924872594927,0.0,160372.04025126874,27.922567178205455
ernie,ernie Small,pg19,JohnsonSU,hc_values_per_expert_hat_1_new.parquet,5.716986301369863,4.0,7.684285714285714,8.0,0.02812133072407045,0.0,0.16723838309876826,0.021846848699780267,0.09758564096597959,0.21578295028609557,0.021112998656019448,0.1339201370588604,0.08607547525454909,-7.491619308337932e-05,0.06303756374489822,0.08116290784421917,0.021921764892863647,0.03454807722108137,0.015818642165615335,-0.04569498772486787,0.02762235821199714,-0.04398398287873563,0.018912521285631485,0.0012149264129784293,0.05650975442925504,0.03376469654461067,0.12573435627074997,0.012074060507656664,0.07761748950715916,0.02909680018950054,-0.023812050996921543,0.1766320802762047,0.12803455405861047,0.03756488684368998,-0.008519415836716867,0.13039022650677012,0.11239996551035675,0.024073236861253764,0.017333015115806996,0.045475363896801756,0.0026256557450082714,0.021026566662827265,0.004646624108180602,-0.02547749537841288,0.10092986291842457,0.0797034973713821,0.011696164677380487,-0.006350911313762643,0.09948626280863401,0.09830326062235249,0.012320683999829796,0.023900312638747735,-0.006308765557307612,0.0018606143886524542,-0.021588645992034958,-0.0076570805282597165,-0.029987104351858897,0.04624372413198556,0.027878071442310273,0.006730978524623726,-0.015953925000634587,0.07884546904101217,0.07067245848291956,0.02029726695901966,0.014725799950976119,-0.023569769227186746,0.005938675492057869,-0.02507442392164096,-0.01706301751305703,-0.018673086711666145,0.02807370133861813,0.010935005205537363,0.010843767061243246,-0.014246870809181378,0.07123601673948898,0.04764971479784137,0.03754231610607557,0.002218135076069716,-0.03155031711701582,0.007648472319043122,-0.019803399969281005,-0.008684127131276226,0.006712507199391162,0.008178563624229775,-0.001429208433472954,0.018459472111528402,0.0002881325457086209,0.048146838422801985,0.020811634141952196,0.03650602464427218,-0.007335945426367174,-0.34626870206927485,-0.2560853707347613,0.09344513042157589,0.0,160372.04025126874,27.922567178205455
ernie,ernie Small,competition_math,GMM,hc_values_per_expert_standard_1_new.parquet,3.1310105684225475,3.0,3.7975431080393385,2.0,0.5497828325265985,0.0,0.1082414524905775,0.022207948120941096,0.09844984517525682,0.11662250644242965,0.022128608289816627,0.1023441828859567,-0.0010076718668199686,-0.002534078907514407,-0.005740398114571683,0.10924912435739746,0.0247420270284555,0.1041902432898285,0.10322643449379466,0.09301890990824777,0.10949835267661445,0.09462198843960282,-0.003230031315772602,-0.008144305690590188,-0.0016986702873860227,-0.006472104367578522,0.04702501934227045,0.0008873013488808713,0.03680096340520714,0.0461212750385873,0.03544542050547305,0.08358110805092493,0.07610560589654258,0.07912864734436491,0.0713277010982529,0.08399465683469523,0.08231894986158589,0.07796521732458009,0.07622609923801046,0.030461862742925106,0.011001191369413682,0.02079282699753397,0.027112810873578048,0.01698600030643993,0.06233294299909479,0.058704988850060646,0.05350520345919207,0.04972682220201346,0.06378188675170857,0.06833965805528819,0.05373017617795216,0.05854358141428763,0.020811040147768585,0.022539407093079354,0.01323673649079677,0.014992623908489575,0.007057891401968179,0.057405562947097505,0.05627308309228586,0.04592462505004149,0.044756867564635615,0.0653132788505798,0.0718984143477368,0.0540595039822887,0.060993661352887925,0.017769501668012302,0.024159816304690038,0.011465238356341912,0.012209935323132219,0.005594271023695711,0.05209926676084542,0.05244125876758046,0.04135071336297902,0.04168712274208185,0.060271786710144486,0.06796732398312842,0.049979790529358935,0.05802592029766859,0.010129095581784623,0.02410615934026058,0.007249066278982227,0.005337431994622664,0.002305970249625224,0.05495913459453687,0.06045029083934599,0.04467001030834584,0.050352229641414704,0.07305119692461788,0.08497528917391581,0.06281788671025135,0.07522189023493629,1.6204561575672145,1.5724466113663345,0.8816784233014988,0.7170033412944041,2.4616258565392852e+297,1662.3275143890774
ernie,ernie Small,competition_math,GMM,hc_values_per_expert_hat_1_new.parquet,3.1462063741907995,2.0,4.024486076428749,2.0,0.5497828325265985,0.0,0.09292311023143564,0.022207948120941096,0.08952486453838154,0.10140048214159214,0.022128608289816627,0.09443789138344014,0.0007940659358587746,-0.002534078907514407,-0.0034453040867880426,0.09212904429557686,0.0247420270284555,0.09297016862516959,0.08752586154715827,0.0837398389776272,0.09411964612603031,0.08643046328928239,-0.0010895042448561053,-0.005719282550047589,0.00019332073868099576,-0.004136495489173575,0.0498045615849798,0.0008873013488808713,0.03850110218168504,0.048900103681546556,0.03721774740098531,0.07881864636079884,0.07521388704081525,0.07434846388596157,0.07040845753560458,0.07391410033773012,0.07928732517059559,0.06785538866294025,0.0730807257494267,0.038133217973792044,0.011001191369413682,0.0262087315788678,0.035312305651314144,0.022705356477342384,0.06146424420963134,0.06164478391716212,0.053297971358210974,0.05291887099785604,0.05441365669319488,0.06718007844824261,0.044817630200188203,0.057449669052243184,0.02662163660660901,0.022539407093079354,0.018356682045893587,0.021630761760438395,0.012595876512091257,0.05217716472099117,0.05828707058206052,0.04160845191950884,0.04715995149331908,0.05089502801545666,0.0693650164203707,0.04012695574614075,0.0585936549187512,0.02239717304172459,0.024159816304690038,0.01604316556961546,0.017628319804648077,0.010596801529345976,0.04485603080244344,0.05309830413435282,0.03496168441657111,0.042729954042132555,0.04382252233714141,0.06377758872017524,0.0339468360193775,0.05394541137379091,0.014543188660884887,0.02410615934026058,0.012707290117914563,0.010484471273966818,0.008183205913489984,0.04062959799271446,0.060802819135416845,0.030984521818353542,0.05105765523305049,0.04562032600644864,0.07903456859394538,0.03550538496880547,0.0693235583769558,1.0499995747803563,1.1104488002257953,0.642143895191943,0.6511620019049909,2.4616258565392852e+297,1662.3275143890774
ernie,ernie Small,competition_math,GLM,hc_values_per_expert_standard_1_new.parquet,4.49148490478952,3.0,6.199936092405648,4.0,0.0013491603252186468,0.0,0.17361197221009975,0.05701112031234272,0.11479639939912015,0.17477839777051862,0.07457497290232158,0.11163740472670401,-0.017498783465726045,0.016481655206518286,-0.01665545362223092,0.1911107556758258,0.04052946510582443,0.13145185302135107,-0.017891109012057767,-0.025323581366211323,-0.04154050230512938,-0.04080173847583328,-0.02792305454344836,-0.016769846505446592,-0.015127197076315813,-0.012891067028225024,0.09917932064759391,0.03816253037589372,0.06085865322836727,-0.020352402664282735,-0.028721560686764902,0.10338842756766049,0.07062738886659958,-0.050826394069585855,-0.03250054566789418,0.0641256217310678,0.05049157736255712,-0.05875664971420884,-0.022372604745985715,0.10140291158669529,0.04436061140151233,0.059076674383474886,-0.008564275018554276,-0.030177097228621417,0.09813092339846796,0.06895900124331514,-0.040457473865892275,-0.02609595844546574,0.044433833285386866,0.04398334555529945,-0.05284931865088323,-0.008371765471841559,0.08822472984586623,0.028080747821149533,0.0498419055422514,-0.019383378162287822,-0.035381779166598105,0.09072867395037822,0.0662366735325895,-0.0511964805346454,-0.028530179540168277,0.04241048060446823,0.0469720672079279,-0.057029350979321,-0.0048450722919683,0.08675480194631466,0.020119610072177645,0.049710242294970904,-0.010973413106563752,-0.03212549401488557,0.09600201717826123,0.07294455772385292,-0.04827406775246119,-0.025423498758419906,0.04965602207677528,0.05615667266647875,-0.06176900433243936,-0.002628502672945036,0.07795487458721781,0.010128923230183995,0.04014385987436307,-0.011633083469639064,-0.04156200491116033,0.1058577300431466,0.0771851903083077,-0.04110845156789081,-0.03397545378212883,0.07124952575272092,0.0717925921959803,-0.04955834138771139,-0.002962651463110824,0.0006008122267389705,-0.07806601692542768,0.13238536531748735,0.0,100.71599868979919,38.42470951912158
ernie,ernie Small,competition_math,GLM,hc_values_per_expert_hat_1_new.parquet,5.141863024722771,3.0,7.344189734546789,7.0,0.0013491603252186468,0.0,0.15112078767728596,0.05701112031234272,0.11409106115664568,0.15270979628250728,0.07457497290232158,0.10885206833447547,-0.014489618313910853,0.016481655206518286,-0.01926925936099485,0.1656104059911968,0.04052946510582443,0.13336032051764052,-0.037352249663952945,-0.028984300905776982,-0.054473631519586604,-0.047669110702018715,-0.017517427238833275,-0.02041943064902471,-0.009597026676252408,-0.015932807499766347,0.09357093783295617,0.03816253037589372,0.061188749342845086,-0.01628592498676657,-0.03179143614885496,0.09877625979712051,0.07051210701945554,-0.037148557403794163,-0.03674207331113079,0.06241327701568498,0.0499926699285156,-0.04157983775566949,-0.025948878396719968,0.09830889873795506,0.04436061140151233,0.06083378271209369,-0.0021330428479469994,-0.03096742859591807,0.0971409911128088,0.07035463158556303,-0.022395736635241983,-0.027546571691698368,0.046154757835830874,0.04428542879706791,-0.03197579182223248,-0.009762572563687745,0.08377319765343963,0.028080747821149533,0.05220729739619363,-0.014378927371182456,-0.03470774706389848,0.08558593472852427,0.06875324144559598,-0.03968926046212931,-0.027813094646584352,0.039402837733010995,0.04823824070407026,-0.04492090333925648,-0.004487403349576674,0.08233662068265798,0.020119610072177645,0.05214323629046163,-0.007415497800685456,-0.03117807410822344,0.08883368175851611,0.07658088689751055,-0.03981374351623699,-0.023042640160225017,0.043606638905413414,0.05900737947790205,-0.05279899723898796,-4.311767146922884e-05,0.0761813507893683,0.010128923230183995,0.045780254109464305,-0.0023258556721636407,-0.03503832794855759,0.09889045331305962,0.08278137002157065,-0.03061069117635585,-0.028033763538484854,0.06257032792410272,0.07375843295100254,-0.04443904926779691,-0.0015587580215393557,-0.2026189981920118,-0.07983664391229758,0.1103576146289124,0.0,100.71599868979919,38.42470951912158
ernie,ernie Small,competition_math,StudentT,hc_values_per_expert_standard_1_new.parquet,4.663692202090015,3.0,6.400783459767802,4.0,0.03833272187178243,0.0,0.09255974239234424,0.034285009581742104,0.057518399686954026,0.07865496361512017,0.03085242554310267,0.028444557385650725,-0.02812340173504131,-0.008194644185599752,-0.04391211758193843,0.12068314412738555,0.042479653767341856,0.10143051726889246,0.02566316018210299,-0.006978278599889699,-0.013648880808854834,-0.05326650368234361,-0.05342802198204308,-0.058821237933748334,-0.041177006755430776,-0.05014340151601776,0.052868024118022085,0.01254487508068264,0.022626976749408556,-0.003138909142690078,-0.02912857810453432,0.07511356512325432,0.05670430206974854,-0.011636591213062987,-0.011330182856595702,0.06519777555916635,0.06598174761475806,-0.014979435275388886,0.010741284817241752,0.04695512584966349,0.012136673755114999,0.01826709716761072,0.006268611503203519,-0.024201695038740485,0.06981935013480398,0.06231761620752821,0.008528483055326557,0.01282541120534077,0.05799972992309497,0.07653071689709612,0.006510177666710419,0.04503725782104447,0.02736668416610183,0.012828118551171467,0.009179319219563168,-0.005351402756409335,-0.02201102315525569,0.0518745825247138,0.053458131290426474,0.0020429521688860126,0.016560900075385368,0.04961132532159026,0.07203355382012515,0.009023348392657199,0.04964178363945723,0.02057018951809179,0.016497972596616648,0.003587715808375041,-0.0012621167825722012,-0.02022908835351651,0.042141145308974864,0.0413451123795653,0.0013350809915293176,0.009867386744536369,0.04170613034310712,0.059783853291194455,0.0034980257687391094,0.03825617382304374,0.006469817803988857,0.016804722821799064,-0.0025981812232212832,-0.003027009176710646,-0.013478449125823952,0.04875593199076038,0.051487886139160284,0.020029953920877943,0.027679289851634,0.06779596491737758,0.08280195449511751,0.034635632167181185,0.05892778758795865,0.7276695631040537,0.7662333526208875,0.37476789672782246,0.05864847313749308,45589.610607831135,69.7928180362451
ernie,ernie Small,competition_math,StudentT,hc_values_per_expert_hat_1_new.parquet,4.8551782903535035,3.0,6.86982969809579,5.0,0.03833272187178243,0.0,0.08673252640455152,0.034285009581742104,0.042890119196592844,0.07223211236085583,0.03085242554310267,0.012117119439542273,-0.028256022680006796,-0.008194644185599752,-0.04450885489254826,0.11498854908455831,0.042479653767341856,0.0873989740891411,0.022328512459260964,-0.024685831811975232,-0.010666414494670921,-0.0723255318144653,-0.04492932564177733,-0.058614897725004673,-0.040253478345817675,-0.05085872003466334,0.05144792568334504,0.01254487508068264,0.015161856676193596,0.0017769930170756692,-0.037718593992606235,0.06870351820678233,0.05065125753260392,-0.010370211208178891,-0.01776217997394015,0.05663552728322361,0.06383593535855095,-0.017792676342672675,0.009120437251703542,0.04797594976326271,0.012136673755114999,0.011240193812970981,0.01225000173168299,-0.03296522857935774,0.06504368472369279,0.058258828856299155,0.0070994904431035295,0.008025233689302655,0.049599489718589365,0.0776598471038348,-0.0019507735880301095,0.04686032128408051,0.027140856052181576,0.012828118551171467,4.563685793044017e-05,-0.0010997198250430017,-0.033754451297613605,0.04679092751005218,0.04760134122726442,-0.0003213611670171525,0.009133558983338794,0.04205001222967237,0.07307509641506432,0.0007161202031524227,0.05115308301185922,0.02003655000324524,0.016497972596616648,-0.005763695760670422,0.0008095981383330504,-0.03249661879526791,0.03832286119510163,0.03253540751424554,0.00015127868358768382,-0.0017901711347734384,0.0364150040056143,0.05680773584675784,-0.0006874858786508403,0.03420871984716287,0.002264506409630069,0.016804722821799064,-0.010865705797242262,-0.008237996609681312,-0.02450360726698928,0.03920090574674508,0.04045976675578285,0.006251171523703726,0.012574477990711673,0.05800029268052084,0.07555311997594798,0.01949117120178627,0.048649908222108566,0.5218047917462082,0.6736807043771383,0.3123694107000632,0.05802805699605698,45589.610607831135,69.7928180362451
ernie,ernie Small,competition_math,StudentTSkewed,hc_values_per_expert_standard_1_new.parquet,3.860858965407056,2.0,5.6491473070049825,3.0,0.02647431269749222,0.0,0.09243329560611016,0.03159071982850731,0.07167027395682389,0.06861109605628989,0.024197880124393896,0.0362290909317064,-0.04094037304873623,-0.013023302067182798,-0.053699376854222575,0.1333736686548464,0.04461402189569011,0.12536965081104645,0.0420990373159597,0.014897478428566875,0.0019818936528572385,-0.03267392346881969,-0.05632542279312464,-0.06298918077927658,-0.05235076577569877,-0.05850947122099838,0.03484974454972749,0.01522512063759719,0.023371304527987864,-0.007191773732476416,-0.015369978306261167,0.04686352342286041,0.0458856996975616,-0.03482614867756955,-0.013969015080644484,0.03886798328613367,0.04848429737250333,-0.04700714190122808,-0.006728500512218342,0.03347676288482197,0.015290822587294972,0.02134312005503519,0.0035161738527563565,-0.010452397644062564,0.044209926692121176,0.05164476654938389,-0.022771947293747978,0.005781560813177718,0.03280376657046993,0.056925239361648054,-0.03863375788476981,0.01983112904115672,0.017294441911159652,0.016290638126615135,0.012918816339024728,-0.0053068062600369875,-0.007380335166590828,0.030248200975164168,0.04353214314633093,-0.029345123278063254,0.0076541099687320955,0.027459159803622513,0.0526751856396598,-0.03924566697667919,0.01987985082389275,0.01373655922382011,0.021069185598797883,0.0075113152143936116,-0.002014654812566697,-0.009115694347534809,0.026834406721706342,0.0364692086549704,-0.025912136516790404,0.0033048773972828667,0.0258320757259784,0.047791686573577685,-0.037740809103864396,0.015480294020083801,-0.006145820666969049,-0.008811541287473437,0.00191001452593438,-0.01744039199279538,0.0004144852354218822,0.030022178920455115,0.04671038744644536,-0.028686229718541668,0.013186313270849934,0.053784420063606925,0.07004785715492942,-0.02369678653679361,0.019951391453890643,0.5863338756043607,0.5693782838575485,0.28766940897637694,0.0,20647.038598781226,79.69520185350864
ernie,ernie Small,competition_math,StudentTSkewed,hc_values_per_expert_hat_1_new.parquet,4.063872090133377,2.0,6.317881108205025,4.0,0.02647431269749222,0.0,0.08465062371222913,0.03159071982850731,0.06037722069159035,0.061015257554628374,0.024197880124393896,0.02030357844908175,-0.039846570546447094,-0.013023302067182798,-0.0584562748703125,0.12449719425867622,0.04461402189569011,0.11883349556190284,0.031092556725356664,-0.0018739090189083703,-0.0013183847531355792,-0.0562181616545091,-0.04518878450853483,-0.06990614881092758,-0.048753415440594174,-0.06449909749328143,0.031057084568185296,0.01522512063759719,0.014194609994049331,-0.006466070681824593,-0.029595571957220197,0.0417102464110764,0.037802502365177446,-0.026938716262648245,-0.026462355259579753,0.03455557547188945,0.04485048533375628,-0.03548382555546087,-0.012280698972022722,0.030615793420581863,0.015290822587294972,0.013247147640419267,0.002545167139220315,-0.023438371157374956,0.03854580626650954,0.045732937389764486,-0.019706236675071005,-0.0037496775659965603,0.02710532038827968,0.05632949199442395,-0.03291090067167402,0.018818408349181033,0.011380033327420647,0.016290638126615135,0.002244062839080357,-0.011261929139470186,-0.0245410657782417,0.0211403716914155,0.03563300414746366,-0.03198672180097184,-0.005033443554708869,0.019968174343608053,0.052273046780256065,-0.036751835084471815,0.0192687498992909,0.007570150224120889,0.021069185598797883,-0.002578907701012324,-0.009907335322639642,-0.025632390706231443,0.01812017310953012,0.0267234038630679,-0.029312245865682245,-0.012649758442750096,0.01938241094863232,0.04420959659986008,-0.034011440990337,0.00962798696802032,-0.015558339520187883,-0.008811541287473437,-0.005200567734123467,-0.02909690835163766,-0.011316099748743003,0.01607614927278941,0.03597111127973539,-0.03895703309464633,-0.0043996721762855195,0.04337873644706899,0.061871312824248785,-0.02573234373283593,0.0066619616341018146,0.37724311510145375,0.5323773974216767,0.23591357287080017,0.0,20647.038598781226,79.69520185350864
ernie,ernie Small,competition_math,KDE,hc_values_per_expert_standard_1_new.parquet,4.767837911405139,3.0,6.3272305525639965,4.0,0.016225428121708463,0.0,0.014076447432283395,-0.0020061369219116633,-0.0065750565700371955,0.023887229919427898,-0.0021144131552215707,-0.014443034615067312,0.011151693977173404,7.955737323559132e-05,-0.009459448866453073,0.0029247534551099918,-0.0020856942951472546,0.0028843922964158775,0.006528239804066037,-0.011754875072449168,0.010535624397646704,-0.023649902827758994,0.004463103835476232,-0.01408698165229692,0.008795692285679939,-0.01073549906624419,-0.001974084752908544,-0.002543950610312335,-0.012813899296058948,-0.005419836354942873,-0.015215501787469174,0.04049344832598532,0.007644591602419619,0.03510983466930137,0.0030702379106764877,0.06470458909318512,0.024281628875292668,0.05970351204526841,0.01952218063039863,-0.01644921121024589,0.0033924771366531173,-0.020987167381707847,-0.025497437150981024,-0.02665653468018587,0.029259550742827958,0.006504379861643837,0.01482516355561719,-0.005030873441272495,0.062144292449521965,0.03196599758962212,0.04948567491197895,0.02021416474474949,-0.0294833042173184,0.0032025707392189314,-0.02798407211175625,-0.0342117937527865,-0.030725051115434672,0.017568098618028404,-0.004852624485902552,0.010552965442412137,-0.011196409308083214,0.059392990142017196,0.02330244665718986,0.05382691690610683,0.01657792788936086,-0.033237295919608376,-0.0049724917392149634,-0.03013050294618157,-0.055777797956594266,-0.033454407234345056,0.005870696225125518,-0.009687745515633148,-0.03405248901676944,-0.02977782176764541,0.04685535415091386,0.01929129132000665,0.010850027311210873,-0.00795164808550584,-0.033731893363538504,-0.010110360720914672,-0.03446597872012469,-0.04052155351194934,-0.03196314199131521,0.013032900823250907,-0.0064636184544759594,-0.017946885383798707,-0.024211484884248093,0.06026444241846125,0.03095202806628758,0.02041086528015525,0.000511452383407324,-0.16111173468664056,-0.24756918158883306,0.06474263919544507,0.0,7.100843816940245e+295,31.052773683630246
ernie,ernie Small,competition_math,KDE,hc_values_per_expert_hat_1_new.parquet,5.315383978129401,3.0,7.524598506455851,8.0,0.016225428121708463,0.0,0.01439625335211553,-0.0020061369219116633,-0.004488997983602047,0.021486810734000366,-0.0021144131552215707,-0.013925158352422612,0.00759734713174224,7.955737323559132e-05,-0.011716700427458648,0.00679890622037329,-0.0020856942951472546,0.0072277024438566016,0.0072907795514871145,-0.009643662975679044,0.008714901171449381,-0.023175458917437355,0.0010387939648070648,-0.01643588854536086,0.005332991645640481,-0.013004016138588826,5.122223071247871e-05,-0.002543950610312335,-0.012568967793709682,-0.0030794177166096493,-0.014963131987577188,0.04097244867736174,0.007782420710018901,0.03583929464393598,0.003214898755941374,0.06348306082499286,0.02425779886125995,0.058564177014346984,0.019501676219061823,-0.012358868024353714,0.0033924771366531173,-0.020315796012901812,-0.020051240853705854,-0.02581573463655124,0.03187249930338806,0.007151529234571605,0.018658432813258036,-0.004130573701573395,0.06187131998586663,0.03225625855431542,0.04966306158508378,0.020715224191316592,-0.02580985407547626,0.0032025707392189314,-0.02829077252035355,-0.02963501889760831,-0.030884916032971808,0.019834939861931647,-0.005665236057956456,0.013493461563060003,-0.01177915326084396,0.05883785737739293,0.022391203293007606,0.0533128341433183,0.015858364838807867,-0.02853962461075831,-0.0049724917392149634,-0.03157144634439206,-0.04251232360612331,-0.03552647639924609,0.009477077490321348,-0.012575373538432834,-0.022454108008662817,-0.03416255359583986,0.047085101523655484,0.01646918959852673,0.013679601424259199,-0.012371107749777396,-0.03083573846583062,-0.010110360720914672,-0.03692689376443198,-0.03260529017729208,-0.03499344367900826,0.013114261425881875,-0.008719150317506984,-0.013940726013528686,-0.02768701921705744,0.05694863852103098,0.030384512700469567,0.017198672314542817,-0.0012696362538421727,-0.3058899425682952,-0.2634521775586379,0.05878020862611241,0.0,7.100843816940245e+295,31.052773683630246
ernie,ernie Small,competition_math,JohnsonSU,hc_values_per_expert_standard_1_new.parquet,4.223073008509178,2.0,5.796904032095814,3.0,0.0014556729824727506,0.0,0.016617848876658757,0.005856362500021073,-0.024787270201378497,0.027959589807291824,0.011007634945445944,-0.012577060242917066,0.01285415023899308,0.0060233553535686225,0.01851097473413616,0.0037636986376656766,-0.00016699285354754984,-0.04329824493551466,-0.07030197859171217,-0.07237886147150126,-0.09781015015031523,-0.07724561592568223,-0.027643174370717737,0.0018002303430299583,-0.027387816688305238,0.003644887000925854,0.004596196283666051,0.01422587486382057,-0.011439725954109813,-0.060802180242045076,-0.04070618364110313,0.04178246224864974,0.016559903450060483,-0.07195325453516654,-0.04118256349083704,0.060331069321843296,0.03677313475869677,-0.05249494343875772,-0.024296548383148802,-0.009687209340661364,0.015221979116854693,-0.017083134244495916,-0.05164126036096053,-0.0321042668475618,0.02718530019295447,0.018066851908214325,-0.054368448651251025,-0.020119446392494716,0.051877858463097275,0.04562646445058943,-0.029322806954081567,0.0027917566551605016,-0.024906299618138898,0.01741059805498165,-0.02466705129714495,-0.054326834381749296,-0.02982784204776067,0.011268022192394131,0.007319084818349513,-0.06006990572033418,-0.022674611473513104,0.04468425590458107,0.0383549362818127,-0.032561127334297196,-0.0020246721635041503,-0.03201920285946251,0.01985230258468936,-0.02879129191230523,-0.04966348788940378,-0.0272008831846609,-0.003271016223112379,-0.001488993761734387,-0.05703001380693347,-0.020487818550778157,0.03134998854776525,0.030432748714249586,-0.03164720552934802,-0.0007162011615625699,-0.04330053348013309,0.025800352869878012,-0.033017686831608925,-0.047198803307006314,-0.021502979519623718,-0.004918611603148925,0.0017856614298275252,-0.05540996462526617,-0.014081487695617144,0.04384294520178971,0.04200254490974592,-0.029754465851004955,0.003755890970409092,-0.06921128761560119,-0.15221408087735488,0.08559319788805307,0.0,323.8013359636453,35.28045079743459
ernie,ernie Small,competition_math,JohnsonSU,hc_values_per_expert_hat_1_new.parquet,4.767423695515817,3.0,7.027882646721185,6.0,0.0014556729824727506,0.0,0.024594686050818385,0.005856362500021073,-0.027429306811257482,0.031869381602984255,0.011007634945445944,-0.015599303265987675,0.006719005798554163,0.0060233553535686225,0.018308339586571173,0.01787568025226422,-0.00016699285354754984,-0.04573764639782865,-0.03945294412174329,-0.07811304094314017,-0.06808993685406377,-0.08411510972318625,-0.03254306017363249,0.0009755403375367246,-0.03245833725758503,0.0026181577657872087,0.00812050813219918,0.01422587486382057,-0.014035826307528997,-0.0416119870106694,-0.045669922080456435,0.04203069020251403,0.015516701999193973,-0.05352073834573147,-0.04531225382724682,0.0572978667550451,0.037673394003021526,-0.04256537602887117,-0.025874562877369035,-0.0047944580948105706,0.015221979116854693,-0.021012706173869293,-0.03290327235632994,-0.038260502324888535,0.02768956375389417,0.01457450417053453,-0.04045709610325351,-0.026629112268576786,0.04752745595426244,0.04438109588794381,-0.0276202302608478,-0.0007473745984274702,-0.020634773863275228,0.01741059805498165,-0.03022815023790857,-0.03743711022077568,-0.037703361264551156,0.012065209290709325,0.0015936949658928085,-0.04556041497754838,-0.03183646360833043,0.041214098294614476,0.03567173998423217,-0.0288456386322899,-0.0074429035690225746,-0.026565699663089366,0.01985230258468936,-0.034514996256349025,-0.03190528826773887,-0.0350532952152134,7.553319824668645e-05,-0.00966460199260677,-0.03931270431921207,-0.03246321523252039,0.030319091285788788,0.0243117495114811,-0.024466830252203343,-0.010293763967976793,-0.04101815686674655,0.025800352869878012,-0.03780979291849314,-0.036936650659445916,-0.027600310495137535,-0.00484051201734775,-0.00629764513011687,-0.043999415724800255,-0.02563960381445473,0.041251501808110616,0.03518275272940807,-0.024272900228025366,-0.006911853677375016,-0.23700390305755809,-0.15907422461678458,0.07373376914004917,0.0,323.8013359636453,35.28045079743459
ernie,ernie Small,structured-wikipedia,GMM,hc_values_per_expert_standard_1_new.parquet,3.6060819124626473,3.0,4.230664440147653,3.0,0.35480752329056076,0.0,0.01944119002250723,0.07246241420479607,0.0010305165033198218,0.07886841630861036,0.10684597901792414,0.06577849117364995,0.07401441786696553,0.041349361269234636,0.08112647887588392,-0.0545732278444583,0.031113052935561436,-0.0800959623725641,-0.004366755595825841,-0.024566983663010987,0.04585606912575745,0.030957321540010345,0.06269077222654693,0.06988217602825539,0.06436140005677526,0.07149980093645349,0.037078432912162,0.05975780561686579,0.03342816795639218,0.015381135902468559,0.010111978147193411,0.10274174864126016,0.11107717028463865,0.0738195491887577,0.08108863931414509,0.10907534071790574,0.12481590640746064,0.0897543858981024,0.10561647000864549,0.009298068293453275,0.038744148081937595,0.01289812045829627,-0.00784111601981847,-0.004995286296352086,0.07331137460846163,0.08928505627323166,0.055630339696048706,0.07195690778696485,0.09140564473965615,0.10966013246191754,0.08497691538603519,0.1044861168017156,-0.0014290397540472535,0.0230909500079128,0.010997895466275678,-0.011609001967874335,0.0011929710477602473,0.05526872335963004,0.0726651709464225,0.05141453156218435,0.07016256565736813,0.07490603414322845,0.0853939896237888,0.08011367419882785,0.09201611863554483,0.020080564393046698,0.008567224401470844,0.019811813102292734,0.018016519493061003,0.017690457784079572,0.05808237023769328,0.07189041557065748,0.06508692829955279,0.08050299026831682,0.05645505664785225,0.07499761029425014,0.06783059321449826,0.08856236930534332,-0.039577084367956226,0.003468614369013013,-0.04113493561083704,-0.041125901558273656,-0.043026801472476964,0.0021452694781898957,0.015343714080705586,0.015428975553816008,0.03035051781354529,0.0408094649839499,0.05942366191305452,0.059567895561739394,0.08075391019046742,1.3794728869350408,1.1800930417652435,0.776404242713551,0.43408458624236107,2.153278256284057e+298,226.94548830439896
ernie,ernie Small,structured-wikipedia,GMM,hc_values_per_expert_hat_1_new.parquet,3.694893654420812,3.0,4.521488838108631,3.0,0.35480752329056076,0.0,0.0283287602515745,0.07246241420479607,0.0006477942649634875,0.06629349792963811,0.10684597901792414,0.06194386364534859,0.046900577621494896,0.041349361269234636,0.07680928062086828,-0.018571817369920397,0.031113052935561436,-0.07616148635590479,0.009172731504882004,-0.02383771989126192,0.03855952172263436,0.028347741913624932,0.03634121157843214,0.0657016955698733,0.03804661719017862,0.06734099342947086,0.03036822703353005,0.05975780561686579,0.027465131653669053,0.012542780409428618,0.005051624246779434,0.07587979793322683,0.0978071655226365,0.05096123575713152,0.06840348483298858,0.07746911042511687,0.11194295115263052,0.05996928135304355,0.09269589303149217,0.0006332920537609928,0.038744148081937595,0.0018064204390901648,-0.013797280277863618,-0.016269230940100663,0.046017159313179117,0.07276204805247881,0.029755640634202944,0.05469627299038564,0.06286747208638717,0.09855578919432818,0.055583856167440826,0.0925805595769617,-0.017435100262285504,0.0230909500079128,-0.003982898130762854,-0.02660105847982966,-0.014696675341744899,0.029200668241863882,0.05711424103483728,0.024236033681506768,0.05339237611567813,0.05653159453278951,0.0799548345517828,0.05923476209955269,0.08587933017555405,0.010845365577703374,0.008567224401470844,0.004428352100171614,0.008483568813666029,0.0011649041857179738,0.03168078841673493,0.0559612279016966,0.03576692150001134,0.06328547391194449,0.0309023524971853,0.06954543814457732,0.03871397648306227,0.08256438396154028,-0.03628478301816075,0.003468614369013013,-0.052554527349569606,-0.03708612444860117,-0.055206211963159696,-0.014479533426316854,-0.0008072963912518563,-0.004160296629477679,0.012801394008024367,0.0160850210132658,0.049449454762770004,0.030269378024986904,0.06970046299483489,0.873707557589196,0.9792775285116924,0.5489584628615158,0.40663701142343356,2.153278256284057e+298,226.94548830439896
ernie,ernie Small,structured-wikipedia,GLM,hc_values_per_expert_standard_1_new.parquet,4.3432061873791525,3.0,5.614870803304623,3.0,0.001845667076814906,0.0,0.06803454658941599,0.06245190705009279,0.06181705412796616,0.11563974526230118,0.1111625206924915,0.13999843325885128,0.05802720555202617,0.059547103419258174,0.09649931162988098,0.010007341037389816,0.002904803630834618,-0.03468225750191482,0.055346570949658266,0.034861761003632134,0.01043843265849834,0.07254109553126672,-0.05783405836777131,0.04595059207951189,0.006512320628386248,0.07194177667340633,0.04392805408482556,0.05207622259548716,0.07512014147327506,-0.027716005463668293,0.04927547050939458,0.0961562827782986,0.15074995072914424,-0.04152890743498246,0.09464481926025049,0.09253498744643787,0.13860248683042062,-0.03073061968166197,0.08447566453120302,0.026285310975835245,0.03691837290959969,0.06289716096193408,-0.021265927525715853,0.06254230629822562,0.08878351241562951,0.14241225854133094,-0.026450099202250884,0.10401634990833714,0.09483538507598209,0.13023122355848343,-0.013965811696724418,0.07729307332269052,0.005474024497768087,0.01685621242262185,0.048702779237348996,-0.01292842569839851,0.0789586346297777,0.06582637494503316,0.11302922030204157,-0.009862440137841686,0.09940828624581981,0.08192023966978768,0.10071068826854687,6.916275170691514e-05,0.051698670209869936,0.015437734242745605,0.017486184243586264,0.052201476122973135,-0.00868947837691598,0.07197623988322233,0.06272464270977918,0.10408654272719922,0.0005150334249264569,0.09487560222999977,0.06731271481389078,0.08470073018511409,0.009525563878080586,0.052290243065133885,-0.024341670278318826,-0.012412177604617434,-0.00010647562568713055,0.015353399565416924,0.054244378192743026,0.044283064065833946,0.0688880518638521,0.10162138784072088,0.11633340925534937,0.0808201102519553,0.08944473107943757,0.1171676555100911,0.09887527790985563,0.20003371834055386,0.01537116547499782,0.19939363022320208,0.0,145.8422158931039,40.53002597440092
ernie,ernie Small,structured-wikipedia,GLM,hc_values_per_expert_hat_1_new.parquet,4.772104060467569,3.0,6.449859377746528,4.0,0.001845667076814906,0.0,0.058403108422066495,0.06245190705009279,0.0646062791672444,0.0818354738151313,0.1111625206924915,0.14154532286249538,0.027962336499964654,0.059547103419258174,0.09487507411685825,0.03044077192210184,0.002904803630834618,-0.030268794949613848,0.02838195245347685,0.03996298782123503,-0.043534944289946885,0.07492593857505181,-0.09070915448150274,0.042396835485027505,-0.03910542226176107,0.06988177991306443,0.022067010929130704,0.05207622259548716,0.0765321646684626,-0.05628014709690019,0.05286096670376222,0.05724045067184094,0.1503075532319273,-0.09275998215926759,0.09504169241636158,0.059310260001085385,0.1365061704488041,-0.07449074707207724,0.08131706908673447,0.0026954747066494714,0.03691837290959969,0.06332290040262611,-0.059790369490910614,0.06710174037592255,0.049085768885060124,0.14136818657739636,-0.08857358054310162,0.10564917605626571,0.06492735428103655,0.1283402364231242,-0.05888630897456144,0.07471076573572488,-0.018114065589637775,0.01685621242262185,0.048566481009512254,-0.05910557876225976,0.08675749032450257,0.03156659976871309,0.11170535107668188,-0.07238567407291319,0.10304308080988102,0.060366157319715674,0.09908978710917463,-0.03600184943547801,0.04857748611146915,-0.007931226345637464,0.017486184243586264,0.04828914299392722,-0.054995493059880086,0.07030450126068462,0.03161172160389195,0.10095707294689235,-0.05977456821598634,0.09473007709201939,0.04988108213072552,0.0845335805492227,-0.023124633940097006,0.05379914572506172,-0.03382606831434114,-0.012412177604617434,-0.0041723855089698374,-0.014581091067408083,0.054355196503271044,0.022570143258445988,0.06607845303566623,0.02314259886324345,0.12470845948173022,0.061773129461600185,0.08970758674449342,0.04406389441579342,0.10964158893154347,-0.004853960251307222,0.015360159384015635,0.1519122460092566,0.0,145.8422158931039,40.53002597440092
ernie,ernie Small,structured-wikipedia,StudentT,hc_values_per_expert_standard_1_new.parquet,5.448892599753911,4.0,6.47112849358411,5.0,0.05840217964492881,0.0,0.047978621500954784,0.009609038122683003,0.03214018059713197,0.09984260860116242,0.010038033022336952,0.08982504069748334,0.06384788795897811,0.00030628105019773143,0.07152483358086151,-0.015869266458023328,0.009302757072485271,-0.039384652983729534,-0.009225775094213072,-0.027809679318219538,-0.03195392360074725,-0.029291514223412505,-0.028040298426420276,-0.0009279587828174328,0.01811846749645075,0.03375577049127395,0.05153012360096772,0.0195649726957811,0.050061758062971556,-0.046175437780821726,-0.0343289401094801,0.12735209467923075,0.13559980453673495,-0.025671023508249242,0.007315819373827727,0.12943793356288352,0.14279441107437676,0.011369521405804947,0.046234011547791,0.025533128536587395,0.02542529251525676,0.029706653738729244,-0.06539510959348005,-0.044184379328394356,0.10431268917192343,0.11588249223409547,-0.029193257521420116,0.006458794309239493,0.11707060515940691,0.12863925624112166,0.029152226677272273,0.05576881929040311,0.0047246176415402475,0.026248803562683845,0.015124082443071686,-0.05673247086075287,-0.026819687230220778,0.08000089504740956,0.09015483836284252,-0.011559851030482989,0.016611781352165948,0.10152028803975774,0.10444377076018288,0.04252513405062265,0.049433819196377786,0.015150473269460708,0.03799228865465849,0.02151859770084357,-0.04228986403414175,-0.02146248270371166,0.07345011459810764,0.07980935582802465,0.00892503857558697,0.02582499838494909,0.08179547519060866,0.08374179577478452,0.05480370756809204,0.05596141790221108,-0.035855242587490885,0.060860626887100776,-0.03797918807588379,-0.0324330749353175,-0.03366666356466923,0.0344403658437256,0.03395168054633467,0.028371995016019183,0.02524400155532971,0.07911759181931108,0.08052457543238112,0.0680407239154971,0.06516582461431518,0.7286840298506896,0.5663718912165925,0.42599188174879454,0.037200020524444724,39187365.848342285,46.850965008271146
ernie,ernie Small,structured-wikipedia,StudentT,hc_values_per_expert_hat_1_new.parquet,5.620759360168747,4.0,6.795790121286694,5.0,0.05840217964492881,0.0,0.039544175808000855,0.009609038122683003,0.027229542941178436,0.06827527235503333,0.010038033022336952,0.07423712918290579,0.035057596966605445,0.00030628105019773143,0.05826082129369674,0.00448657884139541,0.009302757072485271,-0.0310312783525183,-0.01177404941882229,-0.030736120012180533,-0.05590975202115705,-0.045402655179730946,-0.05465454372483748,-0.017274510896548103,-0.013232359783034452,0.01877506784464832,0.02896127512061387,0.0195649726957811,0.03948598308296099,-0.059964722302930124,-0.04626099077116194,0.08989136428514599,0.12121350445928088,-0.05699436432159525,-0.01024700032109618,0.09903406518538897,0.13309345896441138,-0.019090350193207515,0.03353147525779406,0.0028615861091810923,0.02542529251525676,0.01938659635867437,-0.08028769131982436,-0.059062122273659604,0.07006290989218861,0.10432492908945673,-0.06150766216738093,-0.010812097228589005,0.09371519048470979,0.12357612680908589,0.0004315427009638962,0.04775744752918706,-0.018566836877623314,0.026248803562683845,0.003792001877302284,-0.07971390213173908,-0.046515851128286594,0.05379675501240354,0.08058811405537922,-0.04129343174040468,-3.710675095290728e-06,0.09037078796325261,0.10324874438251147,0.02646931698305957,0.047454520992559125,-0.009481286448599226,0.03799228865465849,0.005511347130118751,-0.0713012057893182,-0.05091616470419985,0.04909398279705053,0.06726266590485201,-0.02542663874377012,0.002534562544602048,0.07458637630228218,0.08339859041997864,0.038901243138896945,0.055129388427324406,-0.04532130177107892,0.060860626887100776,-0.047241587388823884,-0.045705479602745784,-0.05110606679254029,0.020439799048375153,0.027791067614793333,0.000407139715394014,0.013473057759261253,0.07005531138192068,0.08143441867685393,0.044497192062502536,0.06665825222595909,0.4858751467146018,0.5127324325361875,0.3239440741872599,0.03691346153869755,39187365.848342285,46.850965008271146
ernie,ernie Small,structured-wikipedia,StudentTSkewed,hc_values_per_expert_standard_1_new.parquet,4.788671119704693,3.0,6.239497275443839,4.0,0.06776234839163298,0.0,0.04917060957190411,0.010226736501003033,0.04734760684178414,0.09285910433827795,0.01292051728329192,0.11579828528281616,0.05357250343927526,0.003129955340515375,0.08465186466951494,-0.004401893867371151,0.007096781160487658,-0.037304257827730794,-0.023726691754422657,-0.016690062604585547,-0.05870286573536315,0.007143119539748925,-0.04282284614743234,0.03024594106535816,0.00545312719384968,0.05285077724491293,0.04789934986353425,0.018357412116581134,0.06857394859473355,-0.063230111654888,-0.007269498599941919,0.11127646988239132,0.15271329795867752,-0.0694967880545603,0.03428879093028966,0.11012464334262409,0.14819533417724878,-0.03360575976605187,0.05664023474823168,0.030096633299285257,0.021983510547737353,0.051158186962940354,-0.06586784494580077,-0.010201074604366015,0.1017817993215647,0.13573366373139167,-0.05127975386901154,0.03392864215653109,0.10875870903012586,0.133402385753022,-0.000749242138989718,0.057570324466917,0.009669890349730844,-0.004871136099945358,0.03426643459763256,-0.05322229984909821,0.0075018502339415,0.08081706223089734,0.10667419890421251,-0.020534055411814175,0.042950337582350624,0.09757798953881394,0.10693965544245508,0.027032872321480994,0.049407983623347466,0.01828925700430731,-0.0059732810391383865,0.03760185518713667,-0.037234353919768,0.010686266977347668,0.07578217859012631,0.09577359682510703,0.009281819288093468,0.05497454696917192,0.08169320877500108,0.08852961153376157,0.050145325561311266,0.06180252936228013,-0.027133763287564325,0.05988207171085995,-0.018048223278717197,-0.018952554700428385,0.001571083490981026,0.049860963549645525,0.060055050519813725,0.05397275024911247,0.06882122568756702,0.09073696309718293,0.09522815415334887,0.08833429184528353,0.08786605168285705,0.5697435264083982,0.34161981499443406,0.37929100632466,0.0,5059481.562780702,53.57125044973981
ernie,ernie Small,structured-wikipedia,StudentTSkewed,hc_values_per_expert_hat_1_new.parquet,5.068113904025312,3.0,6.799789066619793,5.0,0.06776234839163298,0.0,0.03791320142270503,0.010226736501003033,0.046836386609925715,0.051190018147961334,0.01292051728329192,0.10763316713474191,0.01572738920748735,0.003129955340515375,0.0750712309163562,0.02218581221521768,0.007096781160487658,-0.028234844306430487,-0.026307740126086134,-0.01717874795298242,-0.09364557368703869,-0.007459942655344427,-0.08307308083073227,0.012670335552634205,-0.040403430845681564,0.04007793701028455,0.018337630273453094,0.018357412116581134,0.06563119845588888,-0.0841174035673876,-0.013874185164520506,0.061054261231227244,0.14559145911365015,-0.11291155037958442,0.01929984183229388,0.06864348675702568,0.14102004594955314,-0.07398290365508421,0.042068245078063,0.003298471906057748,0.021983510547737353,0.04859914717014002,-0.08645736575341204,-0.01731803649251562,0.058586381903165785,0.1312606654576154,-0.09373986076761773,0.022871076011734593,0.07740831771008258,0.1299279705485735,-0.03739788340782867,0.04988863342244608,-0.016458039101398328,-0.004871136099945358,0.029401105122085356,-0.08222903979543784,-0.003725727961266231,0.045540329721251466,0.10143995873476536,-0.0655967268302,0.03094452233449527,0.0772541632103832,0.1049289711020586,-0.003235396515896019,0.044915033959066514,-0.005696228101286439,-0.0059732810391383865,0.028985329786338828,-0.06700634629673792,-0.008868893630137462,0.04563938045690977,0.08732667013284219,-0.0374840327331674,0.03726292097227952,0.06617132038856341,0.08610459624367452,0.018608453318342263,0.05828072897893589,-0.03333610856793748,0.05988207171085995,-0.022633509490222477,-0.02898127258946448,-0.007817223889567976,0.03148301633730394,0.05959061842926687,0.00958067926529185,0.07200897121499973,0.07286165743000719,0.09903154517431811,0.040333984720915456,0.10104127720663536,0.2989404699779863,0.3279748529383656,0.27479576205539924,0.0,5059481.562780702,53.57125044973981
ernie,ernie Small,structured-wikipedia,KDE,hc_values_per_expert_standard_1_new.parquet,6.4222183160485145,5.0,7.278519950782211,7.0,0.00017577781683951485,0.0,0.002967072005900563,0.024990783384887857,-0.050636902682095836,0.028409553561034032,0.036595421921509066,-0.060128729687517535,0.03181665639272334,0.013942765220056752,-0.010677105928875108,-0.028849584386822776,0.011048018164831105,-0.03995979675322073,0.0034893044180252506,-0.05766425543455854,-0.05777151595021773,-0.10306566735692442,-0.07696670853882252,-0.055408644287874155,-0.02520823184352369,-0.03177617402955742,0.01758902966279301,0.02736370411935902,-0.0255545769643145,-0.03256098041029546,-0.04819191078807967,0.07706193976631068,0.007626477431609396,-0.03512125570482812,-0.04633669492529364,0.09239179966700481,0.03739350115350786,-0.01653919242603917,-0.01637158353188157,-0.004343685578323304,0.011456213323392948,-0.016332760735278395,-0.03495644872064955,-0.025603418861752554,0.06097689354494746,0.01897770906581977,-0.030584538655205978,-0.02281698937660496,0.08877639069668763,0.04344434441563605,-0.0052006751946669805,-0.004384142598415948,-0.02534326861547588,-0.00659440071503519,-0.020518777078305083,-0.04223689367702441,-0.019756415709567182,0.03584460274035087,0.0158899432757388,-0.046951402778179496,-0.016592806738422065,0.07340039930836581,0.04197598223675927,-0.019417979731549892,-0.0019316327357986251,-0.01374858541494707,-0.011084488387347137,-0.009195029926369867,-0.056132299016998795,-0.01801507931858131,0.02977471794385632,0.017648003864159018,-0.05871933073530125,-0.01571160292884109,0.05335881676234734,0.03268906852868933,-0.020583638570825995,-0.0024578024129339503,-0.05279411731126071,-0.021837677033461202,-0.04780252420523298,-0.005769156114019169,-0.021905084607243688,-0.017931996879237307,-0.012683473880977346,-0.03604360392820399,-0.013480220585001607,0.02747026262148431,0.029481068378220805,-0.04126457497869989,0.0035360644259834193,-0.4594184503029004,-0.5477667699625711,0.045508214801583874,0.0,37.117271407558384,19.252699878327537
ernie,ernie Small,structured-wikipedia,KDE,hc_values_per_expert_hat_1_new.parquet,7.05405167867815,6.0,8.399455088767798,10.0,0.00017577781683951485,0.0,-0.0015708257175263067,0.024990783384887857,-0.05106777905050011,0.024092766030595264,0.036595421921509066,-0.06194667541182404,0.032203060284044384,0.013942765220056752,-0.012405200935482943,-0.03377388600157069,0.011048018164831105,-0.038662578115017165,-0.004689771780390463,-0.058191516444494135,-0.05597492447073604,-0.1052819278393279,-0.0642272655757832,-0.057513770383357116,-0.019157688486904814,-0.033625892074981414,0.013069452913671037,0.02736370411935902,-0.027500367460339382,-0.034670848667820324,-0.050504782558004196,0.07051036844095317,0.006909163398169458,-0.036019722002118094,-0.0474297261781776,0.0876669085340755,0.0383778844614034,-0.01563267403412733,-0.015533133020737644,-0.01244747767929012,0.011456213323392948,-0.018721079991905476,-0.04520890245174213,-0.028439231096786078,0.05264491828288724,0.018481881561859866,-0.03708810528411528,-0.023904263173793995,0.08582722560899331,0.04528099703092667,-0.0033144588005202293,-0.002878222947097327,-0.031725773798798866,-0.00659440071503519,-0.022924812516773564,-0.04982112300146138,-0.022520730559686484,0.03023452008897353,0.015786563026546345,-0.047693704338960155,-0.017217726625098226,0.0724324618693396,0.04428438745774649,-0.01266384507797295,5.812138247433297e-05,-0.02111606411118555,-0.011084488387347137,-0.011690019090138053,-0.06237482556313675,-0.021100388352774342,0.02876669978092316,0.0167170209294327,-0.048820474064257026,-0.017401471300366945,0.05950774422131392,0.03399126464193082,-0.0011248015023933157,-0.001553738584223753,-0.05454453569220531,-0.021837677033461202,-0.04882975468461283,-0.012672840235430811,-0.022574018959239026,-0.020274972124841095,-0.013641555416793225,-0.03569212402798066,-0.014688509898160552,0.02611347741420189,0.029225514837079174,-0.034176627800845016,0.0026095401695651627,-0.6046347679824893,-0.6061726231991265,0.04084017768719277,0.0,37.117271407558384,19.252699878327537
ernie,ernie Small,structured-wikipedia,JohnsonSU,hc_values_per_expert_standard_1_new.parquet,5.470645104587801,4.0,6.613156969590437,5.0,0.016874670416593424,0.0,0.03990976304346441,0.014848864214592819,0.016566171662217882,0.09444279547056367,0.013890773215194697,0.05223778102321441,0.06738741874503136,-0.0015583912438797466,0.044309761417607084,-0.027477655701566954,0.016407255458472565,-0.0277435897553892,0.01170003305238562,-0.01202892801070063,-0.025939080756556272,-0.034218785805371195,-0.047447769137446937,-0.027367391933294894,0.009386186162169907,0.006959805620541691,0.05716930687952912,0.012704957499674128,0.04675105260179103,-0.023318606970368326,-0.004758561471399033,0.1275173451537745,0.10185574525007583,-0.012707683715104742,0.0032457670281964275,0.12383868887777093,0.0977928820839456,0.00608313086599111,0.009605784692744205,0.0355190464090544,0.011529173733657461,0.04296703218793616,-0.022230498463198387,0.01190349433562924,0.10497048023337938,0.08810703503248873,-0.004892913445582208,0.007536374848915278,0.10743712746964611,0.07629121628785311,0.01683327615948531,-0.0022308659885216216,0.005568064357817104,0.01600574795674802,0.0320010115103921,-0.033005436689022956,0.024958722673238277,0.0692400535091279,0.060433941616362466,-0.015384456348952526,0.002160545489343194,0.08636150122416056,0.04778817691122278,0.013218488811629804,-0.02259272246685187,0.016489335004623684,0.012067538855713407,0.043804806052871945,-0.038169245026203794,0.02769317825799075,0.05332059554453501,0.04485466672362306,-0.028879265603592455,-0.008889458259152529,0.05380206020771657,0.014858207575435614,0.0006280695701265101,-0.03991009721658648,-0.026309162517538457,0.0021515150368791166,-0.020997192779701312,0.012722141126843384,0.005665522849389319,0.007639611417031025,-0.011560291383444896,0.004068685447072956,-0.024365957130821375,0.03518685681601789,0.005182132564876301,-0.006946171173569006,-0.03707155934485615,-0.31962069072042837,-0.46115961189647886,0.07397723900465757,0.0,27098.08496315855,22.141915493941376
ernie,ernie Small,structured-wikipedia,JohnsonSU,hc_values_per_expert_hat_1_new.parquet,6.095754965723326,4.0,7.781771840393742,8.0,0.016874670416593424,0.0,0.025674573224542165,0.014848864214592819,0.016579825644164485,0.07567505757796203,0.013890773215194697,0.05121651677998807,0.06204938869365853,-0.0015583912438797466,0.04301232711615529,-0.03637481546911636,0.016407255458472565,-0.026432501471990805,-0.01254319662974811,-0.012538947501023513,-0.04266970418856356,-0.03719371741988987,-0.03727699769086106,-0.030433852494108158,0.007788821159972135,0.0045827018271544775,0.04452175039986417,0.012704957499674128,0.04804700507283959,-0.0335858111250455,-0.004465014300944087,0.10888607965593315,0.10639741300070636,-0.02813713645350977,0.006820678780277303,0.11018978400726173,0.1029696117138477,-0.005326135036836562,0.014421148935222762,0.01928662759529179,0.011529173733657461,0.04114917943711956,-0.04339565390841215,0.008543717898826261,0.08578587116291791,0.08928890188780945,-0.027949526053130804,0.007043149116905051,0.09808473434259263,0.07984204958906359,0.007477945599058024,0.0006529433670307085,-0.008928757751350708,0.01600574795674802,0.02869048852822653,-0.05255311206189564,0.020226351751357098,0.05629897807241137,0.061321504736386624,-0.029005285864499825,0.0015456230664304545,0.08389893139513654,0.05233300413886448,0.015051027768990954,-0.01858191468500126,0.0007284604326445315,0.012067538855713407,0.03836597560494342,-0.057848010237620505,0.019382453871515347,0.04638195741348243,0.044229296057056035,-0.02900003818374844,-0.0123472324005233,0.06062871239837625,0.019554623412071793,0.020477051841094454,-0.03603154823254583,-0.026928499826336463,0.0021515150368791166,-0.022663959354418634,0.004587530815186037,0.004294803460244682,0.00941331393798576,-0.010933744862456076,0.0074481247944838125,-0.024415168068660436,0.03808229413601297,0.007596209312819426,0.005258421299951265,-0.035818037875010644,-0.4839917514260491,-0.5120174456812221,0.061779248960730795,0.0,27098.08496315855,22.141915493941376
