Big Model,Small Model,Dataset,Estimator,HC_File,Avg_Experts_At_Max_HC,Median_Experts_At_Max_HC,Avg_Experts_At_Max_HC_Pmin_rm,Median_Experts_At_Max_HC_Pmin_rm,Avg_Significant_Pvals_Per_Token,Median_Significant_Pvals_Per_Token,Pearson_Max_Per_Row_Big,Pearson_Inverse_Min_P_Big,Pearson_HC_Pmin_rm_Big,Pearson_Max_Per_Row_Small,Pearson_Inverse_Min_P_Small,Pearson_HC_Pmin_rm_Small,Pearson_Max_Per_Row_Diff,Pearson_Inverse_Min_P_Diff,Pearson_HC_Pmin_rm_Diff,Difference_Pearson_Max_Per_Row,Difference_Pearson_Inverse_Min_P,Difference_Pearson_HC_Pmin_rm,Partial_Pearson_Max_Per_Row_Big,Partial_Pearson_HC_Pmin_rm_Big,Partial_Pearson_Max_Per_Row_Small,Partial_Pearson_HC_Pmin_rm_Small,Partial_Pearson_Max_Per_Row_Diff,Partial_Pearson_HC_Pmin_rm_Diff,Partial_Pearson_Max_Per_Row_diff_p_min,Partial_Pearson_HC_Pmin_rm_diff_p_min,Pearson_Max_Per_Row_Big_Q50,Pearson_Inverse_Min_P_Big_Q50,Pearson_HC_Pmin_rm_Big_Q50,Partial_Pearson_Max_Per_Row_Big_Q50,Partial_Pearson_HC_Pmin_rm_Big_Q50,Pearson_Max_Per_Row_Small_Q50,Pearson_HC_Pmin_rm_Small_Q50,Partial_Pearson_Max_Per_Row_Small_Q50,Partial_Pearson_HC_Pmin_rm_Small_Q50,Pearson_Max_Per_Row_Diff_Q50,Pearson_HC_Pmin_rm_Diff_Q50,Partial_Pearson_Max_Per_Row_Diff_Q50,Partial_Pearson_HC_Pmin_rm_Diff_Q50,Pearson_Max_Per_Row_Big_Q75,Pearson_Inverse_Min_P_Big_Q75,Pearson_HC_Pmin_rm_Big_Q75,Partial_Pearson_Max_Per_Row_Big_Q75,Partial_Pearson_HC_Pmin_rm_Big_Q75,Pearson_Max_Per_Row_Small_Q75,Pearson_HC_Pmin_rm_Small_Q75,Partial_Pearson_Max_Per_Row_Small_Q75,Partial_Pearson_HC_Pmin_rm_Small_Q75,Pearson_Max_Per_Row_Diff_Q75,Pearson_HC_Pmin_rm_Diff_Q75,Partial_Pearson_Max_Per_Row_Diff_Q75,Partial_Pearson_HC_Pmin_rm_Diff_Q75,Pearson_Max_Per_Row_Big_Q85,Pearson_Inverse_Min_P_Big_Q85,Pearson_HC_Pmin_rm_Big_Q85,Partial_Pearson_Max_Per_Row_Big_Q85,Partial_Pearson_HC_Pmin_rm_Big_Q85,Pearson_Max_Per_Row_Small_Q85,Pearson_HC_Pmin_rm_Small_Q85,Partial_Pearson_Max_Per_Row_Small_Q85,Partial_Pearson_HC_Pmin_rm_Small_Q85,Pearson_Max_Per_Row_Diff_Q85,Pearson_HC_Pmin_rm_Diff_Q85,Partial_Pearson_Max_Per_Row_Diff_Q85,Partial_Pearson_HC_Pmin_rm_Diff_Q85,Pearson_Max_Per_Row_Big_Q90,Pearson_Inverse_Min_P_Big_Q90,Pearson_HC_Pmin_rm_Big_Q90,Partial_Pearson_Max_Per_Row_Big_Q90,Partial_Pearson_HC_Pmin_rm_Big_Q90,Pearson_Max_Per_Row_Small_Q90,Pearson_HC_Pmin_rm_Small_Q90,Partial_Pearson_Max_Per_Row_Small_Q90,Partial_Pearson_HC_Pmin_rm_Small_Q90,Pearson_Max_Per_Row_Diff_Q90,Pearson_HC_Pmin_rm_Diff_Q90,Partial_Pearson_Max_Per_Row_Diff_Q90,Partial_Pearson_HC_Pmin_rm_Diff_Q90,Pearson_Max_Per_Row_Big_Q95,Pearson_Inverse_Min_P_Big_Q95,Pearson_HC_Pmin_rm_Big_Q95,Partial_Pearson_Max_Per_Row_Big_Q95,Partial_Pearson_HC_Pmin_rm_Big_Q95,Pearson_Max_Per_Row_Small_Q95,Pearson_HC_Pmin_rm_Small_Q95,Partial_Pearson_Max_Per_Row_Small_Q95,Partial_Pearson_HC_Pmin_rm_Small_Q95,Pearson_Max_Per_Row_Diff_Q95,Pearson_HC_Pmin_rm_Diff_Q95,Partial_Pearson_Max_Per_Row_Diff_Q95,Partial_Pearson_HC_Pmin_rm_Diff_Q95,Avg_HC_Max_Per_Row,Median_HC_Max_Per_Row,Avg_HC_Pmin_rm_Max_Per_Row,Median_HC_Pmin_rm_Max_Per_Row,Avg_Inverse_Min_P,Median_Inverse_Min_P
Qwen,Qwen Small,lambada,GMM,hc_values_per_expert_standard_1_new.parquet,9.111604691789369,3.0,11.854529573246818,7.0,0.1746443723483903,0.0,0.16553995264108518,0.03660854331047786,0.16821514162815213,0.24171256937629398,0.03943945855131094,0.24975679039595694,0.12260876110557242,0.0036031192383944506,0.13153241075130673,0.04293119153551275,0.03300542407208341,0.0366827308768454,0.12644684833995673,0.1302742485957964,0.19640527701160385,0.20633449543372073,0.11135323457812112,0.1213432862048275,0.12228384065030903,0.13128882063022837,0.20247463006299965,0.0380827805959972,0.19663235555585235,0.1605087194567131,0.1544915411784509,0.2551036588493032,0.2519166341934532,0.2119276812894407,0.20878540590193634,0.16908629543169068,0.17278913710828248,0.15202415625022148,0.15611870223446597,0.1773361779356148,0.03494489119711587,0.16396079213528925,0.1395541219858405,0.12485853310733094,0.22170172127782306,0.20619707277349675,0.1830000612281774,0.16568505381026313,0.1408753274309357,0.13272139907380226,0.1269229514088751,0.11750311689048634,0.1828330415369624,0.03756056477712154,0.16457641272343482,0.148775867119213,0.12853724893177237,0.2072679162806504,0.18461829931359847,0.17681579198332076,0.15138966987381505,0.10318086144345982,0.08886891071297583,0.10014045427864016,0.0837153977230626,0.17688219298175387,0.017684876347799614,0.1594448882470808,0.14578824375540783,0.12552035071323428,0.18405623601968474,0.16192186042285706,0.15455849714737607,0.1287061173993686,0.0680049185049692,0.05300413722607787,0.06171283873125253,0.04409874386506152,0.16966267832492746,-0.02696524817776894,0.1518376610350648,0.1520599392283053,0.12927942483114335,0.15664344932086777,0.13435342207901987,0.13474650295234938,0.10667891898607317,0.030412360834998105,0.014755562696506588,0.015125902110705842,-0.003928007326338569,0.6321068686855706,0.056438755993691685,1.0035915907633588,0.0,1.347641627152483e+297,72.34785358720424
Qwen,Qwen Small,lambada,GMM,hc_values_per_expert_hat_1_new.parquet,11.744422261043175,7.0,15.089792862490642,18.0,0.1746443723483903,0.0,0.1150302969034052,0.03660854331047786,0.15136592438029872,0.1836011544724664,0.03943945855131094,0.2385523272980624,0.11143702563838084,0.0036031192383944506,0.1415299264880897,0.0035932712650243587,0.03300542407208341,0.009835997892209014,0.07738761630424029,0.11296840674431247,0.13882381324063617,0.1951495520808195,0.09908642698634593,0.1321801341015373,0.11061402245806909,0.14119403060484417,0.1562477427832816,0.0380827805959972,0.18379735668766406,0.11522371860923272,0.14175891078239344,0.2085409715550721,0.24510354904796455,0.1654065458769539,0.20248092882424154,0.1544970994862844,0.1813116450240767,0.13619604877731234,0.16548594254927057,0.15265525389041468,0.03494489119711587,0.16015334174083384,0.11662912474243788,0.12222674682160507,0.20170562044980234,0.20914614597985096,0.1645337349609887,0.1704514446099162,0.14332254891820573,0.14535256782334266,0.12946840967118725,0.1316892167392248,0.17381303196422354,0.03756056477712154,0.17190824098111968,0.14237943898385397,0.1384150997303401,0.20500185591829811,0.19686369460773423,0.17662296178331127,0.1663249541099007,0.11442823293643123,0.10108101197057459,0.11095708686108316,0.09688665389535736,0.1771311806327059,0.017684876347799614,0.17655395034091323,0.1480848896340747,0.14629358034998147,0.19213688195269868,0.18295783595423615,0.16512990891629173,0.15389360036290398,0.08436534010181468,0.0663048859336979,0.0795251716304246,0.05944182620964452,0.18469387120895653,-0.02696524817776894,0.18578442220500896,0.16769072727220224,0.17047566510766365,0.18193166854692858,0.1758605735091838,0.1637001246826768,0.15754577858884194,0.0574847640951162,0.0425584390544993,0.048852351513097435,0.03076228942347129,-0.2589314438601649,0.056075122700204885,0.5560823091211542,0.0,1.347641627152483e+297,72.34785358720424
Qwen,Qwen Small,lambada,GLM,hc_values_per_expert_standard_1_new.parquet,13.1878462690292,10.0,15.974569503369104,25.0,0.0,0.0,0.04738273963558602,0.12017496122748476,-0.017767363814842355,0.11782961687906272,0.13928509655715243,0.058098467821515745,0.11670235525067732,0.028297691910732472,0.12783332954567878,-0.0693196156150913,0.09187726931675229,-0.14560069336052112,-0.0640030041611182,-0.060593642543757306,-0.032749171814274995,-0.005083289484137349,0.05493068404953788,0.09517237877081053,0.15031117347622663,0.12484429761056418,0.08219422652377363,0.13417622356574505,-0.0050278586785687555,-0.057069263999062515,-0.06917996791911674,0.12853813522265806,0.04750355312087587,-0.014261302849088163,-0.024439946684424407,0.11999959436982396,0.10649704224977205,0.07072497612260846,0.0711424034514228,0.08435060560099925,0.10961784016666509,-0.014134839662184167,-0.06253288474640012,-0.0886205597111908,0.12827517377722447,0.012596248839768573,-0.026317465238729996,-0.07477013595721363,0.11335533818304439,0.05023908723040373,0.05566777748763958,0.003425180675046491,0.11300315011269281,0.11234495757555152,-0.007395407496864299,-0.03743654505995415,-0.09242725562517444,0.13797871394142447,-0.0017063159688187717,-0.017761395948057992,-0.09605716022387092,0.08403866893077663,0.009532780296515685,0.029392962548034376,-0.03341449476741291,0.1291831853708085,0.11149226566130442,0.01607531438600101,-0.013674654737646473,-0.07003127349335514,0.13688872256727783,0.0007075152074980575,-0.008483665820808879,-0.0913939006517017,0.05479449403733967,-0.027132270221544977,0.006637743584201024,-0.06457899781308216,0.1542475995316112,0.09074515039318443,0.02216452237403633,0.011902861078465225,-0.06955798611285995,0.14799076889084345,-0.003768793930996897,0.023262164119041112,-0.0919079685867223,0.03956959386320465,-0.04779882575690441,0.028064079113131496,-0.07104715859050784,-2.01386535398201,-2.097937471466924,0.04892018378319565,0.0,22.644201732456086,15.4769130863289
Qwen,Qwen Small,lambada,GLM,hc_values_per_expert_hat_1_new.parquet,18.20938357873721,26.0,20.18043424007986,26.0,0.0,0.0,0.08143953752113679,0.12017496122748476,-0.01698159775265335,0.156488584197508,0.13928509655715243,0.05999499070135769,0.12335692986877211,0.028297691910732472,0.12967219952649445,-0.04191739234763532,0.09187726931675229,-0.1466537972791478,0.019848316824222587,-0.06060018891456116,0.06321567726929712,-0.004145549579173878,0.07132727737525904,0.09674522708208946,0.12999334944346064,0.12678261942572513,0.10779847665796974,0.13417622356574505,-0.003372784973620171,0.018694015248405246,-0.06856267032291409,0.16366929948127196,0.05042153825387918,0.07086095318161217,-0.022443714958627438,0.1472859618625737,0.10959130927613989,0.11186466170084405,0.07413517154418482,0.10217473196140776,0.10961784016666509,-0.012303481124898138,0.0005867043829448298,-0.08801347310934074,0.15720980050209737,0.015633342484222903,0.051267955198484344,-0.07295086538531308,0.1410224364179919,0.05321210096194266,0.10222686697339514,0.006033961041032455,0.1257657568364484,0.11234495757555152,-0.004741551426349307,0.012187954069478502,-0.09111019561981477,0.1601253937350735,0.0016008584987984957,0.04589236876136022,-0.09414783628189614,0.10700209032879868,0.011643470225269377,0.07185755123188813,-0.03184100483951032,0.13689561235821104,0.11149226566130442,0.01918075269236052,0.02177860054887053,-0.06797553646567632,0.15311483113512203,0.004145102325358087,0.041089594146535964,-0.08909285890393888,0.07481312474760086,-0.025509558170910582,0.04612583432360668,-0.06346821019683524,0.155689930399275,0.09074515039318443,0.024249118226061073,0.03215341014065428,-0.06870606578200047,0.1520316653916307,-0.001502670873181594,0.044292003920947516,-0.09083953782680608,0.045616336682574816,-0.04669557549227035,0.03665700032873214,-0.07029780311325305,-2.9877853137616732,-2.927336899458181,0.0436259627262537,0.0,22.644201732456086,15.4769130863289
Qwen,Qwen Small,lambada,StudentT,hc_values_per_expert_standard_1_new.parquet,13.041352632892439,8.0,15.169752932368356,21.0,0.0030197154978787123,0.0,0.10756948934624676,0.010806922677392666,0.07178605418049142,0.18730219112184518,0.01078403183005689,0.1601999618886723,0.1303963948107349,-0.00037676174716247835,0.14608086289265315,-0.022826905464488137,0.011183684424555144,-0.07429480871216174,-0.03792130268937562,-0.023778986819324232,0.020510699512088646,0.044000694643330694,0.09819260255325109,0.1129141280267271,0.14645488999612613,0.14416119721386475,0.13498413563045403,0.00589733406903214,0.0874883203383941,-0.04391389379297598,-0.03396650662619953,0.18756426814867372,0.14958717179419384,0.014713153101065362,0.024981931206132478,0.14869379339963523,0.15398474699989018,0.10602726160667182,0.10952501358583708,0.12325636242358337,0.008998517707834533,0.06431300268588085,-0.0716658856778271,-0.07233391200677729,0.16970844173058813,0.10614799382997742,-0.028548217101680488,-0.041976870464989983,0.1296281208968164,0.10337442031666302,0.06667696715566238,0.041008040291088545,0.14358190174173843,0.004442412027990925,0.07672259610890922,-0.05393384004420693,-0.07140132520459179,0.17066830749693002,0.0966320867810678,-0.028690342036878466,-0.05993046846321879,0.09723987615654012,0.06311783583958279,0.03584102733872223,0.003232923799357642,0.15435452668108327,0.014243802842123855,0.09031306056319402,-0.034250167615997855,-0.05709206327267324,0.16421144607026397,0.09276116786131419,-0.023780167799926578,-0.0589030729897885,0.06682276886798272,0.03219594456298421,0.011353429667482972,-0.02040895402724842,0.18168834224533673,0.019917643528137345,0.1211378038799629,0.021667603172126557,-0.02063093763399045,0.1737565641678952,0.10540876985696748,0.028743538562071264,-0.03020629534268246,0.04540866944143687,0.007969440861223096,0.02228870981634059,-0.02718848516153755,-1.2674071939909979,-1.5110647057189381,0.19483604756860418,0.0,52569.71723692159,19.988136681434828
Qwen,Qwen Small,lambada,StudentT,hc_values_per_expert_hat_1_new.parquet,16.88702271025705,24.0,18.66643374095333,25.0,0.0030197154978787123,0.0,0.10340574915646936,0.010806922677392666,0.07333407603990087,0.18011917840481748,0.01078403183005689,0.163635122359934,0.12546144754119165,-0.00037676174716247835,0.14919837146805165,-0.022055698384722294,0.011183684424555144,-0.07586429542815078,-0.016388087675408246,-0.02228000500501153,0.034221918773260626,0.047937852828890425,0.08424440701259997,0.11686091238297622,0.1303211804396377,0.14757647798138426,0.13078114692509,0.00589733406903214,0.091925598500036,-0.020387401082158894,-0.02932789240052868,0.18495537263297207,0.15715245330262187,0.03388463537424895,0.03386310895257184,0.15070768738293805,0.16175029951463332,0.10395222717904187,0.1194352950671549,0.12380850743067974,0.008998517707834533,0.07127204022214936,-0.0385207779947165,-0.06425106246625353,0.1760822650798748,0.11736774198076683,0.010776937593833386,-0.02810380854895673,0.14160905532926804,0.11401977214197083,0.08801396579303253,0.054766324142423606,0.1458320960151907,0.004442412027990925,0.08668821099687944,-0.021242392307658065,-0.05919592098225753,0.17962859918339702,0.10976969600398478,0.013604510941511818,-0.0433603841569808,0.11166581446886814,0.072518984407649,0.06428781966493925,0.015423387443095491,0.1569861773331266,0.014243802842123855,0.10175027869780814,-0.004988927647956184,-0.04221661402779024,0.17279030833093972,0.10711952704881442,0.014947802933619862,-0.039994451909805086,0.07997963716818517,0.041702959842938286,0.03924833288623059,-0.007819558162398833,0.1822003411685943,0.019917643528137345,0.1337835017383903,0.03932808088107798,-0.0016789171697336345,0.17915534956991083,0.12273186954826817,0.05253481556499603,-0.004737413822872735,0.05602482742828098,0.02230248730883397,0.04121952091589036,-0.007004189626051605,-1.9693205349185625,-1.8797907139870134,0.1549624137692076,0.0,52569.71723692159,19.988136681434828
Qwen,Qwen Small,lambada,StudentTSkewed,hc_values_per_expert_standard_1_new.parquet,10.556476166708261,2.0,14.73613676066883,21.0,0.005964562016471176,0.0,0.0820239239311962,0.002122388673240971,0.06741235224123954,0.1741426698149903,-0.0019768077312784273,0.1563946280750001,0.1519757783821746,-0.006943507140365018,0.14717132931240479,-0.0699518544509784,0.009065895813605989,-0.07975897707116525,0.047538777582283545,0.03731901967703493,0.12838549496349116,0.1145756848508573,0.13312650736362672,0.12753181719820417,0.1519266096674951,0.1455694778919149,0.10162443457516014,0.0027607987979807068,0.08495349168427538,-0.08176354181310808,-0.029608876704841476,0.15977565067393396,0.14733256470576525,-0.044056891997684415,0.012795660382683012,0.15011831816896587,0.1537987727831023,0.05361693822748295,0.07794564941053636,0.10014463035954814,0.0037368066034598885,0.0685232160301096,-0.08575979423626595,-0.057656793167724575,0.14487244626910806,0.1064753761367874,-0.06110285168828521,-0.042124568179573774,0.11950888135770227,0.09669455545377703,0.026223048130927355,0.01553117530612879,0.12619830937301163,0.03753347613906043,0.0854473506763235,-0.0762459662815004,-0.06080830788057524,0.14912541270032456,0.09897110837605151,-0.06832007060749302,-0.06424964516363464,0.08366079298837503,0.052540645854166096,-0.005211664558961375,-0.02389784166849427,0.13673894757062066,0.0455877739127016,0.0963619223286788,-0.056996332746040136,-0.0525029980467906,0.13927580953933202,0.08857149189372132,-0.0563069070562623,-0.0669969233290773,0.046314062592131985,0.012720630808957136,-0.015395640234333761,-0.04517865922645588,0.14737835422781934,-0.0069481230309593935,0.10543024946124355,-0.05863910992050043,-0.051935989352276724,0.12963391968604693,0.08087488825217407,-0.05232204712437026,-0.06404672943558923,0.012669250116765004,-0.016278449742674162,-0.006953080457087805,-0.0434750298273923,-1.1895148114977998,-1.5794370467239085,0.24177979020563561,0.0,2.4956326428749686e+295,21.12625081198185
Qwen,Qwen Small,lambada,StudentTSkewed,hc_values_per_expert_hat_1_new.parquet,14.556376341402546,20.0,19.139805340653854,25.0,0.005964562016471176,0.0,0.08308373893127027,0.002122388673240971,0.07319563386291847,0.17368130344249494,-0.0019768077312784273,0.16559377165191097,0.14939057158333827,-0.006943507140365018,0.15272091172133262,-0.06630683265206799,0.009065895813605989,-0.07952527785841415,0.0529332592602044,0.04494950882851428,0.13186408205803554,0.12623515293856172,0.12971685862376459,0.13396053897930302,0.14843846941060862,0.15112307203738315,0.09858538190672281,0.0027607987979807068,0.09266145576231026,-0.04029167849469783,-0.01707992527473004,0.16125672595890006,0.1582523262769,0.002864183271529809,0.03003070139713138,0.15849832488186882,0.1627199904651021,0.07645096689267761,0.09107324692992529,0.09624191438335741,0.0037368066034598885,0.0759463426700617,-0.0497854562503242,-0.04451775471823158,0.15022989023358643,0.1185549136467579,-0.009057931631990646,-0.02191835593204011,0.1371972327955771,0.10827638931436387,0.06828226149504125,0.03329844545809841,0.12011137435350193,0.03753347613906043,0.09401841236681933,-0.04601264199944681,-0.045810911023994635,0.15302180975239865,0.11097418663644847,-0.01852631161208772,-0.04388383805179212,0.10238753693130695,0.062071075966505365,0.04276477035840253,-0.008864285970977912,0.13060377521509253,0.0455877739127016,0.10577200013915357,-0.030882747502109,-0.03384162955445337,0.1444344404407637,0.1024340007804539,-0.009479700949503646,-0.04140648398979319,0.06795786483993554,0.024803522052321936,0.03474390634841265,-0.025478956885299605,0.143300414224379,-0.0069481230309593935,0.11974757309365808,-0.028837518876634344,-0.027240122996647836,0.13295677121097163,0.10055989355365569,-0.012719145962076062,-0.03149243756628189,0.02708124230427784,0.00010304904815015142,0.02400440949981905,-0.018377045976591868,-2.1166950339471176,-2.1742825651243556,0.18909816914796174,0.0,2.4956326428749686e+295,21.12625081198185
Qwen,Qwen Small,lambada,KDE,hc_values_per_expert_standard_1_new.parquet,13.62912403294235,15.0,15.885325680059895,23.0,0.008310456700773646,0.0,0.0820937241455113,0.012911463411004655,0.04082187968295482,0.14830721121094337,0.012646739481791373,0.11820273323989908,0.10851338594897118,-0.0008483673385102084,0.12854062426551224,-0.02641966180345988,0.013759830749514864,-0.08771874458255742,-0.04850510135541856,-0.05046387323844613,-0.0023498440456506463,0.008311377253382107,0.07870067424643493,0.09972731224658214,0.15783972995313447,0.14083451756832427,0.12432192831048366,0.015840930001567933,0.07153642414021211,-0.0714824671073835,-0.0664770404943306,0.17653601640067124,0.12940973363769187,-0.02090830085019277,-0.017483328561956113,0.14473543433784747,0.1405005362247823,0.08207791013237634,0.08030205569357661,0.12374944448849516,0.01745285136969727,0.06528049979447333,-0.084096899027869,-0.08735839450633683,0.17534633616135853,0.10724913202010923,-0.047362117111949466,-0.06716842152911312,0.1402175441319385,0.10392284489105386,0.05089969850886263,0.016971456874740186,0.14533139591549868,0.006564921392868187,0.08392507492300785,-0.055857232580733655,-0.07643758409478055,0.17761374343959524,0.10279437872414675,-0.04104919307657669,-0.07917924917579222,0.10841260244283152,0.06307157737850196,0.014537405217354141,-0.026469432853132597,0.14984122595615246,0.006714308794945485,0.09965522659892867,-0.04521471748521928,-0.056565743709939546,0.1629226246167753,0.09955631787341337,-0.04257054377379179,-0.07100913904367119,0.0721734220261537,0.029703317293713935,-0.007710739967537575,-0.045906840093867946,0.16018395419998666,-0.007823637559282857,0.10909613964401489,-0.02231805892052635,-0.047378534193508286,0.15515142980238517,0.09531543751462418,-0.025677211386818864,-0.06367019264102501,0.04422261014511972,0.007999336084416064,-0.01462795799765684,-0.05030966242353753,-1.0966468364946445,-1.4254925971436765,0.25833884683228037,0.0,5741.042369870709,16.616256839288358
Qwen,Qwen Small,lambada,KDE,hc_values_per_expert_hat_1_new.parquet,17.175667581731968,24.0,18.96031944097829,25.0,0.008310456700773646,0.0,0.09984410892819318,0.012911463411004655,0.04045393280572297,0.16636161539886188,0.012646739481791373,0.11616613227937678,0.10846767242666391,-0.0008483673385102084,0.1257527108775431,-0.008623563498470738,0.013759830749514864,-0.08529877807182014,0.012401236526469106,-0.05768258571849733,0.05603187975902283,-0.0011749813790435794,0.07185997087666937,0.0962786739775549,0.13703523979738194,0.1409597347551913,0.1319397984722461,0.015840930001567933,0.07542329377593507,-0.013575355657602336,-0.06922710674570982,0.1852310670737592,0.13314971581428298,0.03196358619579727,-0.020002082391280988,0.1492406226176612,0.14136716607180516,0.08836665350357972,0.07998756823081006,0.1288941649168474,0.01745285136969727,0.07141343540950246,-0.03069090126902258,-0.08595464519643593,0.18346624205992745,0.11542905097740162,0.008837904637128198,-0.06327847167176161,0.14773272167031654,0.10983595606558928,0.07076746696310154,0.02231426620270108,0.14743953830122902,0.006564921392868187,0.09293073823022838,-0.014913503258673688,-0.06974297482643989,0.183254057918379,0.11366662493106339,0.006970930791377716,-0.07042429103616901,0.11627424237582915,0.06951479640474538,0.04001712698267493,-0.020482884405740545,0.14757138593115182,0.006714308794945485,0.1090002352819731,-0.015268601247242702,-0.04808025796891025,0.16530695509136167,0.11128300357866262,-0.0031988014860428477,-0.05953746734911905,0.08117039240583174,0.037460609861139776,0.02022692274788308,-0.03734629831180004,0.16192194297227208,-0.007823637559282857,0.12159968075935398,0.009598379945943867,-0.03309589340235965,0.15636068965325228,0.11103754009195632,0.005472904061802247,-0.044738438990481404,0.043689469930319164,0.019166835380127027,-0.005417828994434202,-0.03569444612921632,-1.859355335877643,-1.7036655762189956,0.21845553520238148,0.0,5741.042369870709,16.616256839288358
Qwen,Qwen Small,lambada,JohnsonSU,hc_values_per_expert_standard_1_new.parquet,13.840254554529574,15.0,16.018642375842276,22.0,0.0039430995757424505,0.0,0.11907928423420618,0.052328989236334306,0.07424172386068703,0.2129590623003439,0.05409059761449672,0.16304598543117896,0.15377000841045757,0.0013169879208609367,0.14665885816803753,-0.034690724176251395,0.05101200131547337,-0.0724171343073505,-0.019180020599451394,-0.040190724600009206,0.03911775066290097,0.011998004041906998,0.09703199008626341,0.08814513982611921,0.1457770241629675,0.12781837512480315,0.14857205136009244,0.04404415834781776,0.09161035017106567,-0.029589559438422664,-0.06321284203950056,0.22121982862452239,0.15624552279828835,0.029388623981090864,-0.021843982819010812,0.1940398568631971,0.16043897030144008,0.11111046516828144,0.06621613291497423,0.12972476833661395,0.027966939651726384,0.07204521419145565,-0.03555716879502523,-0.08019589320994548,0.1919578680872402,0.11451929834068625,0.011279823473200612,-0.06764375688406189,0.16352878239858704,0.10688626414136493,0.08435903119741621,0.003748030668185933,0.14464096503741636,0.021827232410440614,0.08413655206601096,-0.008060377629780176,-0.06838791814195737,0.18236416662093385,0.10122000720326031,0.01968337211936605,-0.07506461625727394,0.11938041700248485,0.0594672257245241,0.053911337600235386,-0.03242780663708828,0.14767563365056557,-0.0005144283368257998,0.09479758360731137,0.005337003735484061,-0.04967321157513929,0.16348467482527806,0.09131662813976914,0.02188547401012238,-0.06606967814729107,0.0771955236032518,0.0212125557219563,0.03552756386908873,-0.04822398584967248,0.15406821343486304,-0.020599055093077946,0.10524632774649816,0.02663287975414501,-0.03177093592324844,0.14878765516400236,0.08374486698693388,0.041720411014776436,-0.0487979326409697,0.04159379990245714,-0.009817023194320325,0.04104397903792668,-0.04690898967729009,-1.28046653067112,-1.5188664756578685,0.21306549499463923,0.0,310.00828994761724,17.41698780632796
Qwen,Qwen Small,lambada,JohnsonSU,hc_values_per_expert_hat_1_new.parquet,17.49840279510856,24.0,19.3379336161717,25.0,0.0039430995757424505,0.0,0.12353854511546,0.052328989236334306,0.08209022913773123,0.21198435519666037,0.05409059761449672,0.17268306736440164,0.14451404270896578,0.0013169879208609367,0.14941374872174215,-0.020975497593505782,0.05101200131547337,-0.06732351958401092,0.016069295496642384,-0.031660234197405185,0.06632654007008389,0.022844523429926746,0.08183466673756036,0.09148283200421735,0.12627685469079517,0.13120957826624197,0.15040034213875392,0.04404415834781776,0.10167575379225952,0.009397967938405,-0.05236037711181989,0.22081191424638824,0.16815608013721267,0.0603620315571334,-0.00824080220408425,0.18999174350580855,0.1672590576494286,0.10566437498544129,0.0747748205641049,0.13527026779860576,0.027966939651726384,0.08117075727149328,0.005599361091031001,-0.07034180611250015,0.20059535253670546,0.12656241690050607,0.05450781528846165,-0.05367252469115026,0.17139591447253197,0.11542426959228454,0.0994937343504032,0.014627584960141576,0.1481004601658623,0.021827232410440614,0.09531569056635077,0.022676379228203092,-0.05466263683376498,0.1914337508899832,0.11449261977038205,0.05810497853282989,-0.058503807241458164,0.13189916758002174,0.06700651813277078,0.07796430190260806,-0.022893340537013772,0.14851836209594957,-0.0005144283368257998,0.10612604033104267,0.02792569998727706,-0.03473759784199119,0.17199650225398533,0.10515791515029677,0.055210779166623994,-0.04749291201672937,0.09339610437992041,0.029837859246064503,0.0641894062149175,-0.036369262222562884,0.15624426030053984,-0.020599055093077946,0.1175600037114958,0.04610994116173397,-0.014311329541546174,0.15540695391517584,0.10026872261204317,0.0637307474654697,-0.024586418292003018,0.05183345610785575,0.0034038715822940734,0.053089683462467986,-0.02663787536519423,-2.03588740247785,-1.950616154672375,0.17408342249241182,0.0,310.00828994761724,17.41698780632796
Qwen,Qwen Small,hellaswag,GMM,hc_values_per_expert_standard_1_new.parquet,8.92146148076717,3.0,11.611968284581593,6.0,0.4971070395371263,0.0,-0.028310014457598,0.016958252365274887,-0.04077174038122483,-0.013237364974520861,0.013300148609330575,-0.031216585584119747,0.02676824188956515,-0.006424049480562967,0.0168052934853925,-0.05507825634716315,0.023382301845837852,-0.05757703386661733,-0.01377569014618432,-0.028453402936250365,0.007774342611771874,-0.013269021892176536,0.03844484594596329,0.02696014983616163,0.02943897910899955,0.019091444726806246,0.02755385989567978,0.02386480565101247,0.010091504617575124,0.038219764250770505,0.016179385130185527,0.04155074004242215,0.011727047936089412,0.06537294978514373,0.027682728916367087,0.04104107737437909,0.00740218908429491,0.0738503748851344,0.031281777132952014,0.09960193347975643,0.01719848898529314,0.05741479115032754,0.08401705073932629,0.03364234623702,0.15395639463528737,0.08507330015894861,0.1428234107109588,0.06023489036284944,0.1412851871967362,0.07411283446374656,0.14475626649304135,0.06403145902146164,0.13894625548360012,0.012008427339170737,0.0718009203186866,0.1062977383066596,0.020699275426858475,0.19617982305391563,0.09258059907423008,0.15832391389494363,0.025457265087755383,0.15380988691719594,0.06243521008612725,0.13265043007722108,0.015455897180313856,0.14819391478349592,0.034931092105377995,0.0642531028253676,0.0871225804293417,-0.021303194307297445,0.206001158969971,0.07927533138521903,0.13403404923720724,-0.031564506925948976,0.15199065365729186,0.046710258476050454,0.11243594813515184,-0.02519954975161613,0.11855769408235917,0.05345151327526268,0.025456788420255685,0.06430626063422634,-0.04548736805206763,0.13973862057898206,0.0034542950593038947,0.09063906753007443,-0.0715950014091618,0.07444281402784747,-0.03400433848450793,0.06791362509650195,-0.06203774051581418,0.5568670424389907,-0.3883955332220148,1.193338558977078,0.0,1.7679202828672448e+297,50.38337093643795
Qwen,Qwen Small,hellaswag,GMM,hc_values_per_expert_hat_1_new.parquet,12.096271295403406,7.0,15.380745740919318,19.0,0.4971070395371263,0.0,-0.003218063754131554,0.016958252365274887,-0.0391018718016322,0.018120166054004735,0.013300148609330575,-0.02059334635581724,0.03816069838812852,-0.006424049480562967,0.0328389751915272,-0.04137876214226008,0.023382301845837852,-0.0719408469931594,0.00953432495769086,-0.027350111558610207,0.03506153292779592,-0.0027573612922806644,0.045717248223573946,0.043793285429445265,0.04001594375493145,0.03524131338482707,0.04282811957959007,0.02386480565101247,0.018149972421655454,0.050722071501889836,0.02561259832506922,0.07176117936017518,0.02717665795033008,0.08986942527182545,0.04560990135682466,0.07947725135817099,0.026611925008397645,0.1048109193780085,0.05342692080532484,0.10885243488252072,0.01719848898529314,0.07048221221789602,0.09526325747100253,0.049868463348578904,0.18270177123007522,0.10943253606582595,0.1721503131530148,0.08953878695817562,0.18323174230168007,0.10095056702896912,0.18447547295290953,0.0954164928245536,0.17448050643688895,0.012008427339170737,0.09206228802748526,0.15013339610577492,0.04840691874347013,0.25702212398667335,0.12269298868432563,0.2303578853835631,0.06635229170215645,0.21382591979451876,0.08778095755523724,0.20037482110340826,0.049310871796877674,0.20800608590190783,0.034931092105377995,0.09984297834333264,0.1681353886915553,0.028035127611814623,0.2993927789753319,0.13006830612356546,0.25573432227314685,0.03878107174874021,0.2329188351087581,0.08573491858376597,0.21142347487748248,0.02793333058399068,0.2129487884826195,0.05345151327526268,0.07599169147184257,0.1811381914346942,0.0176266313302782,0.2788885446956606,0.06700329737034184,0.2560214558922267,0.0072960221488199755,0.18623225491357764,0.0052310775729817365,0.19262592296206438,-0.014222038440166859,-0.6682230406948672,-0.4427273668898497,0.5558422158894686,0.0,1.7679202828672448e+297,50.38337093643795
Qwen,Qwen Small,hellaswag,GLM,hc_values_per_expert_standard_1_new.parquet,12.969141755062681,5.0,15.62273652630451,25.0,0.0,0.0,-0.07204763287285193,-0.1295598929361899,-0.06169378980581512,-0.07654026020571228,-0.1426220589429865,-0.07048903678943316,-0.008557555290747837,-0.024306024416267075,-0.016182439471109866,-0.06349007758210409,-0.10525386851992284,-0.045511350334705256,0.03512829846294477,-0.006591035720692769,0.040474046137301774,-0.011915457837143355,0.009711516419546784,-0.009511096727241613,0.017476572092059793,-0.007587809411022343,-0.023801189644647242,-0.0781206763184372,-0.027695657507351396,0.012093468912510225,-0.010305747872736963,-0.03418746772978401,-0.04050151493525338,0.028507356248262297,-0.011480821669611754,-0.031726808679847666,-0.03849191766218421,0.0404475724080176,-0.006461404756253477,0.05903077265302001,0.014665114971809876,0.003561597076681464,-0.05668531172302037,-0.06438344427607355,0.08868010991008127,0.00969273229558873,-0.04734621430947546,-0.07655567820419,0.07861774721332418,0.01340722745823116,0.00027111142007081314,-0.04493683396665051,0.11234639926978038,0.05441010269968416,0.0057254114326154865,-0.04524480909921497,-0.1093191797670244,0.15153026591852087,0.021552640135830338,-0.03964921016686349,-0.12160603121839816,0.11061848264380503,0.03244052555380702,-0.0025184011791349803,-0.05551499378180784,0.13516980304755613,0.10329074338324493,0.0026681365684724217,-0.05484117124622525,-0.12869893744672273,0.18606098457602385,0.02106926191529848,-0.05421706417488762,-0.14876591403060277,0.1351250189089193,0.03591154189878999,-0.012763480228012014,-0.07038609839500208,0.12482397047233938,0.07993765325999748,-0.026243056636338455,-0.040558188256295966,-0.14269507713686486,0.15366101281365624,-0.03685642728689399,-0.041730505148898714,-0.1791559450862217,0.09068444940763493,-0.027633437306099993,-0.013426097396501125,-0.10726428811985013,-2.120660404435177,-2.423031964327101,0.09329868113378466,0.0,34.36985064042472,11.256218407231607
Qwen,Qwen Small,hellaswag,GLM,hc_values_per_expert_hat_1_new.parquet,18.930193935497698,26.0,21.28549233901211,26.0,0.0,0.0,0.002510973056522559,-0.1295598929361899,-0.06713646903655571,-0.0063179690861701835,-0.1426220589429865,-0.07471696928800134,-0.015780952159204012,-0.024306024416267075,-0.014047848149660912,0.01829192521572657,-0.10525386851992284,-0.0530886208868948,0.11080448662097345,-0.007194774464960589,0.10633551715682289,-0.010701499562981357,-0.007320630728139396,-0.006280364967746801,-0.0021891354469629745,-0.004222710599310966,0.023081727640546678,-0.0781206763184372,-0.02935506952219047,0.06722057087523098,-0.01090710856604581,0.014176838264316838,-0.04224452208907892,0.07569040414350571,-0.01103773991141196,-0.01070635200490815,-0.03930403564142589,0.04390559003105433,-0.004405484120729741,0.05222514408006995,0.014665114971809876,0.0037717518927587596,-0.023785797275312215,-0.06891369865079815,0.06323869672384219,0.011506208773478667,-0.03560613025316392,-0.08032923062989668,0.0391912641767657,0.016675525222654152,-0.031147198354827516,-0.044894655142081956,0.07926997203760386,0.05441010269968416,0.0034713225059047528,-0.03923119632322175,-0.11437365612347745,0.08745741752470113,0.018356208826364254,-0.06837411198344204,-0.12837252393616205,0.040337099123011234,0.029918452728626213,-0.06729704433000633,-0.060272842452828906,0.0747970116147069,0.10329074338324493,0.00021787166847006545,-0.07541319817977292,-0.13524601662886296,0.08275327940700941,0.01799654733671112,-0.1217134182536067,-0.1570901912501687,0.03616176824098836,0.03403551379544596,-0.10610819346486396,-0.07538707599914349,0.049743686718569255,0.07993765325999748,-0.03314694955829074,-0.09254419515312126,-0.1542624026922065,0.035911496851441904,-0.04402262790479916,-0.1458615967414869,-0.19180807294150612,-0.0115409524589698,-0.030140033979743495,-0.12464524768497888,-0.11248655835538975,-3.275931201549741,-3.456541520475648,0.07850598727149331,0.0,34.36985064042472,11.256218407231607
Qwen,Qwen Small,hellaswag,StudentT,hc_values_per_expert_standard_1_new.parquet,13.199239258544948,7.0,14.906568091717562,20.0,0.0058394942676524165,0.0,-0.029630023025219616,0.005102190823387969,-0.03795749939740489,-0.022855200055858702,0.003816602145040619,-0.04118906132413584,0.011910144515125884,-0.0022638088480556153,-0.0060557447332569144,-0.0415401675403455,0.007365999671443585,-0.03190175466414798,0.07795319511000277,0.02088731674572698,0.0993760728254179,0.020175395078792374,0.03872993225792133,-0.0011315398195223313,0.0027600267687392798,-0.015448489179693626,0.024645056032937183,0.0035610466664208968,0.002295254135391063,0.05973704369674684,0.008151021529769745,0.026866358914550817,-0.010363428043858942,0.0955409817697906,0.007485629432173025,0.014202584196884369,-0.02679456698480866,0.10093616873682097,0.0016349360672624554,0.10416326373633211,-0.018042689803518086,0.03175574686556562,-0.005413257885892311,-0.07706547777115272,0.14817287883482658,0.03647790635354803,0.02830824380060591,-0.101869150083101,0.12214838164573527,0.01989045862851277,0.0650944989640115,-0.07381454010718472,0.15752651939921225,-0.016249730695285288,0.03850731341639555,0.0031105376916621373,-0.13032347041254227,0.21237055303276253,0.040703013134996496,0.03693469488557194,-0.1750392256379674,0.15491451317315616,0.016142082234137288,0.06544312089389935,-0.1229843563897918,0.18438586536025725,0.0015343827625998194,0.031122167231568375,0.011105688217659527,-0.16654108665300527,0.25402426408641027,0.03796450237476653,0.05282813280593056,-0.21966565507287977,0.18474033500438627,0.02179569274389908,0.08086343748420634,-0.14131555836595922,0.20426259692137172,0.0043459203352688444,-0.000498141857717526,0.09373997887866821,-0.1757995944299733,0.2336873303196022,-0.02131825048398734,0.09805571598558305,-0.23666136302028676,0.11495010781887482,-0.0393449447854473,0.03390042398795454,-0.16124867978337593,-1.3640754839455138,-1.829830864692261,0.24993109586443638,0.0,40671.93806277201,15.979297145075364
Qwen,Qwen Small,hellaswag,StudentT,hc_values_per_expert_hat_1_new.parquet,16.768134576234864,24.0,18.43383692274724,25.0,0.0058394942676524165,0.0,5.8153053383704165e-05,0.005102190823387969,-0.03862022328163822,0.010704149609681034,0.003816602145040619,-0.04008587149376489,0.019050970889062532,-0.0022638088480556153,-0.0029004846906665526,-0.018992817835678827,0.007365999671443585,-0.03571973859097167,0.09378256978561732,0.02470237790337061,0.11553440491719588,0.02673663977088629,0.03942157785406948,0.0037922990778624524,0.013632405440090183,-0.012459379773071504,0.04052155528453325,0.0035610466664208968,0.0031570829771011,0.06876128688878232,0.009792441727178434,0.05284499454296389,-0.010332879424580246,0.10844930500258339,0.008414444532922997,0.04230253481770627,-0.028284408845792995,0.11285025165036594,0.0006989505376849639,0.09441542552382506,-0.018042689803518086,0.032948363269001676,0.00330245438460539,-0.07747899838118039,0.14543059085556878,0.03727050327681468,0.045129482944942526,-0.10344541291736191,0.132912692890932,0.019485479959480384,0.08394639379419223,-0.07625109851221532,0.14128675885610226,-0.016249730695285288,0.03598586452437469,0.00928531772132001,-0.13186638313155302,0.20242352165206742,0.035472500149983974,0.05257343182715305,-0.17994937157419622,0.16209676400334586,0.010113573688484936,0.08528672006695039,-0.12985563618801688,0.1682933217389464,0.0015343827625998194,0.027363010861607022,0.019171902023668943,-0.17119202819175292,0.24121644125522768,0.03367821189025798,0.0659208480911788,-0.2249178380563216,0.1865083105617617,0.01973506730906438,0.09229868600563039,-0.14361102972416304,0.2044228983939297,0.0043459203352688444,-0.006432883291070231,0.10101940160196544,-0.18490847296882865,0.23382040318134323,-0.028087581460338868,0.10960660091512532,-0.2472062493660649,0.11494557582882983,-0.042646481351441154,0.043818981370124875,-0.16642461138550071,-2.1405649631551666,-2.449253261813702,0.19154045898090566,0.0,40671.93806277201,15.979297145075364
Qwen,Qwen Small,hellaswag,StudentTSkewed,hc_values_per_expert_standard_1_new.parquet,11.371691846137361,4.0,14.029465338047787,16.0,0.06294867673845495,0.0,-0.02913496883142116,-0.06137812259104679,-0.0653238759467831,-0.012804189775531414,-0.07047896289176361,-0.06829281410816901,0.029013677246522252,-0.016727015169075946,-0.0057826194618262345,-0.058148646077943414,-0.04465110742197084,-0.05954125648495687,0.00025004033637958975,-0.031243907615153933,0.02354776444555093,-0.02710373993710354,0.04158442355179234,0.007202081056192219,0.04013391921301679,0.0052808272481935,0.011347698342054851,-0.06928312615367604,-0.03766949915586931,0.04974493239575414,0.010514592064592576,0.026783236413207182,-0.05092297012318829,0.07746696122558054,0.00980770611047306,0.03803814233671214,-0.043253291857818024,0.0791621589102973,0.0024070121719981085,0.07134229071706052,-0.034146083616940964,-0.006099858117371891,0.08676154353277848,0.011158167011737729,0.12592744609940051,-0.003518815440316141,0.14849066529434488,0.020396997315679812,0.13242940635757083,0.0031389313985749233,0.15164174261495844,0.02209501630991468,0.12062071535895491,-0.013050876793217741,0.00394141563903493,0.12277628481225568,0.0018460200045000864,0.18174893721875146,0.0011857598669341145,0.18248127026188116,-0.004701438868820956,0.15570081262848667,-0.004123782106680374,0.1535946351097811,-0.012121882304980352,0.14236609433662817,-0.001475980090939682,-0.0030009652619134904,0.1330572402470482,-0.022329705882340754,0.21014420013411217,-0.008996946747944868,0.19463629681859362,-0.03981402207382009,0.16941172943247806,-0.012298974021697443,0.15441406931325122,-0.03956697250706485,0.1711339897054634,-0.0020189593961803727,-0.03928404974041698,0.16707915131058548,-0.05301946493874438,0.2039475131088939,-0.06492646650146298,0.1989113103334111,-0.08237847010981926,0.11167230079457273,-0.0597317597558208,0.1084532897761573,-0.07064439418108764,-1.2533913051535777,-1.7455217526675386,0.36373432472511497,0.0,1.200042858673524e+298,17.439465054820243
Qwen,Qwen Small,hellaswag,StudentTSkewed,hc_values_per_expert_hat_1_new.parquet,16.529358191363976,24.0,19.352887603128682,26.0,0.06294867673845495,0.0,0.030771026458180632,-0.06137812259104679,-0.0555848433511373,0.055769416751453096,-0.07047896289176361,-0.05323058580068731,0.04495485959312273,-0.016727015169075946,0.0038130567179957314,-0.014183833134942099,-0.04465110742197084,-0.059397900069133036,0.04801956960911796,-0.02691467167054899,0.07630024131125225,-0.0186437205157736,0.05076489676441974,0.014600886040786862,0.05010572997159408,0.013301479114182361,0.05823842387224824,-0.06928312615367604,-0.017814603183547332,0.07887908818676626,0.019613003798403358,0.09103727232067514,-0.028156191153704407,0.11817218180265117,0.01889758468010343,0.09377102190713615,-0.02935839742983406,0.11534811201930754,0.005805653977254338,0.08360766936040692,-0.034146083616940964,0.008584186631332757,0.09066667381542659,0.02056527450180676,0.14946493281749215,0.013927005389879454,0.1596205253830357,0.030209000293828003,0.158963417858832,0.013490090237117627,0.16733495060322343,0.025995655794655386,0.12741878273237664,-0.013050876793217741,0.015383815622060195,0.12856002076469777,0.013757230964956313,0.19713654602165104,0.009612950161978481,0.19700104657380366,0.004267265759256031,0.17444582763635758,-0.006435101205964007,0.17231186083701142,-0.014151886651035242,0.15078384992202803,-0.001475980090939682,0.00875520299447824,0.14199071761782586,-0.009452881845036865,0.2226203830597016,0.001831253838118753,0.20827015033994667,-0.02769656996721454,0.1795258477086939,-0.01077829357361582,0.16586213442315959,-0.03745286005508546,0.20859246672691167,-0.0020189593961803727,-0.033498424967849175,0.2054445323799151,-0.047067107576653,0.23086679894168016,-0.05798354264621833,0.22628975282133154,-0.07524271666301331,0.10274977348170133,-0.055866104356156826,0.09893645959861026,-0.06668781023393873,-2.3373057210795403,-2.3386988206177506,0.2435633174190604,0.0,1.200042858673524e+298,17.439465054820243
Qwen,Qwen Small,hellaswag,KDE,hc_values_per_expert_standard_1_new.parquet,12.63055823422265,6.0,15.143040822886531,22.0,0.09900353584056573,0.0,-0.05433704836248993,0.06280842700584552,-0.09975417639874772,-0.04205077323548308,0.06631999398039044,-0.10642677050339061,0.021594949277904438,0.006735538370211942,-0.012657787257072003,-0.07593199764039438,0.056072888635633575,-0.08709638914167571,-0.06803280847420595,-0.11639955822106432,-0.05580272899711514,-0.12429997101977502,0.021393727858874965,-0.01495285639691659,0.02079408757800083,-0.014255718971512735,0.0014118081693682864,0.06973105328279397,-0.05353612877237931,-0.016938000229730313,-0.07598896003278062,0.0149990757496627,-0.07071663206228146,0.0020567956381730406,-0.08939134369780267,0.03023006976951494,-0.05785399505872393,0.035041090418409734,-0.05815606351797035,0.0807829413397628,0.05213898390431852,0.007964833012808615,0.06539132455985856,-0.01269084924240935,0.1397451380510775,0.0110582775455416,0.12826771110313234,-0.00843431319622143,0.14427487671191344,0.008797863431517235,0.14679335406562935,0.004298657661112189,0.13259450801324246,0.06920471011522575,0.01913209510670303,0.11292538893796833,-0.010335192855404587,0.1982612873216505,0.019015513795486827,0.18494524189020842,-0.00700793115009964,0.1681927200593806,0.005679950234217045,0.17409368119239083,0.0032365060014061613,0.15189117153427556,0.078636921556586,0.008486526342537317,0.12969817588818006,-0.026433111141660134,0.22620643443691799,0.0097941660335743,0.2133396953219587,-0.018453607845451626,0.18457288300111896,0.004876722141266145,0.19591165774326413,0.0077532700792292825,0.13603380880591895,0.0682883639112311,-0.02434192187404542,0.11544547935915943,-0.05765858346281721,0.17992076376602095,-0.05994077729817289,0.16864911461279802,-0.08757153144602031,0.12228821266584991,-0.07412140209219525,0.13386864997874195,-0.07313754755483515,-1.23152400570454,-1.8388858578224703,0.4138703679452032,0.0,3.428693881924354e+297,14.921145176958444
Qwen,Qwen Small,hellaswag,KDE,hc_values_per_expert_hat_1_new.parquet,17.274188363870138,25.0,19.808421729347476,26.0,0.09900353584056573,0.0,0.027622324479414668,0.06280842700584552,-0.08264042377001704,0.052370645168303066,0.06631999398039044,-0.08372045879182659,0.044484724221525385,0.006735538370211942,-0.0025270553250972905,-0.016862399742110717,0.056072888635633575,-0.08011336844491974,0.020513803945093678,-0.09875716573552164,0.045580555491421336,-0.10074183749412563,0.04497865900650925,-0.0042474720924812245,0.04407066483381203,-0.003962731564088103,0.06982794943368584,0.06973105328279397,-0.03140761453334624,0.0581027794572546,-0.05254468887444476,0.10465949214582479,-0.045613058328478825,0.09766650109788452,-0.06279517357591292,0.10260937929099753,-0.04295863545679269,0.10848678842258246,-0.042360353302862426,0.10464282798251459,0.05213898390431852,0.02063472871485096,0.09326899922925548,0.0016455554798248584,0.17994201663808063,0.02736573008535978,0.17140221297192662,0.00967021025021885,0.18473681285539612,0.02023243443235259,0.1863689279338815,0.016527532825585056,0.14781964082059856,0.06920471011522575,0.024800786048931225,0.13272565156256788,-0.0010966026191486136,0.22772982911251982,0.02443967615196536,0.2171166134172946,0.0015737418890855494,0.20049627314819235,0.006955921831690203,0.20412282287689573,0.00482209755837584,0.16366052110829019,0.078636921556586,0.011808154911812654,0.1464791438452698,-0.019176956241320993,0.2487669865227956,0.0114565492079827,0.23804927762494088,-0.013689007123283173,0.20849220765489312,0.0026366556117658783,0.2157471207995131,0.005051246605754428,0.16571089984751458,0.0682883639112311,-0.021017873002276664,0.15005486879693872,-0.05054912894442708,0.226695306037697,-0.057898105464212694,0.21810765023743628,-0.08220951562550134,0.16313090029978147,-0.07556487767559489,0.1719326321275152,-0.0743340613121997,-2.2466057703246896,-2.3616900631294167,0.26628187970785794,0.0,3.428693881924354e+297,14.921145176958444
Qwen,Qwen Small,hellaswag,JohnsonSU,hc_values_per_expert_standard_1_new.parquet,13.138272795456981,9.0,15.46057002035787,22.0,0.009857494910532519,0.0,-0.03912084116338525,0.0007732782856102651,-0.05503296079099925,-0.01904635937288712,-0.007559215975833823,-0.05600739193132206,0.035641050236919644,-0.01490507815793373,-0.002139519092293183,-0.0747618914003049,0.015678356443543998,-0.052893441698706065,0.07765184262789165,0.021339011470991407,0.11671890076734345,0.013861687353190065,0.0703042952953321,-0.013177485099390871,0.01710622516866938,-0.03213544451096774,0.011059038216299472,0.008601497081073287,-0.016936381640506395,0.0861783019658339,0.015415785491528418,0.03160274682062003,-0.031025471658413135,0.14143019192207054,-0.002764344821636889,0.04909240485987333,-0.03721533637278726,0.15335480603282486,-0.03387597180402728,0.07532436171718568,0.03410360819930008,0.02212450253999615,0.004069428184299762,-0.06787648035044884,0.1422096679687816,0.026136051087167704,0.06292218573635038,-0.11682485290040917,0.15828393951194153,0.015297580889472709,0.11856125147006558,-0.11932703213460383,0.12538727766611965,0.0401120387667412,0.0322993717428871,0.00948040619688092,-0.10253445041223884,0.19927605104470392,0.031730852086466824,0.05794333128183012,-0.1686714352411755,0.18190213470341904,0.008868699707981946,0.09598079208824567,-0.15697949409612078,0.14106038924518383,0.056495488524241064,0.013750999235173717,-0.009762056817199436,-0.15451186654101315,0.22210593533712392,0.010156042366109652,0.03537698578676429,-0.23518923113606852,0.19439952441104047,-0.0030169109547221688,0.08273549976849161,-0.19150042599868472,0.1365422137473989,0.05856301555751415,-0.023987131027369258,-0.006270783107577893,-0.19063597381702022,0.1875786845789787,-0.06229969141628919,0.0352509230922006,-0.2818347640965835,0.1358974080744796,-0.0791272819930943,0.07543604583135574,-0.22240718631492043,-1.2836508529426507,-1.7527450944824545,0.32735740071546904,0.0,327.21906670741777,15.176083668971936
Qwen,Qwen Small,hellaswag,JohnsonSU,hc_values_per_expert_hat_1_new.parquet,17.399282117218473,25.0,19.54259080681453,25.0,0.009857494910532519,0.0,0.01572528997959113,0.0007732782856102651,-0.0519467775306176,0.04349174106978314,-0.007559215975833823,-0.050075282074629954,0.04979997099640147,-0.01490507815793373,0.0029753409834495093,-0.03407468101681034,0.015678356443543998,-0.05492211851406711,0.1139282639440164,0.025883779098190184,0.1515710318675788,0.02365245979116208,0.06804208998519828,-0.0037821436965695936,0.03887247808479447,-0.024645463554530535,0.055474530683042984,0.008601497081073287,-0.005863057979311182,0.11470691532326727,0.03293730383415569,0.09369472692931355,-0.018497658730425835,0.175968022544671,0.017848029958797397,0.1045708555557299,-0.029836426561596373,0.1772913654324078,-0.020485203439102307,0.08616908433028103,0.03410360819930008,0.02821612575324986,0.03685426869656081,-0.05480467406134865,0.16699308133870577,0.03378217254467787,0.10853982072408927,-0.09900101089342357,0.18967010108502116,0.020407348536252097,0.15466077384320825,-0.10565999771817243,0.12561386806351482,0.0401120387667412,0.03378264025057899,0.03328752158429976,-0.0977486321928627,0.2136673564744242,0.030739528235030192,0.10213333809149779,-0.16616260259784638,0.20942328034994973,0.004530812923293938,0.14209953407297665,-0.15997128763011637,0.14376281900760549,0.056495488524241064,0.018181574256054638,0.027530189207713524,-0.1456507085477169,0.23920693548080002,0.012260648956006764,0.09682022029598208,-0.22850511819133185,0.22267192340499284,-0.006220344340504898,0.13778816737007024,-0.19336208867748778,0.1572500301258016,0.05856301555751415,-0.02482723077423209,0.05408530522475591,-0.19016872774201893,0.22808261250853443,-0.06470532085456995,0.12398968097071084,-0.28299090196726856,0.17920622363352068,-0.08231975133546757,0.14493799501236543,-0.22529490663704885,-2.1718466390393845,-2.3234200907644578,0.22854364448811,0.0,327.21906670741777,15.176083668971936
Qwen,Qwen Small,fineweb-edu,GMM,hc_values_per_expert_standard_1_new.parquet,7.94102749789653,3.0,10.734581880439196,5.0,0.19257108890665617,0.0,-0.06377932844447354,-0.002708917041284953,-0.07183625279023181,-0.022265179713203888,-0.0024077190856851283,-0.0409232311476945,0.05726695640069505,-1.8267382134543064e-05,0.037942176098828745,-0.12104628484516858,-0.00269064965915041,-0.10977842888906056,-0.04810291935106357,-0.05852217383082427,-0.015901195227732864,-0.03995685781194383,0.04465464951927465,0.019761443148058857,0.0542804452591627,0.03406223036683634,-0.037681691230213366,-0.001638158246679977,-0.038877207876618594,-0.017352617152348503,-0.019502323144094363,0.03047424276743821,0.018533531189180167,0.03524163578395331,0.018617161524708426,0.1040196041122638,0.08509177420562944,0.08456940994886104,0.058829955708548,-0.05859621161812116,-0.0024793406143993816,-0.049459062953953276,-0.03712028388796317,-0.025658407687854476,0.03610207247776419,0.03303310103681568,0.035096042183397125,0.030621619184373464,0.13839649098553314,0.12094515848694495,0.10774208811402965,0.08477286294114986,-0.07481712217593305,-0.0037124611758793074,-0.06186280879471109,-0.05469228126398659,-0.038959736955238404,0.030124590034332106,0.03046532731662795,0.030426973556112718,0.03051898504353171,0.146816860516308,0.13004559311260144,0.12073932664873438,0.09982388923984559,-0.08456844581262987,-0.0031219133809190633,-0.0699544380185352,-0.0628598884979511,-0.045162466816873595,0.027300569289872244,0.026966573848672182,0.028567358684234788,0.027793192820213745,0.15225675070784075,0.13261222964979472,0.12609104106814842,0.10168641126908758,-0.09203843448766232,0.0008525449718374441,-0.07352462430758455,-0.07561028700134155,-0.053998036948209226,0.011806604917681679,0.013635491430649928,0.01635105030955635,0.018156076010923245,0.13326877968584272,0.11271625194842579,0.11946890992706916,0.09497796295288805,0.25506561201103434,-0.16373295725375292,0.9284430286164819,0.0,1.548823522024689e+296,69.47261373228051
Qwen,Qwen Small,fineweb-edu,GMM,hc_values_per_expert_hat_1_new.parquet,11.413320300890364,7.0,14.923249515469399,15.0,0.19257108890665617,0.0,-0.052840971838825614,-0.002708917041284953,-0.08563020144205064,-0.00437073287026394,-0.0024077190856851283,-0.04573138039360779,0.0710385937968318,-1.8267382134543064e-05,0.050339853581724256,-0.12387956563565741,-0.00269064965915041,-0.1359700550237749,-0.03644266469098827,-0.07523105762767171,0.004355438533162497,-0.04484857879553984,0.061336840920842836,0.03633186346095814,0.06867660353092017,0.04723872901730798,-0.028222481507449812,-0.001638158246679977,-0.044152174169788186,-0.009727807123643482,-0.027391135712698987,0.049899937595390256,0.03077188359455771,0.05513703007749667,0.033689702257958844,0.12453440251170925,0.11338233734178424,0.10845429797391311,0.09563945196340477,-0.060906738223336865,-0.0024793406143993816,-0.060234137738273186,-0.04266672694102381,-0.04060176465975245,0.04012554433953239,0.04095271807537849,0.03810238443406926,0.0399314378566345,0.1480465034817821,0.14846017957637692,0.1202185757438001,0.12034606702173731,-0.07921996541209131,-0.0037124611758793074,-0.07419150084265605,-0.061905779972991015,-0.055097194864586786,0.03031907346235694,0.037360710750366746,0.029260457150575542,0.038038835967397426,0.1529999882505642,0.15724500490118204,0.12857292105289006,0.13317175105782522,-0.09053911462926656,-0.0031219133809190633,-0.08326854703565181,-0.07188967049662015,-0.06253770942342672,0.027294996162320284,0.034315939660138545,0.027068722065711155,0.03578465447617567,0.16006668627556955,0.1612230889301218,0.13565262066263475,0.1366846688822963,-0.10089042915209556,0.0008525449718374441,-0.08917872319998436,-0.08665782226042068,-0.0730509543820427,0.012817303592793865,0.020825285787972915,0.015980193176625294,0.025484131616795365,0.14590046075325713,0.14309278387777494,0.13281053028460102,0.12986450439722844,-0.7985975162551445,-0.17170009475077172,0.5755716412395453,0.0,1.548823522024689e+296,69.47261373228051
Qwen,Qwen Small,fineweb-edu,GLM,hc_values_per_expert_standard_1_new.parquet,12.387308437739387,4.0,15.703197274070602,24.0,0.0,0.0,-0.09722810451177645,-0.06766076379064714,-0.046310368730768034,-0.06501709944401725,-0.06836225798888501,-0.05335365734114032,0.03521438102608871,-0.014241688092934204,-0.020748440643476283,-0.13244248553786517,-0.05341907569771294,-0.02556192808729175,-0.02792147557711174,-0.0019044013723209334,0.008015078583212275,-0.01901793488951523,0.054614861636893115,-0.028968901497763187,0.07731134787173459,-0.019237403990112138,-0.07129140628140185,-0.07005748443035041,-0.02531643578516564,-0.01889694257613947,0.00993918976807807,-0.015661761538129253,-0.030238851851539152,0.04365978377546709,-0.011668088958799522,0.07053960935506477,-0.017446947087088275,0.10093437769505827,-0.033647022777438924,-0.08740509484900046,-0.06837735327040631,-0.016834695341235672,-0.06113884647748232,0.012978786631648902,-0.006418533924430109,-0.014411048785985807,0.0030314259347838006,-0.011594413394567056,0.10924227414188387,-0.00020617582055199404,0.08861275277801679,-0.0365208561844585,-0.09560747050477947,-0.06302830520904981,-0.013457492028389249,-0.07606616910540119,0.014631590851885028,-0.0023807211251234027,-0.005537624775882971,-0.01368379721770778,-0.008421914683844952,0.12398660697261338,0.009353852495268506,0.08044762149743469,-0.03276179094251298,-0.09996129685752929,-0.05738798370438647,-0.012207000917794558,-0.08216665347855881,0.01453716325884891,0.00535055325260305,-0.001183610860984005,-0.01692046570691323,-0.008065438182446079,0.13903307615053329,0.01418474169931936,0.08215038291626804,-0.0314585338824054,-0.10339461540401261,-0.05226284362712915,-0.0031991691285288464,-0.0813247701113497,0.02440932594416976,0.00132071307689578,0.0033850551592973645,-0.017591719815514786,-0.0012371670883339532,0.13194262822864788,0.009058325204668543,0.07624841841234402,-0.03263928525151354,-2.2770171105953145,-2.4940912556579518,0.03616693988902115,0.0,22.920154857421768,11.996519863824501
Qwen,Qwen Small,fineweb-edu,GLM,hc_values_per_expert_hat_1_new.parquet,18.995698875219244,26.0,21.21332532410179,26.0,0.0,0.0,-0.06386581949503914,-0.06766076379064714,-0.05035807863302121,-0.014519297647278107,-0.06836225798888501,-0.05702631824002981,0.07037836679474037,-0.014241688092934204,-0.020901456410623617,-0.13424418628977952,-0.05341907569771294,-0.029456622222397595,0.011011879753515374,-0.006825151376221948,0.06590454918472523,-0.023415207483028257,0.09387442299939461,-0.029052470758149682,0.10219486141600449,-0.019402355678666116,-0.03254901982386876,-0.07005748443035041,-0.024919193891606663,0.028953295255013205,0.010626052870300218,0.051910654828764335,-0.027749615981854495,0.12184960218038805,-0.008717147523200528,0.13391477958000672,-0.013703586545417397,0.17020583221820204,-0.029505444961426538,-0.07091998567866616,-0.06837735327040631,-0.016870525044098104,-0.033353914060338816,0.013169370907080149,0.033096428856144056,-0.011705077263270762,0.05879599468967176,-0.00857557799649911,0.1504115221423662,0.004206732716692928,0.14075265230304507,-0.03189973394825025,-0.09018169303816992,-0.06302830520904981,-0.01444569080375117,-0.061414650665698824,0.013853430352364925,0.020499873886959993,-0.0027448269804787413,0.024568820636355473,-0.005399763929991646,0.15235583831277075,0.015020939926927055,0.12065344487419345,-0.026993542841922034,-0.09821946790130115,-0.05738798370438647,-0.013624671343907551,-0.07221940329201908,0.013295886754272929,0.02023400299268205,0.0013636300500245097,0.011956094002199835,-0.005385963040695001,0.159385980691146,0.01991481578154195,0.11326159560812012,-0.025725782947196463,-0.10596744103267534,-0.05226284362712915,-0.003318459466163095,-0.07955252892839439,0.02434886985497172,0.006657371924741624,0.0059653512896472635,-0.004102564301368478,0.00152228416772021,0.14311737938548047,0.013047524023906736,0.0942006958694701,-0.028433286560039614,-3.5264911785740605,-3.4713294715065195,0.031094430041257334,0.0,22.920154857421768,11.996519863824501
Qwen,Qwen Small,fineweb-edu,StudentT,hc_values_per_expert_standard_1_new.parquet,11.320989488930097,5.0,13.920855118024539,11.0,0.0026916041207077704,0.0,-0.0861170236178006,-0.001118724145775127,-0.07712208782938065,-0.04855194639931504,0.0014068719172502745,-0.06763985670467575,0.04633417485468602,0.004017203784317823,0.001000542585938218,-0.13245119847248663,-0.00513592793009295,-0.07812263041531887,-0.034182309741688184,-0.04003952179543329,0.0014276675384671535,-0.0438259335665617,0.05293570640242401,-0.014153467060775825,0.04314353543855448,-0.010666838658938691,-0.056025804618940245,-0.0015617782948993924,-0.03414497708909459,-0.012520361469463262,-0.0031468271444835758,0.01026618542878241,0.0029685622365066573,0.05238899156253962,0.015118780531433696,0.09431005703560787,0.05181480484578773,0.10742628142417686,0.030364220300130883,-0.07280297694440498,-0.002633716509613892,-0.04151329735887521,-0.04678151338953042,-0.012267435164186215,0.01803885666634757,0.00988753830721425,0.016200062443417235,0.00426987922241936,0.1287048089309969,0.07274670446923293,0.09045432069159104,0.02375494336972014,-0.08355615170945768,-0.0038056695521809358,-0.048003272233273026,-0.06101373974125063,-0.01717150432584397,0.016989428155192512,0.009867924833766039,-0.0016181094277552385,-0.001595878663974399,0.1380424816912026,0.07947308863432154,0.07933397588494938,0.020540947663647984,-0.08848648821173555,-0.004476804604410789,-0.04896647274872867,-0.06534483112251287,-0.01649926799467962,0.020928245723795327,0.012252234272725208,-0.005616770929809479,-0.0030544121015075604,0.14769669615584172,0.0827525164913371,0.0774687805510763,0.017053155936054682,-0.09164115963945069,-0.005165641785215528,-0.04265582082499026,-0.06335613521034474,-0.0058770537909237155,0.01366887131376317,0.010811920358799947,-0.006502525071909478,0.00025072726430632467,0.13554024267814496,0.0697098222765955,0.07025599405719456,0.007796073109734889,-1.3627650883965685,-1.8892726795669195,0.15334043343465079,0.0,11633.867343103428,17.534500547000025
Qwen,Qwen Small,fineweb-edu,StudentT,hc_values_per_expert_hat_1_new.parquet,15.328183146288474,18.0,17.85204758655621,25.0,0.0026916041207077704,0.0,-0.06865200696491358,-0.001118724145775127,-0.08020812180060498,-0.02149570045321461,0.0014068719172502745,-0.0695430520535841,0.0657830158623193,0.004017203784317823,0.002387199142218868,-0.13443502282723288,-0.00513592793009295,-0.08259532094282385,-0.00900633380480184,-0.04408491574827793,0.038438119981412784,-0.04628326319930267,0.07765965196150117,-0.012284820473338722,0.06897249778689592,-0.008873970212223376,-0.04077947562976083,-0.0015617782948993924,-0.03489374383836935,0.007060262100670658,-0.004375978951081839,0.03898490906889687,0.005211569611350435,0.08589352518067829,0.017631003780421418,0.12291284527850033,0.0567016192551531,0.13841320119696182,0.03637525036130333,-0.06851823153901085,-0.002633716509613892,-0.043281190554646715,-0.03812980197029222,-0.01465949597999213,0.03315472118833039,0.0118558386443096,0.039059587817038284,0.006662082462384423,0.14721929257226496,0.07833990293811416,0.11561710188974163,0.030913869419677505,-0.08423605578565722,-0.0038056695521809358,-0.050573133372734454,-0.05828171896756443,-0.02056147455649324,0.02473699395651715,0.011951876251225537,0.013978332126127334,0.0010234531941897224,0.15101038689539625,0.08614924167453575,0.1000996262966442,0.02919276424146729,-0.09169860189433866,-0.004476804604410789,-0.05200629543291893,-0.06645694199059628,-0.020434206683104115,0.024930054918589784,0.014430205347189402,0.005401218868520722,-0.00029637315734215385,0.15798855190786038,0.09004518863328603,0.09581792282560521,0.026462966017720232,-0.09900721567386786,-0.005165641785215528,-0.045853744276751957,-0.07260664323070358,-0.010045911316222022,0.012473900347513571,0.012828465478205667,-0.00513661960005735,0.002752210319023584,0.14302211833982692,0.0767303668911385,0.0839817748663775,0.01680645252682558,-2.1756837005694014,-2.4283986487527662,0.13329450425901196,0.0,11633.867343103428,17.534500547000025
Qwen,Qwen Small,fineweb-edu,StudentTSkewed,hc_values_per_expert_standard_1_new.parquet,10.633879049440958,3.0,14.207490026832321,18.0,0.008160625557262517,0.0,-0.06220488506350827,-0.012918766362882582,-0.06318953212719669,-0.017194704101430335,-0.009732241881142877,-0.04453185388463135,0.06343081631179201,0.0028463167962884907,0.01907032733417307,-0.12563570137530028,-0.01576508315917107,-0.08225985946136977,-0.06039038326947063,-0.06140359183756041,-0.01623915383087682,-0.044033312068520666,0.06233556954086515,0.017249193393153457,0.06330927301053335,0.018663177241215606,-0.03232442275925722,-0.014875199412559801,-0.02051345849223005,-0.02981313130796666,-0.017681610338809762,0.04310128318818301,0.029094358753532043,0.044308480329985266,0.03014321469797546,0.11843701483917114,0.07816102676287565,0.11709452116452491,0.07610299821697362,-0.06394153338814314,-0.017136547918422198,-0.03727106555189551,-0.061427391523923486,-0.03404499349749537,0.03327759230269989,0.026165091446637583,0.03464288663023306,0.027599664905339123,0.14115530793265296,0.09319279765142449,0.13992785710448785,0.0911006768967689,-0.07914453393133267,-0.015630143645063814,-0.04932258649776885,-0.07715347006698452,-0.046543444587117164,0.026252313598919354,0.020363439944797165,0.027350761799367976,0.02159816065635627,0.14656893957525627,0.0975724315656046,0.1456282210037174,0.09578919289978535,-0.08745096339188688,-0.013746438803532398,-0.05318259473638277,-0.08558212091779571,-0.05039924911735226,0.026095494028924623,0.019048834740648234,0.026777653156867864,0.01978710380900919,0.1541987209278618,0.09860922665077673,0.1528082039638319,0.09610009644366266,-0.09287671885806698,-0.00652425600474625,-0.049121138970399755,-0.09280430101031288,-0.04825369025896218,0.01295943369128004,0.011892456963297939,0.013225013545854985,0.012268538276075845,0.13603788940754663,0.07944512089158623,0.1363463101045739,0.07891702201272269,-1.3844767524989698,-1.5215921032548887,0.21697793866208928,0.0,1.2369658128602582e+297,20.61544169400927
Qwen,Qwen Small,fineweb-edu,StudentTSkewed,hc_values_per_expert_hat_1_new.parquet,16.218855042676367,24.0,20.19733895374878,26.0,0.008160625557262517,0.0,-0.052158619665457234,-0.012918766362882582,-0.06929959637638522,0.0008344982915819428,-0.009732241881142877,-0.04844815039518975,0.07875131655014009,0.0028463167962884907,0.02156747041294297,-0.13090993621559732,-0.01576508315917107,-0.09086706678932818,-0.05047489010531492,-0.06774131118214935,0.001804419116095329,-0.04797776860161019,0.07787626241021409,0.020035959141429308,0.07863585473203064,0.021219189418899834,-0.026274371083310488,-0.014875199412559801,-0.023101641177064203,-0.024214523166937504,-0.020682840996448605,0.059838117561157304,0.03146082683300748,0.06078399516017308,0.03231621583328084,0.1389843053702481,0.08577636008069642,0.13781366120896824,0.08395083855249412,-0.06979136385362225,-0.017136547918422198,-0.04157772997667489,-0.06779180951718634,-0.03892094439618043,0.0356718583299673,0.027868520281076246,0.036588394737974546,0.02896176537005645,0.15302062865584645,0.10183255395956994,0.1517741879132173,0.09996935183766965,-0.08969025500591007,-0.015630143645063814,-0.054755079880014226,-0.08809367367793904,-0.05250836731353511,0.022490319195771512,0.021399922080952854,0.023143516129852357,0.02226652547952285,0.15479779803062943,0.10644140226654178,0.15368995362527144,0.10479654851149792,-0.09980977429152801,-0.013746438803532398,-0.059485037600911755,-0.09828239291307433,-0.057260251099283926,0.019785387984854862,0.019756462576528886,0.020101834923184982,0.020212960627679296,0.1607862145993566,0.10793819971684795,0.15928555580204004,0.10573288937250025,-0.109395731738538,-0.00652425600474625,-0.056122120000883145,-0.10908732770164127,-0.05531414018170529,0.003373265141891743,0.012592490293467744,0.0034106028293038396,0.012785198381919724,0.14254064591234494,0.08928764894630448,0.14221229230165863,0.08856174231563181,-2.527321385248498,-2.1047536106476716,0.18355861602433754,0.0,1.2369658128602582e+297,20.61544169400927
Qwen,Qwen Small,fineweb-edu,KDE,hc_values_per_expert_standard_1_new.parquet,12.770148310317257,8.0,15.580633008359461,21.0,0.0013813831412652633,0.0,-0.07272571232030758,0.0021072466367357645,-0.06444401934608718,-0.020187316352373225,0.00321483808810462,-0.04527537815189233,0.07401745452819741,0.0022634003771687364,0.01968451755281329,-0.146743166848505,-0.0001561537404329719,-0.08412853689890047,-0.018853562912029886,-0.02766399283983469,0.0033837625927509293,-0.0378560790097943,0.03362967585795501,-0.022563450989518223,0.053588956890457916,0.0020971360510775882,-0.043910520249378575,0.003196519532360208,-0.02227384663275571,0.013154573359752583,0.012666966015463542,0.045464095351145394,0.029471277698231872,0.06470586117186512,0.024283538301366227,0.13835317932602567,0.08121793231749971,0.09398790645312181,0.02465622350478139,-0.07845177440631959,0.00412336201836262,-0.03969624035037329,-0.02025309473629162,0.007975181123027583,0.03347095600011902,0.025031455873469888,0.029422274356389878,0.014834964272070567,0.16132100216036338,0.09468288126749752,0.07584118275142278,0.013174624569448328,-0.09658584610337365,0.005614122084595894,-0.050654954307780865,-0.02917328794617847,0.007055998761128288,0.023609634842067434,0.019844717505061837,0.017927955950201323,0.011983497166085138,0.165749806458444,0.09854448794523255,0.06748128220754487,0.009378214851655289,-0.10688626461391748,0.007269586866514271,-0.053560961037340454,-0.03335450922368137,0.010938823476414158,0.020340097858959877,0.020336161122475452,0.014426613292745768,0.01394314625048507,0.17089623183997815,0.10106236769069056,0.06622041429787172,0.007044072546028622,-0.11222525198818883,-0.003715835515403398,-0.047204566528863415,-0.026585848473930945,0.02881538009902563,0.006898167578789545,0.015044777899617803,0.02049419252007081,0.02176654909913021,0.1513423645785514,0.08172615274817938,0.06431062378165497,-0.0036373133021821015,-1.562947632900114,-1.7435383480707647,0.18092943667252817,0.0,1736561935.909265,16.35607380039257
Qwen,Qwen Small,fineweb-edu,KDE,hc_values_per_expert_hat_1_new.parquet,17.373952974369065,24.0,19.93206525151638,25.0,0.0013813831412652633,0.0,-0.05660842512534131,0.0021072466367357645,-0.06904577661407207,0.0035576830822889715,0.00321483808810462,-0.04830228057804739,0.08991491798844543,0.0022634003771687364,0.021435546592264883,-0.14652334311378673,-0.0001561537404329719,-0.09048132320633695,0.0021206739096174126,-0.03372845994176361,0.038723149828934114,-0.04152741570292825,0.061883395151919735,-0.019739044101764226,0.0746528040903201,0.004364260535806377,-0.028253835315641004,0.003196519532360208,-0.02330083777962026,0.02820613736216059,0.011068854643401871,0.07103975381246859,0.03259952208409561,0.09524316916776529,0.028084655219079692,0.16098203897248425,0.08800975660810015,0.12619909218001793,0.03343365251500664,-0.07292924334849135,0.00412336201836262,-0.0424449281143494,-0.017539396329914306,0.003908261875275045,0.04677188626220487,0.028136730699397948,0.048214217177525415,0.018748406061651804,0.17521494650277522,0.10345165041990596,0.10271301408451564,0.025154571236304317,-0.09588912938552216,0.005614122084595894,-0.054714026790308457,-0.03458583164133646,0.0009075638275961408,0.030191290310753703,0.022802248342102864,0.027427236102898052,0.01573523262492856,0.17506425838135364,0.10856942793372623,0.0897222990856198,0.02355825719472167,-0.10917877600142653,0.007269586866514271,-0.05801680353730563,-0.04398804259938952,0.004084105091105581,0.02349085179814029,0.02312872957983102,0.018753271491753577,0.017463581814931697,0.17868966693296062,0.1111439145998952,0.08691187283027572,0.02150881623169942,-0.1202420848929541,-0.003715835515403398,-0.05280081411795244,-0.04920318586168623,0.01912377762097509,0.005705798109594712,0.017661380656263145,0.014122082643599616,0.02464075751446295,0.1596462036344709,0.09265446385769303,0.08325813501908265,0.012901183493469678,-2.510699760150295,-2.2994777845823857,0.15362725164197064,0.0,1736561935.909265,16.35607380039257
Qwen,Qwen Small,fineweb-edu,JohnsonSU,hc_values_per_expert_standard_1_new.parquet,12.979193439685881,9.0,15.564056410664278,19.0,0.0014337082602525837,0.0,-0.07123821840068958,0.003575490258318301,-0.06540601623128271,-0.019463360759813454,0.004050921722488407,-0.04740360981869844,0.07302490959730502,0.0014873458420588692,0.01754398086535504,-0.14426312799799462,0.0020881444162594315,-0.08294999709663775,-0.01564526845989481,-0.02739854554139125,0.010367153069760873,-0.03770375593860942,0.040584290036480154,-0.022689848600118852,0.04841173530078112,-0.0038364631156157787,-0.04041456851541876,0.00449869710427714,-0.023667550743116827,0.014557106385279172,0.011122919087715497,0.04746990447146153,0.02601055564260537,0.07125743320503747,0.022635405970269064,0.13702569428791728,0.0771645177663415,0.10332323223313494,0.023902850132532943,-0.07408371203493724,0.0053793033851521795,-0.0397579577527769,-0.022641451023381966,0.005362419521124466,0.036052524037035426,0.023281591472647405,0.033936607172578966,0.012741836402277485,0.1595075941824209,0.0919453441867408,0.08640039884139435,0.013347566208022943,-0.09280596706921102,0.007849084114427297,-0.049570046777263094,-0.03498789280389968,0.005001785041897186,0.025004356652535212,0.019155481034173596,0.019838318077756437,0.010887386639992717,0.16287245468556175,0.09602263286521856,0.0782363290485191,0.010397597357753639,-0.10392233704249831,-0.0017691280262298128,-0.052083233461542325,-0.041284470022374835,0.009441802776208178,0.020435601209626765,0.01974629678378638,0.015330625714684815,0.013653584399539323,0.16716029328987508,0.09823030086819051,0.0779865702980099,0.008550476502235213,-0.10867600828067714,0.003330099550096581,-0.04627925473626325,-0.041884438627000774,0.02330449704805217,0.007577608232990644,0.014878205086251366,0.01672886164482532,0.020356232098105997,0.14789154882204827,0.08031509713133309,0.07789077064076581,0.0011542253596183525,-1.4653526173338844,-1.6611361638700661,0.17854024435987256,0.0,138.2065784576559,16.63339020748219
Qwen,Qwen Small,fineweb-edu,JohnsonSU,hc_values_per_expert_hat_1_new.parquet,16.855846390194692,23.0,19.161433457099683,25.0,0.0014337082602525837,0.0,-0.058739344954356204,0.003575490258318301,-0.07040314338335393,0.00022385483690869404,0.004050921722488407,-0.05093773376418057,0.08748718203425282,0.0014873458420588692,0.01903118208844638,-0.14622652698860902,0.0020881444162594315,-0.08943432547180032,-0.0013144701831565523,-0.034398830185830814,0.037136408923393635,-0.0420564064380865,0.06428319509290031,-0.01962329764765232,0.06875766819199516,-0.0011960162020963603,-0.02963981530426842,0.00449869710427714,-0.0251260638544502,0.022247921125242386,0.00841903278532717,0.06738374641103477,0.0285983026652396,0.09187441194000544,0.025758147240122303,0.1565817598273152,0.08361577992020464,0.12844349107431471,0.03301693234368178,-0.07157999518378896,0.0053793033851521795,-0.042844718444071915,-0.023824495413166495,-4.103897030111549e-05,0.04593481236310865,0.026028306107001426,0.046230394041312795,0.016389688323194585,0.17201887921149547,0.10059844157818082,0.10803319355037784,0.026724596754836114,-0.09402058209346974,0.007849084114427297,-0.05379221966352267,-0.041756785623481896,-0.002607202536312104,0.029498584065783186,0.02192561907336145,0.025565421617764015,0.01455588364882837,0.17149038044979809,0.10597371327780902,0.09634312422279981,0.0263963581638644,-0.1076321588765821,-0.0017691280262298128,-0.056677990461338756,-0.05204611613684976,0.0008862048590256071,0.022056438504607218,0.022506441320080617,0.01700118925109508,0.01719899484728265,0.1744830565023797,0.10844444394826594,0.09473923135753079,0.02527846873326073,-0.11782911168980556,0.003330099550096581,-0.05245358002068286,-0.06190412251219512,0.010856241799979183,0.005336190097107128,0.016806261925510164,0.010109858923420317,0.022088751455194403,0.15606290921424867,0.09094561882885385,0.09319988196351835,0.01944506153746092,-2.306123568826062,-2.134336879028277,0.15229006659139036,0.0,138.2065784576559,16.63339020748219
Qwen,Qwen Small,tinystories,GMM,hc_values_per_expert_standard_1_new.parquet,7.918440362413662,3.0,10.43370380799364,4.0,0.5297401156145959,0.0,0.017939793826920188,0.0024545343952167404,0.01186893335943085,0.01719364817112415,-0.003935792841677253,0.006357567284527519,0.0010405558786829485,-0.008361612884715281,-0.00609734617887641,0.01689923794823724,0.010816147279932022,0.01796627953830726,0.034103549466522526,0.024906603220198463,0.05926744682218766,0.04279407592370463,0.03791191205924213,0.027024823914815005,0.008903364558504868,0.0011894022420034947,0.0702309817032605,0.010589405960013083,0.0800154673708483,0.07793094011564726,0.09355264385492748,0.057919747555174025,0.05363637644957763,0.12052337088420709,0.11281349048167523,0.02166776073533658,0.005132925735987018,0.11328714462593564,0.0854677095190222,0.13711231130894613,0.019109625595945198,0.15896278766791494,0.1170248173920938,0.15271976835137194,0.16233725037936375,0.16977939576230555,0.18781820883856426,0.19507030836017386,0.12063117979332166,0.11026422039732403,0.1818222511060117,0.15711266525001255,0.17958274559922427,0.02186962992421504,0.20490716819196517,0.13605894545865807,0.17547351119317534,0.2173367590391236,0.23008550615148904,0.20198359177313552,0.21521379929449042,0.17214926541333292,0.16659765056829384,0.19160289439024855,0.17203200317405215,0.22381510897524676,0.02412138062867844,0.24887767746295317,0.1708802205190553,0.20725612302886903,0.262861489140123,0.27650465792519546,0.22392733812883378,0.23598281318319217,0.20985398700023392,0.20588509437584504,0.19873129816581467,0.17954170492446878,0.3140849298017074,-0.008948223748687777,0.3496275909925733,0.2501970343655255,0.2994608527773587,0.33395589379355084,0.3521692199480287,0.2801559501647166,0.2944405015573116,0.25410406331200724,0.24530856007709478,0.2260176937494819,0.19314393696777435,0.6029119047565786,0.31780046419628455,1.0849469099408522,0.0,3.312739138356549e+296,91.30423491720461
Qwen,Qwen Small,tinystories,GMM,hc_values_per_expert_hat_1_new.parquet,11.065940072548987,6.0,14.083679790634886,12.0,0.5297401156145959,0.0,0.04047114394732293,0.0024545343952167404,0.004309351004034544,0.05842278925295025,-0.003935792841677253,0.01363109778581409,0.028900957706210498,-0.008361612884715281,0.013098728212080316,0.011570186241112432,0.010816147279932022,-0.008789377208045773,0.05345950755415456,0.011685578368355713,0.09134158600594294,0.04559811495997558,0.05731416438109076,0.04719468573293799,0.03560892834059287,0.020253773019347443,0.08071826561200254,0.010589405960013083,0.0875804787749104,0.07945352588327537,0.09563281295986495,0.09883844685492559,0.0809246850750979,0.13829945588578582,0.13507157879953466,0.07598451633160765,0.040786889026852735,0.13995077233966308,0.11868082329392796,0.12730055631852816,0.019109625595945198,0.1794595646513787,0.09346776093105806,0.17132389355329256,0.17657989652672706,0.21858172753154156,0.17132743419498025,0.2476185118144136,0.15352249122477196,0.1676936522027449,0.17937594365391757,0.22237178540404284,0.16529424852606084,0.02186962992421504,0.24972875558030744,0.11024755333479463,0.23264951379577306,0.22101032509155558,0.301677744473422,0.1826647126012497,0.30706612920528376,0.1933896108816721,0.23847195453860642,0.18675394220928937,0.26410994423112194,0.21238842462062446,0.02412138062867844,0.31265420152650136,0.14402786913903937,0.29357919282205014,0.26666209646954103,0.36728870714046474,0.20641291191071154,0.36113997352315746,0.2290937800199008,0.2933070138158229,0.19802062179166732,0.3007181027386664,0.30985742443944947,-0.008948223748687777,0.45409275958682416,0.21988143964789553,0.44550048922250013,0.35069926543348207,0.4817767561168906,0.27320575693369104,0.4815451589004352,0.2914190129253695,0.36537077061850004,0.24973039635868444,0.3697000625733512,-0.534188274493867,0.3128191508846527,0.6444568155947418,0.0,3.312739138356549e+296,91.30423491720461
Qwen,Qwen Small,tinystories,GLM,hc_values_per_expert_standard_1_new.parquet,13.776406671856625,10.0,15.398191244430457,25.0,0.0,0.0,-0.009147423172259198,-0.004461500453530269,-0.005839419800758129,-0.009987485919415876,-0.030126347591725364,-0.03361143559248953,-0.0021811600265227906,-0.03521791685410226,-0.03822500080063504,-0.006966263145736408,0.030756416400571994,0.03238558099987691,0.05677886613724211,0.02759142074831476,0.11116444374393161,0.018013735499352243,0.0797651450228344,-0.009849590451826491,0.06569405713280342,-0.012159836564902481,0.04012451614200553,0.01678870922290552,0.020722062712418252,0.08637615805043848,0.030444252583871977,0.01781496494656241,-0.026474009221951905,0.15354083921670364,0.02256534510127741,-0.011801538067951303,-0.06256538575111824,0.15723320279272668,0.005308697219516289,0.11375002746069707,0.03448354718484581,0.030717557436641403,0.09904541222678556,-0.01964282696606745,0.12699330833950426,-0.01065029490061133,0.1632555695522171,-0.04990875628248648,0.08773915118493203,-0.04847519760371394,0.16100659927975977,-0.06005808195298221,0.1664746557443384,0.033765456012330455,0.021123975744471342,0.1042216758625063,-0.07770225024275916,0.194955248754282,-0.01266467556150338,0.16044990465923872,-0.11683429020759478,0.148722780173222,-0.043455681167872226,0.15632187866029654,-0.11192335338560937,0.21693464387356598,0.025353901664823944,0.004390860410433927,0.12605373739944786,-0.12347459528912924,0.25135453433952204,-0.0202589300204578,0.17487065927672119,-0.15985363395825272,0.19744331038131713,-0.040091142937193076,0.16309495257078702,-0.1400495422509468,0.33088151394589793,0.030125977146958905,-0.010489659028294147,0.18300475405079966,-0.174145390907249,0.35601330425338995,-0.021852402793869526,0.2169138819312491,-0.19250041398422346,0.2757450903993373,-0.029007325871229228,0.1863036640573405,-0.15116799664376585,-2.0549783402178274,-2.2312547790979216,0.08010032217338264,0.0,41.40436802207426,10.143088908719438
Qwen,Qwen Small,tinystories,GLM,hc_values_per_expert_hat_1_new.parquet,18.32370430490451,26.0,19.618885925827772,26.0,0.0,0.0,0.03856411556044744,-0.004461500453530269,-0.010518425122914909,0.058019001084507055,-0.030126347591725364,-0.03905613683250222,0.030716006900850377,-0.03521791685410226,-0.03979507455909901,0.007848108659597064,0.030756416400571994,0.0292766494361841,0.09276666387438548,0.020453857174604892,0.14948592213541254,0.009432853534870262,0.08693443746134893,-0.012595212766202709,0.07730524399294161,-0.015162907443075038,0.08099258740710125,0.01678870922290552,0.015271550849904357,0.1133395444509719,0.02312768593287808,0.0882042797525534,-0.030417728121694868,0.1827934981888522,0.016134817163845502,0.05887776995642226,-0.06337424918913523,0.17665309721991615,0.0024328304075945492,0.13639385470097895,0.03448354718484581,0.027360213906572783,0.11868325903935777,-0.022908758072094648,0.17515160964931709,-0.011807891305966704,0.18993582448146576,-0.05033503802636102,0.14194153284270866,-0.04690495432342329,0.18380301101591434,-0.05741447038946508,0.17395242403904948,0.033765456012330455,0.01801795218943599,0.11991935617019764,-0.07917162387368187,0.21872961632296356,-0.01391495449329257,0.1810217759117437,-0.11560869581636671,0.180427788923678,-0.042252623017656615,0.17390884723269084,-0.1083468176593191,0.22087221508899868,0.025353901664823944,0.001345280639198118,0.14324835511144002,-0.12449725509740397,0.2676495344356685,-0.021971689895703042,0.19803749849289679,-0.15888460242598848,0.22143483952405518,-0.039704260987839315,0.18415904873575858,-0.13725887412908516,0.321032198125652,0.030125977146958905,-0.014553371410404352,0.1883492479603004,-0.17686945410959098,0.3530451092338871,-0.02533956610182301,0.22615344960136574,-0.19444939573795175,0.28216985160480246,-0.03069605955168194,0.19719736086300957,-0.1515386783736498,-3.161534681644568,-2.7871672276563255,0.0631676128083705,0.0,41.40436802207426,10.143088908719438
Qwen,Qwen Small,tinystories,StudentT,hc_values_per_expert_standard_1_new.parquet,12.590330114455137,6.0,14.279595183277292,13.0,0.014476670034618125,0.0,0.010349937530397035,0.007781691157122434,0.0030334597229589697,0.0212167003062294,-0.009928265417836736,0.004761714263790076,0.015878285891027376,-0.023061235777065266,0.002683799447730304,-0.0055283483606303405,0.0308429269341877,0.0003496602752286657,0.059605394422659976,0.024843603353527657,0.1199603272022421,0.047823875795989464,0.08831946737767697,0.03387087215448055,0.0648002842353755,0.025955205387204392,0.0659829652214541,0.00851419528828912,0.07758669495888373,0.11741371547425276,0.0982017717797212,0.05868993494416623,0.06282973439851555,0.1933083605731469,0.1266607838805977,0.027121924165756546,0.022106805440334602,0.18923379742317148,0.10271217676638988,0.14122942501612792,-0.01301839241780351,0.17758259406330598,0.144016364246477,0.17138673950137448,0.17444879896172166,0.2009483930850059,0.22356089332323956,0.2140054696845309,0.13587415968885644,0.1412961252423252,0.21171784195825527,0.16851021943452085,0.1984081984840973,-0.012027582231540495,0.2493490612121469,0.15962546260042307,0.21764870704388972,0.24543269385991184,0.2897864426813686,0.2303917575610357,0.26468365574718894,0.19904860795194748,0.21905820457082492,0.21370173146453253,0.20941166268025968,0.2578461805812314,-0.010877099482934425,0.322645044124425,0.19679419236474904,0.27590065505048444,0.3066352738561511,0.3699571868723226,0.26112276416377844,0.32679543778101605,0.24838190659711964,0.2869064379071504,0.23391167780659428,0.2602212832813944,0.3828638448454632,-0.012081132294910998,0.4856857921137797,0.2874405344187548,0.4206570272059108,0.4177947806673993,0.5180668987764754,0.3381827510659003,0.45826034902250545,0.33028733066247395,0.396105888447814,0.28833200434906553,0.3530414095308268,-1.1897069931072137,-1.2949231226081515,0.21685368817533762,0.0,2603.954427425316,15.337598204565959
Qwen,Qwen Small,tinystories,StudentT,hc_values_per_expert_hat_1_new.parquet,15.675848475311811,22.0,17.485896013118445,25.0,0.014476670034618125,0.0,0.043587575165731876,0.007781691157122434,-0.0004228665533376574,0.06714962986617783,-0.009928265417836736,0.005670011679991965,0.03684431953548606,-0.023061235777065266,0.00819147123520151,0.006743255630245817,0.0308429269341877,-0.008614337788539168,0.09143100471952821,0.020439727337807773,0.1529900102472521,0.04936501303015819,0.09354672890774224,0.04140820217049632,0.07785574999696848,0.032848826182565835,0.08899723534732175,0.00851419528828912,0.08014158961360171,0.12551847055603202,0.10104852585582338,0.10085590385891526,0.07350469336266932,0.2029402620243204,0.13970566172374335,0.0709244274585786,0.036457574387530216,0.19640722575805647,0.12056098535129438,0.14315958703302006,-0.01301839241780351,0.19268156476153867,0.13048599518911896,0.18858855035628738,0.18959747465592008,0.2287506219110242,0.21074567579779419,0.24582883181949244,0.15822763873253978,0.17051789708296278,0.20495591440585761,0.2020085569755593,0.18700958722719763,-0.012027582231540495,0.2696546401426072,0.13528039607779235,0.24230212751170968,0.24033992955852446,0.32127543855008717,0.2036828249114139,0.30276434675170055,0.2026230475240972,0.2500455667247586,0.1950800925228049,0.24655685931514953,0.23949534096158967,-0.010877099482934425,0.34550817982367227,0.16341022596064073,0.30446522332065856,0.2919062684900614,0.4009883837425083,0.2245497011008913,0.3654254963376182,0.2430441414782478,0.3156130414642849,0.20754204380049163,0.2954284871402558,0.3463775573205831,-0.012081132294910998,0.5091196386367709,0.22497776138722847,0.4508326225559258,0.38393875529370713,0.544787532896287,0.27341726786876913,0.49254927652262254,0.31024109400962196,0.4185250562679371,0.24207823806894113,0.3810287756240233,-1.9716038709808164,-1.572391243391611,0.18147971714846486,0.0,2603.954427425316,15.337598204565959
Qwen,Qwen Small,tinystories,StudentTSkewed,hc_values_per_expert_standard_1_new.parquet,12.010170109154755,4.0,14.469183244165437,20.0,0.025574346148112565,0.0,0.010132969730434791,0.0025130864741622254,0.007431113730999104,0.014347368896117896,0.0001354015974424723,-0.0025653083289336174,0.006857086414960693,-0.00292837392729594,-0.012669789803358025,0.0032758833154740985,0.005441460401458166,0.020100903534357128,0.01809825664432487,0.014332130977044685,0.03922594248316703,0.017182447120083818,0.03063248282406205,0.005485575411019738,0.018061745564294365,-0.004196024205898841,0.08176680743571764,0.008977346436340978,0.08357867565428935,0.08193322135115928,0.07334310632477034,0.07168133932905035,0.056411101549019065,0.16539861626091484,0.10130457392840671,0.03195107288430879,0.005972861743550816,0.18054889348821163,0.0874813944538586,0.1557515250128908,0.048688687143683025,0.17530545416827154,0.10319112310912562,0.13072435992989836,0.1856726089089799,0.18535267163655483,0.19311221790746588,0.16912512509801944,0.13906446130792233,0.11857919419982677,0.20401857483338087,0.13772975650592828,0.20973681093831975,0.056820551902383824,0.23131402494961817,0.1273851667328617,0.16071214245181956,0.25575202009794284,0.26285633580518625,0.21697457596075648,0.210879368101272,0.20425770802122473,0.19326523659640282,0.22473335911639,0.1797331678211273,0.27119587362996295,0.06354096547827949,0.3062833043070893,0.15713508462683648,0.2144636733022057,0.32340923280963263,0.34680055858938635,0.2483456759906305,0.27123446079224733,0.26280403614752,0.26471131642251494,0.2541614454272801,0.23090694295780131,0.39660673806878766,0.07851092680259969,0.4665872315195392,0.24097732513892636,0.35439641339430245,0.4274955224178234,0.48797211005580543,0.3279889228799624,0.40437161417116596,0.3319852681834013,0.36188132548521457,0.32431356286798846,0.33198149889959383,-1.261283632186935,-1.816341858830572,0.3310255745339522,0.0,1.656369569178275e+295,14.581790067726631
Qwen,Qwen Small,tinystories,StudentTSkewed,hc_values_per_expert_hat_1_new.parquet,16.15230318188594,24.0,18.62036009474434,26.0,0.025574346148112565,0.0,0.04667691364566333,0.0025130864741622254,0.0029727616856865583,0.07227608235104926,0.0001354015974424723,0.008090328838962775,0.03995219325107209,-0.00292837392729594,0.007260445976835588,0.006724720394591238,0.005441460401458166,-0.00428768429114903,0.056759477059530945,0.00793499097010801,0.09707433051629366,0.02691577147575558,0.06098038377865263,0.026572561781790686,0.05029755197485991,0.01592482205005686,0.10996330874360075,0.008977346436340978,0.08823972794782683,0.10757641742175843,0.07800404111567581,0.12947738307688594,0.07979231800152756,0.1933417750661661,0.1289422412621222,0.09532871680941107,0.038337188702287056,0.19927986385717794,0.12665810021067642,0.16040224241782478,0.048688687143683025,0.1952326393051103,0.10762072741772077,0.1582862032935187,0.2119000681571236,0.22790809134647327,0.19747916900407034,0.22586067701210172,0.17642894999227993,0.16655945422572205,0.20650510587593865,0.20046552296657727,0.2005768200574533,0.056820551902383824,0.2632517051833415,0.11705622209207736,0.2070062247299581,0.25887465485631506,0.31174404186258453,0.2008655981744682,0.27870502593661656,0.219153478796064,0.24093756642676786,0.20896181631954974,0.24319785486535778,0.251409899051787,0.06354096547827949,0.34035714598740163,0.13527899915873753,0.264011233351315,0.3113121941283634,0.39326059022204257,0.21765801649518365,0.3362397045183851,0.2636304428609316,0.3078644072637703,0.225412517414905,0.2882645226756623,0.3585344223472824,0.07851092680259969,0.5030051663935655,0.188814577746299,0.40727448226062607,0.39577061121328916,0.5304828870375494,0.26608091836437275,0.46351687536013625,0.3179778225502091,0.39861147114403717,0.2710081268044442,0.3793041439110294,-2.411100957403426,-2.3287834437582964,0.2396411688358489,0.0,1.656369569178275e+295,14.581790067726631
Qwen,Qwen Small,tinystories,KDE,hc_values_per_expert_standard_1_new.parquet,11.09848773458334,4.0,14.063107680585693,14.0,0.06156725688635648,0.0,0.01063137749481052,-0.0007758704591183864,-0.010462563946757077,0.013251311241901181,0.000177476643566025,-0.017386045244613277,0.004757733170618256,0.0012006284764828296,-0.010558405118694075,0.005873644324192264,-0.001976498935601216,9.584117193699865e-05,0.06683684816037523,0.008323843775297704,0.11760978546621455,0.02192610952045846,0.07618637420172228,0.019326887006177483,0.06742231388562481,0.01639589370839279,0.05551533359081455,0.0032558225177046034,0.06206614275335438,0.09277641190080091,0.07321414900016783,0.05085802272414672,0.04053789249106409,0.16119681858895765,0.08365528027699377,0.025160026728652488,0.0022931243113648225,0.16285987914987335,0.05948510398838132,0.1122104408255539,-0.006103401686705502,0.14541673579231507,0.09225564637441096,0.1271944915548712,0.14470730735134796,0.159681949270107,0.16157532137004466,0.14824457940653424,0.11775572715600996,0.1078856747194616,0.16491480227637592,0.10793969409882051,0.15663080698985715,-0.008094262021101322,0.19856635839636128,0.10476832735977454,0.15919374559512792,0.200316459634485,0.22933623974079012,0.17126380958317847,0.18956391133266853,0.16807247950864473,0.17205834042983892,0.17357284024452455,0.1465085508131893,0.20324772954010012,0.022018700421132374,0.25296031289749493,0.13440008437350062,0.20002849443013235,0.25056802046770404,0.2876135741813885,0.1949019459229848,0.2291419046552244,0.21120235153880218,0.2206956520967046,0.18863517199320645,0.1754891816321702,0.30543121130616213,0.024528758648354996,0.39738312550047983,0.23506536737436382,0.3432538154740538,0.34408500878069076,0.4145777369880359,0.2935711934666584,0.3578122514420634,0.284178504207687,0.3062537545477145,0.26984587965523493,0.2597366567866807,-0.872966483097793,-0.9666266952812265,0.31897515227483925,0.0,211398661.09414345,24.00619966838219
Qwen,Qwen Small,tinystories,KDE,hc_values_per_expert_hat_1_new.parquet,14.626389279976149,16.0,17.418498335348584,25.0,0.06156725688635648,0.0,0.04443098545291295,-0.0007758704591183864,-0.01366647109721162,0.06300310204457829,0.000177476643566025,-0.012378211504403214,0.030192470797039878,0.0012006284764828296,0.00018080475570219712,0.014238514655873072,-0.001976498935601216,-0.013847275852913817,0.09886142932430442,0.0032580230718498803,0.15768581819334346,0.0270958113531118,0.0906911068456215,0.032588741154211474,0.08610314699898558,0.02733494035008069,0.08297551324652913,0.0032558225177046034,0.06489922672889897,0.11415824589980562,0.07559700346306662,0.09839598120356692,0.05528506883041454,0.1891099572560678,0.10060909036029377,0.07303378697448648,0.02281263833707975,0.18575156520668937,0.08397888836159959,0.12341522266477678,-0.006103401686705502,0.15660380402729984,0.1003484497626193,0.1411239432024701,0.17050528581583546,0.18427827909909494,0.17521066213546968,0.1794653887584192,0.14773654500324812,0.13595504698124278,0.1785187001699173,0.14377762464418542,0.15820993881294104,-0.008094262021101322,0.21925054878358488,0.10286232634823712,0.18587818812446238,0.20922482006955984,0.26187770006469596,0.16809951845661336,0.23147939729260866,0.18124636202933364,0.20439890380778755,0.17033453965085327,0.1878884996927461,0.20016285249517188,0.022018700421132374,0.2815119093284476,0.12436504861446397,0.23710671025576222,0.25208598980626296,0.3249775869511491,0.18282365961780112,0.2778193070061756,0.21725217672343705,0.2541304973624901,0.17882465175881052,0.21873343350460064,0.28752508157958956,0.024528758648354996,0.4322942615067088,0.1925648829474387,0.3881222147415921,0.32819165149583207,0.4527595311912177,0.245689992729154,0.4070778655040737,0.27572522159358115,0.3365347481565148,0.23090572054651506,0.29841457272804883,-1.739349111836671,-1.1382565387869652,0.25441906534762593,0.0,211398661.09414345,24.00619966838219
Qwen,Qwen Small,tinystories,JohnsonSU,hc_values_per_expert_standard_1_new.parquet,12.90086628128468,8.0,14.942888377254732,19.0,3.31273913835655e-05,0.0,0.026981587613849306,0.009532187124819019,0.00894996899642711,0.040261913159701054,0.0030161111703217026,0.0038165253861357617,0.0210424597988283,-0.007723051242721373,-0.005919748535697286,0.0059391278150210045,0.017255238367540393,0.014869717532124396,0.07573648478976633,0.022234176303189926,0.13255893314741865,0.030075319399222335,0.08546390579157868,0.01313549397442408,0.04453642658766525,-0.00228173486403753,0.09095343446431291,0.012632002602362488,0.08249414183523943,0.11492807826319204,0.07574278171865635,0.09377999288383722,0.0544216642194855,0.17993562085247516,0.06837661367417129,0.05777346803125346,0.0039049098470514505,0.17040865110932096,0.032797192601907554,0.1502843052022837,0.009810455055523774,0.14661200259611235,0.1111923838520601,0.0995554071135701,0.19230192096012425,0.15385809036695575,0.17947634862765144,0.10208647872508708,0.15529340489955418,0.09731326743667257,0.17383855419582228,0.0619071456153463,0.19290109107310568,0.010958872184815338,0.1843850477224806,0.114094450131008,0.10698165249741368,0.24590315546881625,0.2087245991880696,0.17640539543299671,0.11814047070864626,0.20565968976352286,0.15271672544246662,0.17145211238211547,0.08257628286640196,0.23837193077362662,0.012446860439043621,0.227470818188385,0.12904553492654058,0.12570195586024538,0.2937388771348033,0.2561152298951616,0.18416574091026325,0.13618896325177113,0.2474733892165911,0.19407920869464895,0.17472751066697917,0.09587023182902063,0.34482515235436206,-0.009510314260056671,0.3487465933930738,0.20793454520982327,0.2240262954599523,0.3821078199530894,0.3619627318913159,0.25166250955390884,0.2265890474956615,0.3086393068456631,0.2651764205551097,0.22085326174359712,0.15421364561403303,-1.218447511660096,-1.513880754392662,0.27406062826354033,0.0,69.44184808205719,17.967492205612455
Qwen,Qwen Small,tinystories,JohnsonSU,hc_values_per_expert_hat_1_new.parquet,16.468719460686067,22.0,18.30778659334471,25.0,3.31273913835655e-05,0.0,0.05670306909603993,0.009532187124819019,0.0068811363477662,0.08373060415581228,0.0030161111703217026,0.009350838180334624,0.04302934824111165,-0.007723051242721373,0.00412610122100022,0.013673720854928274,0.017255238367540393,0.00275503512676598,0.10235721101200924,0.01874732015435731,0.16431752916880069,0.036426363589117106,0.09544350468565763,0.02604163986284655,0.0692577241783394,0.009358800921809152,0.10986240677998255,0.012632002602362488,0.08699342248931552,0.12343993355461857,0.08128521008643644,0.13288284252344018,0.07040443095374815,0.19877812327965114,0.08895890324779925,0.10081995291481552,0.02471919931423412,0.1917645753375147,0.059867412037602354,0.15245436139084906,0.009810455055523774,0.15980412683976386,0.10785835874510516,0.11789582429853865,0.20787277551260602,0.18231090153351606,0.18271029876092715,0.14142844674281618,0.1780797767544232,0.1295272763668572,0.18240604541366295,0.10615696984934037,0.18695948572246626,0.010958872184815338,0.2072774472271122,0.10615904484913496,0.139264407860746,0.24641637240053074,0.24348242316094817,0.1696228752537479,0.16706569553707787,0.21280176394115743,0.1864140854680955,0.1686031692772885,0.1294535222509941,0.22866146003043375,0.012446860439043621,0.25820698394160235,0.11869789462355859,0.16904622921037218,0.2880859855187904,0.2957550412978476,0.17455424571904413,0.19247196451365978,0.2483730234922203,0.22905812717788665,0.16958723699708644,0.14496666329266003,0.3200361097883738,-0.009510314260056671,0.38913600125402764,0.16944458146529207,0.2813176398400203,0.3604711109351624,0.4064235408421918,0.21341796749042408,0.29007605855393037,0.2976384252411204,0.30076056545697477,0.195646649654556,0.20406451706803405,-2.092223493338167,-1.8659053651641364,0.2168503891700062,0.0,69.44184808205719,17.967492205612455
Qwen,Qwen Small,race,GMM,hc_values_per_expert_standard_1_new.parquet,8.039921233282584,3.0,10.800785843870509,5.0,0.2567940852029793,0.0,0.021267128582656555,0.0009328377911544959,0.03946022022201565,0.05822277899058921,0.006775121732324148,0.0628521653870299,0.05488393089044437,0.00860192389835003,0.0355387296296671,-0.03361680230778781,-0.007669086107195535,0.003921490592348552,0.03206520217213696,0.058659526836173335,0.049469328960191405,0.054747955948492716,0.026506519781018072,-0.0039968858198889705,0.04537512485658993,0.026161221378864674,0.034007095937221524,0.004522537504985265,0.07007201249054519,0.038436235703730615,0.0896151421470243,0.08646316132578594,0.10108842127104431,0.07716250625135358,0.09614181759623694,0.09829165016378684,0.0750106701129681,0.07708189603522274,0.041000463814104764,0.04525445153675195,0.0013261123018952156,0.08624848946946073,0.037739182986576005,0.09654683894448907,0.12114337495901323,0.13858751852792428,0.08259279946418197,0.10783670499938457,0.1322467264765021,0.10580680965173925,0.08102341665973871,0.04310282593013523,0.039095840367661464,0.002555069328703758,0.07909832927194464,0.03413557211103135,0.08769163938749873,0.11861284741464323,0.13609950400597706,0.08513470041213174,0.10895073001052283,0.13403899191264665,0.10985513378147502,0.08842037385823626,0.05639409448317701,0.037130708964444724,0.00419006139383458,0.07030828696632446,0.030181564707571183,0.07282056820650197,0.11371274730810849,0.12705116459352328,0.08695116578597148,0.10417279161768919,0.12819362034356552,0.10699201189276705,0.09577195984760417,0.06848719978297198,0.0329086445886268,0.008067463993564415,0.06665616561218583,0.02312121326485894,0.06391476003644712,0.09453198039446273,0.10709554177593615,0.0834476657125456,0.0981247622533374,0.10362551805666392,0.08090351758303342,0.09879406209481996,0.07051745268399688,0.5282457531237137,0.03757130344866726,0.9456121116988069,0.0,8.204866397425495e+295,75.54248377879755
Qwen,Qwen Small,race,GMM,hc_values_per_expert_hat_1_new.parquet,10.638165391873535,5.0,14.142637044060132,13.0,0.2567940852029793,0.0,0.0013023369984892642,0.0009328377911544959,0.019546419887933708,0.04712543332753389,0.006775121732324148,0.04949938121206199,0.06728317453191968,0.00860192389835003,0.044554966052204104,-0.06598083753343041,-0.007669086107195535,-0.025008546164270395,-0.0019895503363158242,0.02529749766940804,0.030084241113488334,0.03297942682792203,0.04703039992710011,0.01203129545727355,0.05925019099659224,0.03569751603514962,-0.0005674536255231674,0.004522537504985265,0.05009336084900505,-0.011160570056266073,0.058464048587555995,0.0686807303756089,0.09130664946467554,0.04870934719488621,0.08047818601171966,0.11438666199694185,0.08512789577852808,0.09538720117462678,0.05615336742402714,-0.00048223388342986137,0.0013261123018952156,0.06581167048058283,-0.0230326629918058,0.06511114078893258,0.08779928574752674,0.12807125926296792,0.04084597840769284,0.0922361234074438,0.1397503704787741,0.1161045389434661,0.09536012778284765,0.060030641820580544,-0.010986086232594275,0.002555069328703758,0.05439252111710875,-0.029029794154476613,0.05320955320843337,0.08012035680199284,0.12322055702795813,0.03901897201975335,0.09152176417880371,0.1385354273757154,0.12156224371170493,0.09814796060151171,0.07375487897305323,-0.007173809364776478,0.00419006139383458,0.051341550501753125,-0.022929244957270053,0.04771814149942853,0.07906742592257424,0.11900699511426627,0.046472981219906284,0.09377586288590185,0.13061746041758687,0.11846810006565207,0.10046787568021952,0.08415278765715914,-0.01895353701902701,0.008067463993564415,0.04425860346321137,-0.03456854788862359,0.03706894246389206,0.06235486112551809,0.1001360735557927,0.046134115218013166,0.08933261385795759,0.11886989750353685,0.09809131045294604,0.1134775853162937,0.09045059360118778,-0.3855002736369473,0.03708695878898786,0.542743408843498,0.0,8.204866397425495e+295,75.54248377879755
Qwen,Qwen Small,race,GLM,hc_values_per_expert_standard_1_new.parquet,12.502092240931344,4.0,15.52612338295758,24.0,0.0,0.0,-0.01601854529385229,-0.03699648697414555,0.02460427082528656,-0.0021542467634745963,-0.04884360291055559,0.010259184133729523,0.01985310763597431,-0.018521569664529003,-0.02029489426806364,-0.035871652929826595,-0.018474917309616548,0.0448991650933502,-0.0017030950798853368,0.0367691853838095,0.031191252998748552,0.02256568132182143,0.04820850267453725,-0.01971313170903933,0.05730524017605094,-0.015453577840483953,-0.0033634562352195343,-0.03544229511338216,0.05083984902785534,-0.006402572644982379,0.056628730707506826,0.021814814451014214,0.03178027443035786,0.04668912238144661,0.03712582515930913,0.04052298272787146,-0.014347609872827141,0.08568220867305242,-0.013124576284267494,0.016301155831812027,-0.013892200275033626,0.06560883488628438,-0.0363528192478134,0.05262419875589635,0.06321052332492816,0.06199191419345129,0.005265285493087362,0.036609678646027474,0.0786498493970908,0.011672228894140966,0.05632219084509803,-0.011520001959904522,0.012837533116269607,-0.01092987169922277,0.06115488885293595,-0.04990859463960217,0.0465698574265959,0.06742256098257368,0.06268126937776097,-0.017399298857615254,0.031629874204288005,0.08823732534888613,0.018859252690647352,0.037197170039427074,-0.010825053546356468,0.01791374766628024,-0.007030696081099946,0.050523773868782304,-0.04999731781940005,0.03313939109928633,0.06957455726014669,0.053508150274841584,-0.01992364708101074,0.02065507899806083,0.08447536698288151,0.01876570515683719,0.03237535089589819,-0.010020970629060471,0.019068724897912073,-0.0011887841170690598,0.06495277120166865,-0.05366345762464697,0.04633684365068979,0.06619601160760934,0.05492997637147036,-0.023777344375128382,0.020720946818323985,0.0775029877181424,0.003274204326745734,0.030454882532724915,-0.026007170865181943,-2.1446580594977576,-2.358122563197942,0.032981851957001825,0.0,24.939413639859122,12.056934214098364
Qwen,Qwen Small,race,GLM,hc_values_per_expert_hat_1_new.parquet,18.474478307244897,26.0,20.870809820313426,26.0,0.0,0.0,0.01732754509750168,-0.03699648697414555,0.02780764155413793,0.05166945108874268,-0.04884360291055559,0.013194536845986163,0.0509273670732937,-0.018521569664529003,-0.02058979269429192,-0.03359982197579202,-0.018474917309616548,0.04839743424842985,0.04118546761961915,0.04053514537425673,0.09255282240048378,0.02601459808826174,0.07662370016372735,-0.020063012931831277,0.07776506571283036,-0.015759474933436816,0.023389626440496497,-0.03544229511338216,0.057276633751405695,0.03210719712292919,0.06407285464398454,0.07836827710678185,0.038405954977017175,0.11099140121272497,0.04472844238915408,0.09887586684469572,-0.01185884314435388,0.14137876888336146,-0.010345570952929642,0.023144146475905514,-0.013892200275033626,0.07128838690765889,-0.009054648072315187,0.058591921152882295,0.09080939081677741,0.0683889181062409,0.056733204049764015,0.04297728773263774,0.11335178586579218,0.014315531397860617,0.10175243468098585,-0.009318861017007725,0.011283260795226279,-0.01092987169922277,0.06668385153796079,-0.031209873180356167,0.05200876681963194,0.07807886610909329,0.0691180446287178,0.019331471342384825,0.037249695256614895,0.10678252083861295,0.021759900566623153,0.07013301607162009,-0.009101613774314862,0.009067611780868755,-0.007030696081099946,0.05691975495748167,-0.04125758771055244,0.0391362489362977,0.06759762127307545,0.061421197480501295,-0.00039572615878126385,0.0273299927135903,0.09255743972835556,0.022893393369656564,0.05135316364861072,-0.0073243243147583315,0.0060282915060870185,-0.0011887841170690598,0.06939318583540871,-0.05141434360779405,0.05101399830574413,0.05024994550904617,0.05949150682390171,-0.025684563116206843,0.025394249087614007,0.06932764584343237,0.0047306514656746314,0.024748011211391804,-0.02469311049768914,-3.2705200427241454,-3.2280669025719164,0.028627718965628986,0.0,24.939413639859122,12.056934214098364
Qwen,Qwen Small,race,StudentT,hc_values_per_expert_standard_1_new.parquet,11.928836458779664,6.0,14.23479592673966,13.0,0.0030631501217055182,0.0,0.006070660363385267,0.0003146011460476894,0.053511302995965127,0.026809807240187285,0.005106172230792317,0.05847313912149904,0.030620176377258813,0.007041062088693736,0.008925077999727067,-0.02454951601387355,-0.006726460942646046,0.04458622499623806,0.011703318373976769,0.06687623439577736,0.04855626304503439,0.07189313917883916,0.05443949081818156,0.009416360358498741,0.03509339778869063,0.004713307686275403,0.018070098111121854,0.0028201487391645895,0.09787531978876493,0.01156350862387965,0.11152820332296717,0.05245508166707974,0.10950414755744406,0.06765366740538785,0.12196900063657475,0.06300296197647032,0.052331893186483985,0.09670600995701249,0.054963325818107596,0.03189452371451386,-0.0036988374938155006,0.10729602305197371,-0.01938810014772074,0.09738693829797689,0.08442720579160143,0.13496723689052753,0.02299628030951542,0.10485875480990052,0.09169597238216787,0.07230468108055786,0.0619972642649746,0.03731432169193263,0.022435910325487435,-0.0035563615169343313,0.0941714984103929,-0.03734414860939602,0.0807711709267132,0.07983177259708936,0.12681217493749952,-0.005729218390488795,0.08410119234774406,0.09519075705203309,0.07608486030675482,0.0391668610841942,0.026553480473470996,0.026107747987021777,-0.001272119818673677,0.08651688553999866,-0.03618143330472218,0.06842684247101635,0.08238605374552732,0.11860522939426205,-0.007143262762868276,0.07013726702573106,0.09387569399830686,0.07362366501414713,0.03463589734927783,0.021481029174903483,0.018794953444253946,0.006093568663778361,0.0851249125444216,-0.047625109914996064,0.06900331222888942,0.07160753399348177,0.10633859282811661,-0.014817100394484934,0.05923647735229763,0.08611572743539386,0.05680078401599677,0.03665280281032608,0.004559991174660516,-1.252995763574914,-1.6386853183221766,0.14142916290190197,0.0,1735.7505308732411,17.671001615858643
Qwen,Qwen Small,race,StudentT,hc_values_per_expert_hat_1_new.parquet,15.45873408028006,20.0,17.834744874237632,25.0,0.0030631501217055182,0.0,0.011738262886052741,0.0003146011460476894,0.05318776680012745,0.041853357107919216,0.005106172230792317,0.0581454631506919,0.04455302785026043,0.007041062088693736,0.008909064307283126,-0.03281476496420768,-0.006726460942646046,0.044278702492844324,0.018020330242732942,0.0665871069870296,0.0621262195616041,0.07160385308808376,0.0652768957359153,0.009407246168667093,0.05123360147977499,0.004691248331299854,0.014157369002686049,0.0028201487391645895,0.0991088750838906,0.0054375895040600615,0.11339582069544615,0.06242374915692479,0.11167081226328178,0.0722327652029137,0.1250150527738423,0.08464835637854572,0.054292876155084206,0.11234672865997171,0.057544123200458756,0.017580339649246452,-0.0036988374938155006,0.10858195994164413,-0.02958561279451081,0.09910359982793926,0.0794530196307477,0.13778875781488042,0.023767879892966783,0.10847952674622315,0.10269788710956558,0.07507884964278727,0.07668641280661401,0.04077684273763604,0.004099599318263676,-0.0035563615169343313,0.09550569320363403,-0.050448545378249394,0.08263649842367506,0.06649396735893488,0.13054259781734173,-0.010446014135061904,0.0887358476409819,0.09801009047592091,0.08016617112011401,0.04871158090916414,0.031344363505183596,0.005723295650837838,-0.001272119818673677,0.08987680382077627,-0.05252295423190311,0.07292285899010564,0.06524888820033023,0.12532239200156664,-0.017281184261607394,0.07851864976622325,0.09315019256830154,0.07972949817818804,0.03966254239131433,0.028688056076130074,-0.004631490635872815,0.006093568663778361,0.08698808162874794,-0.0669259968786741,0.0714983762384011,0.047957146729798804,0.11122138548179702,-0.03503412791927283,0.06603749321313873,0.07906636021283671,0.06195031704129769,0.029807420065144256,0.011838546959171475,-1.9316286460671608,-2.0742383214174067,0.12019657854354272,0.0,1735.7505308732411,17.671001615858643
Qwen,Qwen Small,race,StudentTSkewed,hc_values_per_expert_standard_1_new.parquet,10.942192157971027,3.0,14.288009043586074,18.0,0.00949029546635549,0.0,0.00667971719232416,0.01214959860813359,0.05586733436161512,0.03795283054238632,0.020229631498471172,0.059585413049028264,0.04609697017686465,0.01223028171392503,0.007172299784651282,-0.03941725298454049,-8.068310579143964e-05,0.048695034576963836,0.003550860443525153,0.05439890281404387,0.03275006478292997,0.05437941890167086,0.04294944986250736,0.0016236841201176997,0.04390903632190947,0.003452592518233552,0.020379501959095166,0.01764437467927857,0.08965321182017269,0.016081967996563234,0.0877308364086817,0.06864449125286128,0.1030770564533258,0.062461989047780185,0.09730039226277663,0.0867497016633503,0.052522120223220656,0.0821579060254223,0.045444814589640184,0.02996000796893672,0.025817154694191075,0.10063683697478851,0.023639887386635382,0.09544670872849755,0.09469020621201783,0.13117338170775522,0.08602572580991501,0.1216937716725613,0.11050927379185488,0.07507829137074021,0.10503541125043757,0.06677314103509994,0.024663301747482297,0.02985159267613292,0.08883293026906464,0.017256132464198035,0.08163263039152084,0.09135969837449352,0.12321132331509592,0.08194718815864842,0.1122040231411587,0.1102359769821202,0.07734432053504856,0.10503074556110585,0.06936195820369571,0.028020149090705312,0.03959872734841288,0.08026674618098645,0.018057285944329676,0.06845692408539918,0.08980191635216611,0.11374879725318968,0.0793428834529412,0.10070364322921459,0.10287604560509893,0.07401337232413693,0.09919629657208257,0.06868157034812397,0.023199311866771752,0.06316156908404118,0.08496648743561128,0.0064728911010061944,0.06354981240874624,0.07792497386270918,0.10582975873206368,0.0634312333642713,0.08675640029821988,0.090301233325944,0.056219755708403714,0.08871702127389865,0.053557294633600275,-1.2617575917659474,-1.4686223219820365,0.20328840774548823,0.0,2.1879643726467985e+296,20.56279159753884
Qwen,Qwen Small,race,StudentTSkewed,hc_values_per_expert_hat_1_new.parquet,15.636451486448296,23.0,19.49685024295521,26.0,0.00949029546635549,0.0,0.004837465808364782,0.01214959860813359,0.053492724647380474,0.047692706590842134,0.020229631498471172,0.06012543500894395,0.06303658703200823,0.01223028171392503,0.011376434058043571,-0.05819912122364345,-8.068310579143964e-05,0.0421162905893369,0.0026339293341555137,0.051851019600771375,0.044044177857290194,0.05604592518482205,0.06083786372731443,0.0077297248380370715,0.061568204389105596,0.009074488707436178,0.00816065197291366,0.01764437467927857,0.09108284069448028,0.005096002645857266,0.0887912360616996,0.07385372971690618,0.10856418842640045,0.06948765890151715,0.1038363001622073,0.11145525236509543,0.05971903678385942,0.10824744718931452,0.054861238848255243,0.003909280007331346,0.025817154694191075,0.09957043269396175,-0.00044346193789834365,0.0951325260611887,0.07946574147410827,0.1328663086466558,0.07342791756744341,0.1255250018681814,0.12075293291493853,0.07916746418449619,0.1168625506434778,0.07325466443187334,-0.006743929033462613,0.02985159267613292,0.08587616882106058,-0.011385711227169143,0.08030498201045885,0.06787973471347962,0.12421099497218359,0.06178712894019212,0.11604909864249018,0.11407978073468122,0.08269185624513181,0.11050448358507879,0.0770333737115589,-0.004276896423637388,0.03959872734841288,0.07926822311191076,-0.009991451181785632,0.0711973433520865,0.06327990246538766,0.11734714017601056,0.056957801159613325,0.10810870200723872,0.10269550689870147,0.08080272025745079,0.10005275410700681,0.07661372911526966,-0.014629798636807665,0.06316156908404118,0.0782900779865771,-0.024353480752079965,0.06373225552382443,0.04587525302233933,0.10562939791624038,0.03713248209011835,0.092386308322808,0.0883056696827964,0.06420823946225639,0.08681065952781228,0.06191733873372407,-2.2095924979135924,-1.9504128480298555,0.16597477563861154,0.0,2.1879643726467985e+296,20.56279159753884
Qwen,Qwen Small,race,KDE,hc_values_per_expert_standard_1_new.parquet,12.276139336864464,6.0,15.275555879698425,21.0,0.004512676518584022,0.0,0.005569530737170429,-0.0025315747225450047,0.05242554662441875,0.05433342727243199,-0.0003879483974352405,0.06250067021852744,0.07172974075742775,0.00306789953927554,0.016395225387126768,-0.06616021002025732,-0.0055994742618205445,0.03603032123729198,0.01792776935503998,0.06869339034499504,0.0402865367576479,0.048732795978157904,0.03338352316192917,-0.027290539015542858,0.04168131143549093,-0.008357097061467443,0.01211612218237149,-0.0033528198098932557,0.08600303213170732,0.01408319598495056,0.10286792043646613,0.08554265486084826,0.10709921507338477,0.0600962294557725,0.08622168293913889,0.12558838766145963,0.06398273041970445,0.08108339995141052,0.006981193760104629,0.007833500264028197,-0.004842354077159515,0.08810760774124854,-0.007681316546119598,0.10026208650868848,0.09653218927799254,0.12151287216779375,0.027844731196089094,0.0798467374005534,0.1426171492363003,0.0763002115832151,0.054539031135101224,-0.006383394557799777,-0.007191117976841004,-0.0061862577933436596,0.07487037414742038,-0.024489229793785813,0.08973348061994131,0.08416844729938514,0.11087302256647419,0.006435419803694336,0.06728423065212652,0.13995175412386796,0.07610235767067752,0.04178408069236044,-0.011246340932068498,-0.0050323537975379,0.017483057739994236,0.06876137281855216,-0.025901554771201787,0.07973952811003789,0.0833306891113517,0.10337841442327365,0.002461068762524199,0.056518722508351014,0.1344814387742897,0.0725306781177686,0.03666863923998967,-0.013860019499813784,-0.0115115428250521,0.027586124513262276,0.07047714074575005,-0.03444385404872567,0.08665651875858352,0.06950556420691564,0.09723253233648782,0.008787862378981881,0.06349108233824735,0.12055525384875677,0.061078731734879425,0.05651102576930619,-0.01094088338031568,-1.3686159947700753,-1.5933783433374145,0.1719038730004749,0.0,3700707.0583751355,17.69927737675788
Qwen,Qwen Small,race,KDE,hc_values_per_expert_hat_1_new.parquet,16.52740881202651,23.0,19.41987036311092,25.0,0.004512676518584022,0.0,0.011985871477582299,-0.0025315747225450047,0.053318626466765016,0.07033141399409487,-0.0003879483974352405,0.06468476267242149,0.085987445626831,0.00306789953927554,0.01831715837739372,-0.0740015741492487,-0.0055994742618205445,0.035001468089371296,0.023578123164490622,0.07050264346208958,0.06258799747699308,0.05146240961076467,0.058016605696027894,-0.025884586843106457,0.06260568175924858,-0.00663372057329108,0.012002146699228843,-0.0033528198098932557,0.09072194773646387,0.011839156138917086,0.10985128056694825,0.09917447336781901,0.11447498149551733,0.0782184985326124,0.09553909703546322,0.14829373715365185,0.06997419621010309,0.11412101870698169,0.01320288905386426,-0.003672439960334129,-0.004842354077159515,0.09111317094755642,-0.021906605242607357,0.10507022827685146,0.09523387320597627,0.12735584464047867,0.03417209775141132,0.08678447865413605,0.15573868186905349,0.08159320627616734,0.08354414079549795,-0.0017421726138685599,-0.02319081257155539,-0.0061862577933436596,0.07692641688140096,-0.043687927447267176,0.09390293572821784,0.07627525466041801,0.11729428018132917,0.006107281670883079,0.07462220032784711,0.14822811979651446,0.08343632898978788,0.06615252820466884,-0.00519369450670966,-0.023151285257161223,0.017483057739994236,0.07329711797369937,-0.04811634147232329,0.08727378586452672,0.07083192300520749,0.11345023946465313,-0.004763772674108659,0.0681732492759943,0.13804084784825918,0.08231725529735252,0.05369451628520843,-0.005414046403641073,-0.035050100818894925,0.027586124513262276,0.06871592182283301,-0.06429521030345982,0.08434602398011404,0.048788364645450444,0.10003262954264856,-0.015787699600531266,0.06718139373091452,0.11812914735918735,0.06754738595646116,0.0561340960031432,-0.0023962468653382896,-2.200529921343961,-2.049619108850381,0.14427563705976337,0.0,3700707.0583751355,17.69927737675788
Qwen,Qwen Small,race,JohnsonSU,hc_values_per_expert_standard_1_new.parquet,12.693794386048081,9.0,15.384425340274042,19.0,0.0005743406478197847,0.0,0.008848545665981342,0.005472169069612344,0.05678020626076978,0.05652949066009497,0.002425590864615931,0.06595766440215102,0.07024129070282584,-0.004302604845598936,0.015211716613248171,-0.0613927450368445,0.00977477391521128,0.041568489647521606,0.022484809742538442,0.0747606057404339,0.04954073206157292,0.05602613801774298,0.04041564982890407,-0.025288018500467215,0.03382345707663682,-0.010453001387025769,0.017931848577600436,0.0053848767689485336,0.0915764941763093,0.01808906260966366,0.10740878441405437,0.08748724142253406,0.11120939785037462,0.06839375267471114,0.09421011386973206,0.12114941779601794,0.06344591553249157,0.08948348000963534,0.014254630799506783,0.01605217866973522,0.01478108606481103,0.09581036384561711,-0.011291252132272845,0.10067024702457537,0.10030763436513983,0.1295744764020994,0.02445882332799307,0.08350848202115801,0.13775708361169753,0.07891198719915524,0.0538893104850051,-0.0011717347172246677,0.0018291298847429773,0.021239755012928165,0.0828051503844574,-0.02971220951144432,0.08842448771440516,0.08793829332508762,0.11986579282895035,0.0008196300631468243,0.07015633279334765,0.13422939634313014,0.07988490987395579,0.039755130724273176,-0.0051522055596396315,0.0013601378701248604,0.03026686187436159,0.07233825534826249,-0.03542942497349428,0.0731744607673174,0.08453330246609062,0.10897412361955064,-0.004178870321408018,0.05607801190403395,0.12829354563819523,0.07663903642406059,0.03845878951431207,-0.006250764359941789,-0.007740060978886977,0.05125811786738989,0.07185968769520315,-0.05689795329988137,0.07208906680773915,0.06630756193231019,0.09959144529463775,-0.011516908113124044,0.05637019838194362,0.11098076923616965,0.06296712973520785,0.053379033996069615,-0.0036958212025060876,-1.2968240499102277,-1.5381604273020093,0.1714330469329161,0.0,130.071516168836,17.640356165055312
Qwen,Qwen Small,race,JohnsonSU,hc_values_per_expert_hat_1_new.parquet,16.390670155254305,22.0,18.874283213755003,25.0,0.0005743406478197847,0.0,0.012024870870746562,0.005472169069612344,0.05635539451909883,0.06884427330592369,0.002425590864615931,0.06729150723791205,0.08374910722754314,-0.004302604845598936,0.017779406892505394,-0.07172423635679658,0.00977477391521128,0.038575987626593436,0.022750113605124602,0.0741935669563631,0.06415480657278255,0.05770809326396213,0.06150144791744118,-0.022001251006442627,0.055103202999553305,-0.007771912094046975,0.014744100114278576,0.0053848767689485336,0.09531899565167179,0.011353828700468267,0.11237687169474107,0.09700295547725615,0.11822123817618305,0.07870686877950411,0.10307270232871181,0.14109090388203588,0.07012069141434804,0.11548113906198183,0.02238257192971601,0.003055015794907961,0.01478108606481103,0.09771661133298656,-0.02508813926235099,0.10313200378384006,0.09634765427990619,0.13437272378017526,0.028468832570923194,0.08959681098828673,0.14862854748573187,0.08399987918408873,0.07861209550392102,0.00523024191421557,-0.014918593631900748,0.021239755012928165,0.08396433520620836,-0.04652725527316391,0.09005109470600797,0.07811969120172976,0.12546221916388905,0.0003045966638896675,0.0772142437125657,0.14047548697618417,0.08708893428383384,0.060727905071010876,0.0037430386669590307,-0.015656720654028136,0.03026686187436159,0.07587586233107899,-0.05109798752141428,0.07786728779930532,0.07178523065283608,0.11787317664467373,-0.008173110384168625,0.06750346684585569,0.13008389229304268,0.08587698531044666,0.05215695666718094,0.0054235605632675715,-0.028210966739611765,0.05125811786738989,0.0705626734920402,-0.07289111405963203,0.06932397521509022,0.04916355292022105,0.10362369291068643,-0.022651794696368292,0.06278470956067761,0.11020575352233283,0.07074264666171849,0.05629704585827107,0.009571103088132705,-2.034665114149317,-1.9612596839739012,0.143801656716318,0.0,130.071516168836,17.640356165055312
Qwen,Qwen Small,mmlu,GMM,hc_values_per_expert_standard_1_new.parquet,7.206837745655352,3.0,9.696686698067241,4.0,0.23720968003898002,0.0,0.016002283778975383,-0.006883864262837325,0.031380634668797085,0.03134127042669547,-0.008122153061707996,0.043804855759617164,0.02636491231588445,-0.002815329574150865,0.023617615145901702,-0.010362628536909068,-0.00406853468868646,0.007763019522895383,0.00892778149995113,0.0360844065848475,0.018004584103983562,0.03999451597661432,0.01553009361494568,0.010638478038403254,0.02348549911446711,0.020484856074736605,0.007298895928879406,0.016373194491189416,0.027305573267482695,0.013672188597985996,0.058255555213319474,0.04243475823045489,0.047894764867751516,0.05736062760026341,0.06571469069044707,0.06096335739067357,0.04456034308184656,0.07758652675677173,0.03469558703023627,0.012633750842929795,0.0054586444036951775,0.02666852307364597,0.0014115820528928548,0.03477461544869993,0.08011195946081379,0.07264241883303754,0.053453147995468284,0.034161407792030286,0.10650977236180119,0.07787928841124261,0.07979194962470651,0.009221801568599716,0.010167300045474292,0.009224041920136207,0.02413503060650038,-0.019632425502007715,0.01536196062360691,0.0701076326539084,0.051431672161865866,0.05494776846640935,0.008213135892000654,0.08996517051942236,0.04668583973529394,0.102510601998722,-0.005894113000907826,0.00042802542815802494,0.008852891266953421,0.019598385733786673,-0.039718647516319296,0.011551128677811304,0.03954214743185567,0.0076742906712497245,0.05512275217451339,-0.03083676627929366,0.05477526801647112,-0.011543108540663375,0.12214906713795766,-0.05621212675208741,-0.03215714815436792,-0.02213326234760907,0.0127028228186657,-0.08736838794237543,0.018417801749254954,-0.04084161530352346,-0.0699062270876297,0.00463933027735764,-0.06101690264968447,-0.018703583553528656,-0.10694794360453844,0.10303497345872065,-0.10160014381353406,0.5323062313353502,0.22407578721213917,0.9391109351755313,0.0,8.120838070488874e+295,101.95208094425188
Qwen,Qwen Small,mmlu,GMM,hc_values_per_expert_hat_1_new.parquet,9.95582264089654,5.0,13.315332142277082,10.0,0.23720968003898002,0.0,-0.00598877435375768,-0.006883864262837325,0.0019521526846234564,0.007363479897140475,-0.008122153061707996,0.006244152502683313,0.020503259021874443,-0.002815329574150865,0.007066931255311186,-0.02649203337563212,-0.00406853468868646,-0.005114778570687729,-0.01901801390197803,-0.012448697281947956,-0.01200239355504912,-0.02028198174838267,0.008829113892042424,-0.013983502037994498,0.017269627705447137,0.0028454126704212427,-0.009562476579968688,0.016373194491189416,0.007881493593758577,-0.01548789550205842,0.011613526689928788,0.03087758372451689,0.026025787175341864,0.022397822869479073,0.015062173832042204,0.06327364719275952,0.03305969781070775,0.05679346478123622,0.010164946508430568,-0.006628784626139427,0.0054586444036951775,0.01550560725532539,-0.021594682189639815,0.00823295741778167,0.061892459057264836,0.06085080182773504,0.024436251589436728,0.013473849482697454,0.10243263395832375,0.07363798988117838,0.06390407867667525,0.010398719177650841,-0.015521424056495925,0.009224041920136207,0.012139035499898834,-0.038718881468382,-0.007139016104534804,0.060163600805590425,0.041881858730320264,0.03354529258234751,-0.0027513522900455023,0.10528573662043067,0.04672027278582987,0.09358214657356442,0.004285399333764974,-0.030345110715255405,0.008852891266953421,0.0024512616806739865,-0.05557198730787893,-0.02000430582390476,0.051753167040854114,-0.00522542642023701,0.05125517412394213,-0.039377489826045595,0.1068058783778675,-0.010087914408574355,0.13475623201254527,-0.032295259787037824,-0.07462747229431523,-0.02213326234760907,-0.017440722423129794,-0.11540338046882383,-0.041158433041204985,-0.02031901721176159,-0.10693741707122285,0.021195385648728426,-0.1281463880830474,0.05554620679835447,-0.12281523844872952,0.1561437327959055,-0.12486341029077104,-0.41701287842305657,0.21434468705213922,0.5466401497830559,0.0,8.120838070488874e+295,101.95208094425188
Qwen,Qwen Small,mmlu,GLM,hc_values_per_expert_standard_1_new.parquet,11.898976774403119,4.0,15.052541822316064,23.0,0.0,0.0,-0.04180152139017855,-0.03202506879965378,0.008079137059983733,-0.04454961188665733,-0.041630895936592194,0.022066784120453695,-0.009506280031368027,-0.01921366456468047,0.02324208922003849,-0.032295241358810525,-0.012811404234973307,-0.015162952160054758,-0.025203616780596873,0.018516246659186487,-0.018034590172344985,0.0352204144164259,0.008311195321736863,0.0288173636225017,0.01601041734889639,0.028187244167203758,-0.0486627287239015,-0.04332557174985245,0.018375544402901803,-0.01541572737006877,0.03420249717343138,-0.042606642783786175,0.023098323341068795,0.0030517286105356768,0.04008639555095236,-0.008647950374026932,0.01486901890528463,0.02463354384699975,0.022835737259340103,-0.033435022299512736,-0.03925346821706496,0.009014034038442982,-0.04464441637184682,0.014074664141126243,-0.0017700776876421595,0.01529766081857158,-0.06649469276867116,0.004550676871278989,0.03840221404967689,0.012223691448799994,-0.04647442468978726,-0.010395955656647015,-0.025982175755706497,-0.025236620638632714,0.020776833861877137,-0.03267782428412902,0.026609743090554805,0.0015069437423502682,0.011014263500458994,-0.0654394659736959,-0.0017958836479363782,0.03227811946835017,-0.008078740397453333,-0.0571878653415326,-0.0334955266946671,-0.03371157980935619,-0.03059147764162304,0.022220358838707658,-0.016429420145584534,0.03655053582611172,-0.02554661117838343,-0.01135052249733042,-0.06636284361138241,-0.014662612029912921,0.0026016743484256807,-0.04111013917825791,-0.07414672217003179,-0.0620556987166443,-0.048813434097876356,-0.0024766450942538282,0.06948578728445201,0.007695582059357086,0.08707745380286452,-0.07141143659897162,0.019825867488062456,-0.04512888135617649,0.0350398151844843,-0.04090316811330382,-0.05051416800019754,-0.06837426665416337,-0.04966210759489402,-2.2222926321599057,-2.3892824223596714,0.023357499688773424,0.0,23.442209062189175,12.93134713369255
Qwen,Qwen Small,mmlu,GLM,hc_values_per_expert_hat_1_new.parquet,18.380867305505927,26.0,20.92471983108657,26.0,0.0,0.0,-0.011551204906918215,-0.03202506879965378,0.008537911629554003,-0.015566624745554215,-0.041630895936592194,0.0193321872398199,-0.007806155371904379,-0.01921366456468047,0.01821886904750977,-0.0037450495350138356,-0.012811404234973307,-0.009680957417955766,0.020972314042628913,0.020154689744218274,0.022885828338199785,0.03385154158877617,0.005607894414470114,0.024237672550895085,0.009033773956758836,0.023668994810037165,-0.02306395429361498,-0.04332557174985245,0.021949671291124292,0.01859232374562652,0.03977311119491196,-0.016735908355700616,0.024402127691716638,0.03152165395822909,0.04339655818538106,0.0016250612703049084,0.01248228281440745,0.028505725420712707,0.02123202114638862,-0.025730191927279572,-0.03925346821706496,0.01260212640266432,-0.023332774651362787,0.018439834868679783,-0.011930262972551998,0.01850333728289972,-0.05611623153489671,0.007007633176833465,0.013453741769225648,0.01269656838769952,-0.05689286422664488,-0.012024495829529734,-0.03800330336022262,-0.025236620638632714,0.028557124888822186,-0.04430188704587608,0.03553189741946891,-0.033558019312370416,0.01839134263631747,-0.09404079735848941,0.005234150900503557,-0.004686007365298466,-0.0063838378349608165,-0.08526810814053588,-0.033633089685184865,-0.058316538118859604,-0.03059147764162304,0.03016215827831011,-0.05554590889015979,0.04615043195674393,-0.0744926505970315,-0.004731498242356573,-0.1221325103691309,-0.007654670328181781,-0.03784539840011031,-0.04088349536791784,-0.10768830137060138,-0.06316586414621461,-0.08304082897008674,-0.0024766450942538282,0.0664678465886089,-0.0583686604894461,0.0838529274238239,-0.1519149080025198,0.01566537388495106,-0.16938503062907898,0.03065553940231494,-0.11002262132994317,-0.05270472650998065,-0.160286909653105,-0.05191854440739867,-3.34515049819177,-3.3484030105320928,0.018583240590019413,0.0,23.442209062189175,12.93134713369255
Qwen,Qwen Small,mmlu,StudentT,hc_values_per_expert_standard_1_new.parquet,10.98903686860484,5.0,13.6245736560013,9.0,0.002030209517622219,0.0,-0.022708646538060085,0.01425464911101677,0.016927107250956145,-0.014035254405460013,0.014663550013244053,0.03507638711462055,0.011006859767519441,0.002401497239370668,0.030948748558463475,-0.033715506305579526,0.011853151871646102,-0.01402164130750733,-0.02650176632181029,0.025409965035027446,-0.012518492649122376,0.04484118101821207,0.018985494482880665,0.03402943939314034,0.007799872343114557,0.029969397263329423,-0.028579198516969516,0.02421500171226712,0.036464141827219604,-0.013423926932183127,0.05551608225097541,-0.005452700504759913,0.058771780785230834,0.022121019428859332,0.0767340670701027,0.0273162764929939,0.05091934382409008,0.053677918070258394,0.056429442507426104,-0.022519035732362164,0.020162113330104443,0.02754675928120702,-0.049224760027143134,0.03215448844612316,0.03171541780419211,0.052803937459356645,-0.04722903843894564,0.02542554641597508,0.07599461548913382,0.04657861313072792,-0.011356920350951491,-0.0008658853453154014,-0.02604675096081068,0.02780349800393097,0.032964619440752504,-0.03903698555767589,0.04530488715718202,0.028836773437035765,0.03900909154426763,-0.0467874697111052,0.010581482647571512,0.07201404381038964,0.01843216899324443,-0.022680022862668667,-0.03729336498982385,-0.0358077760418848,-0.022235891051373427,0.02881859930366726,-0.020438737240573136,0.05586683906718052,0.005790245043326781,9.380883293985199e-05,-0.04036947404388362,-0.018025662171397817,0.0487778351475946,-0.0326133639406089,-0.03326853962809517,-0.08885266187165405,-0.08483234031363165,-0.02976656229694107,0.024184487578127,-0.06850049528676266,0.07923614648076589,-0.07118355273402235,-0.03968725577257634,-0.06155708356844897,-0.011621402539216825,-0.0007587214387404506,-0.07949078930301749,-0.006073739502729455,-0.10290614715808408,-1.3036362725911594,-1.7099404369788516,0.12344904283806188,0.0,1067.8753455325373,19.065713115051405
Qwen,Qwen Small,mmlu,StudentT,hc_values_per_expert_hat_1_new.parquet,14.891992853662497,16.0,17.53735585512425,25.0,0.002030209517622219,0.0,-0.029662437984797986,0.01425464911101677,0.015698493115472993,-0.027110004154302522,0.014663550013244053,0.02930111823458745,0.0004162595555849886,0.002401497239370668,0.023565628326176806,-0.030078697540382976,0.011853151871646102,-0.007867135210703813,-0.03439999135931105,0.025056592772819696,-0.03312107600170341,0.03956238522016764,-0.002192519965220617,0.026151641885765305,-0.008139584119584807,0.022203671535584675,-0.04342239366689046,0.02421500171226712,0.04535826273147581,-0.03919569882551962,0.07032600772298819,-0.022752690423476225,0.06804615599362022,-0.01458108907631313,0.09235346016025676,0.017553725059558968,0.05496167476544403,0.025693812914662224,0.06345435854442215,-0.0489598501501577,0.020162113330104443,0.03910510163647886,-0.0822693601534774,0.04840367429383607,-0.004650127275990953,0.06905335884331618,-0.08888649282393318,0.04170409397051127,0.05309814382672284,0.057124687677478414,-0.03417840602666496,0.0039338643611454074,-0.06085111320924266,0.02780349800393097,0.04611076721848599,-0.09068238903888517,0.06602416961125697,-0.00908822584599318,0.05959926732774897,-0.09277058566721497,0.03210796321715476,0.05728580977662699,0.03308749676519943,-0.029525754923276318,-0.030066958092834706,-0.07646428903992034,-0.022235891051373427,0.03917692300600488,-0.09083432783066661,0.07659876126452805,-0.030229586087392638,0.013817571751305477,-0.09025434720598406,-0.003979743764133786,0.04463381961110087,-0.025203306809231725,-0.02298553237693064,-0.0927850814639495,-0.11653148068125738,-0.02976656229694107,0.02532443494462476,-0.11672930565150867,0.08072242128172023,-0.10582401912629644,-0.041590440292015675,-0.11494163278973973,-0.014039013455895531,-0.011728340918540456,-0.0832808231917433,-0.023681543309735625,-0.1077558892543286,-2.008631801718331,-2.1979426879366954,0.10393264150716652,0.0,1067.8753455325373,19.065713115051405
Qwen,Qwen Small,mmlu,StudentTSkewed,hc_values_per_expert_standard_1_new.parquet,10.227870716257918,3.0,13.774078284879,13.0,0.02135780412538574,0.0,-0.0003440120653053938,-0.0032672379873879957,0.01375788363731408,0.010902742498987868,0.012470791745031084,0.025737709184123672,0.01784753459533196,0.024632543040338056,0.020745912535144823,-0.018191546660637353,-0.027899781027726053,-0.006988028897830742,0.0007869611989154734,0.02113831287646288,0.0056475605666585485,0.0200716684582341,0.007830670338583205,0.0008964005507207015,0.010710833672227013,0.008040444937563172,-0.009815167918984428,0.006803129532975841,0.025317277882563743,-0.013240612120002266,0.033775307079789665,0.011016873215218,0.04436378650689778,0.004351811936612145,0.04975926783734746,0.030718293209027372,0.04124368950145661,0.024045237376031387,0.03941755816680953,-0.002722476144117426,0.01556509708495757,0.018708526917194504,-0.00976163946847942,0.016191155154744338,0.03606746725189966,0.04401508511286546,0.028936026834168856,0.045712513466320465,0.05829021334577903,0.04405407935024555,0.05607805748504656,0.049727958266428535,-0.006306978604721325,0.034505313863765714,0.02836134375961502,-0.02348212389077824,0.017868581039863798,0.023757487106957367,0.03592401075312297,0.020705272041331813,0.05112838842492539,0.04178136424400304,0.019286370209422577,0.057236606753794335,0.053505235658976906,-0.007995471608845797,0.03308420921037518,0.03218423967547633,-0.03367435650960687,0.015555053186460268,-0.0029768168850568613,0.0050964863384951615,0.001721727004294275,0.024072740963322962,0.0049244583930216695,-0.02944606939136736,0.04068763227466587,0.015988483923202457,-0.036618362896926396,0.06492419934438085,0.06738878152470847,-0.05874568124921792,0.04174647037025182,-0.06866861695670237,-0.004884524187224241,-0.07672789398492126,-0.013855971172258615,-0.0507476330728361,-0.08103174201494164,-0.03714581715281274,-0.0645795190577465,-1.3149348215615762,-1.463353432780571,0.1891225216294373,0.0,2.923501705375994e+297,21.222111311896796
Qwen,Qwen Small,mmlu,StudentTSkewed,hc_values_per_expert_hat_1_new.parquet,15.303394510313465,22.0,19.51315575767419,26.0,0.02135780412538574,0.0,-0.00014459971521436953,-0.0032672379873879957,0.00949426562214015,0.007613580924261553,0.012470791745031084,0.014736643582995769,0.012322886185315832,0.024632543040338056,0.009505152843428764,-0.012467485900530201,-0.027899781027726053,-1.0887221288613524e-05,0.0003082301605740568,0.011828307903943153,0.005340450692996133,0.00886999145645138,0.008045011979154491,-0.003255918284387044,0.009106978808615239,0.00031245980271698507,-0.023353906697379943,0.006803129532975841,0.031285155525753464,-0.024522900440487896,0.03360590089168166,-0.0018309704186578106,0.05215400331189268,-0.004633048051648862,0.0510267902816459,0.0266668603187332,0.04655032982776566,0.023520789357962934,0.04173141234921962,-0.03881854498856438,0.01556509708495757,0.019258399364603156,-0.04161423985448431,0.015411944956893261,-0.006833287275039143,0.05424713782456553,-0.01102172531107783,0.05055132943994813,0.03730660817397207,0.05896526463076311,0.034369709354634875,0.05805673046830829,-0.06012937641887986,0.034505313863765714,0.03344057834065016,-0.06639066415243668,0.024910236076976008,-0.027481718068402387,0.054797030630790125,-0.03068651158568494,0.06044647512489239,0.029757235861150592,0.040792445442175945,0.03234297453139435,0.05887369091963974,-0.07154273249500509,0.03308420921037518,0.03512336362484769,-0.08072178918005686,0.021943840746700537,-0.05060291214616716,0.01917210719645869,-0.05045967659204342,0.03165926750695501,0.010569344365462101,-0.013114384191988931,0.02118239664606977,0.019337345918743802,-0.10976026461687824,0.06492419934438085,0.04239400536190882,-0.12110252297211747,0.022300015887382632,-0.12635722235086,-0.022589323288058127,-0.13012109335781422,-0.029249847010416843,-0.04650434629651984,-0.07691180084506866,-0.03925475960162131,-0.06356459137950715,-2.321226557437408,-1.957080001861986,0.1471984598043269,0.0,2.923501705375994e+297,21.222111311896796
Qwen,Qwen Small,mmlu,KDE,hc_values_per_expert_standard_1_new.parquet,11.894997563748579,5.0,14.71845054409615,17.0,0.00040604190352444374,0.0,-0.007420897597209731,-0.01149665296973815,0.009618765693206306,0.009720424648795144,-0.01267637625209259,0.027038235981440114,0.02635446312979957,-0.0032888171331337526,0.02889009419235734,-0.0337753607270093,-0.008207835836604397,-0.019271328499151034,-0.020351358176068948,0.009281905182581478,-0.0036465869850924562,0.023542611495713007,0.02407532290911182,0.02382421007832481,0.0183395849536766,0.024033958415213216,-0.00233039757145646,-0.02215991505259071,0.023755755285716648,0.016216249525525167,0.03366001805958282,0.03459724146043352,0.04536943695687809,0.04372297919930049,0.04362615427235191,0.06023442432144622,0.04489410199127218,0.051790650333014734,0.029432098841274464,-0.00909761741410161,-0.02289941634175063,0.01412183009648861,-0.01534220724491016,0.017117218261032838,0.041472603405899894,0.035453515717341226,-0.02001616561610012,0.006329583326999938,0.0743605688438718,0.036649747305991257,-0.011628661423662215,-0.011466076394128052,-0.00465594007266039,-0.009658883902972346,0.023730124139261052,-0.014225538819008636,0.02603145206710075,0.03145574433058861,0.024057461057181123,-0.02809767384894287,-0.004870418693838681,0.05104095077809987,0.007429238804391246,-0.024308566754923884,-0.03730813784960142,-0.008405402320209171,-0.019015303779044236,0.02558032475283674,-0.012676914427315562,0.0324605390128133,0.003048419650300508,-0.004486312465669017,-0.030964193002138655,-0.020323825589620467,0.013810721805013394,-0.03533483714627403,-0.028875293189043846,-0.06531488226024049,-0.03307802386880931,-0.03689388287369081,0.06416411990858295,-0.026660024790302064,0.10477026039457493,-0.06548892307392662,-0.012538149060306876,-0.0152382688820697,0.039148574795320676,-0.050438280152847924,-0.08763559119913518,0.009291017171659739,-0.06405884688399963,-1.4689515703156708,-1.6131359048987806,0.14868930990384144,0.0,72.40215726253136,19.00534454241846
Qwen,Qwen Small,mmlu,KDE,hc_values_per_expert_hat_1_new.parquet,16.35910345947702,22.0,19.44802663634887,25.0,0.00040604190352444374,0.0,0.0009351972956621933,-0.01149665296973815,0.00945884621602098,0.009160269154619267,-0.01267637625209259,0.01650030816613804,0.013198197409942262,-0.0032888171331337526,0.012362537773402078,-0.01226300011428007,-0.008207835836604397,-0.002903691557381098,-0.0025627898186594195,0.009352658951783756,-0.002354077224778776,0.010841711503764674,1.7487646665000763e-05,0.00351650685779625,0.0001726671948618096,0.005437348692624748,-0.0020073297784996497,-0.02215991505259071,0.033204408768443376,0.012410178105841798,0.05003728362420856,0.024649324511251014,0.054830722681942654,0.021236118983500914,0.05717965188456995,0.04335618384405063,0.048540671434047666,0.019384803084792384,0.031042369368159982,-0.01808432965408618,-0.02289941634175063,0.018698750554825786,-0.027686077068271583,0.02511109338054009,0.011827216918895614,0.04842690211120099,-0.05858347108365983,0.013880383599705596,0.040246549609102775,0.050786879692413356,-0.055291952080444434,-0.009803209713796513,-0.032509199112110664,-0.009658883902972346,0.03307478724806866,-0.05837268323938594,0.04100228544300372,-0.010389949810233072,0.04498115089106805,-0.08883431826477453,0.013400981722415647,0.022572576673054456,0.026971249929444448,-0.061296519827273764,-0.028143747327946403,-0.04865572555076135,-0.019015303779044236,0.032038501169553216,-0.07980834714582155,0.04585558478587127,-0.04212170795060519,0.010109970828559928,-0.1020422015720951,-0.00658019057569916,-0.003582692511718397,-0.022273948855083214,-0.05192191744837123,-0.06132983709042865,-0.07867032826617336,-0.03689388287369081,0.04737142518268015,-0.10362796063968063,0.08448183624187894,-0.1386934641723627,-0.025365380356324324,-0.14989840897354872,0.02383304330444278,-0.09728725864295705,-0.08610652322396686,-0.0843323259396636,-0.061929008303779766,-2.327454514868366,-2.1441720632988144,0.11898121022030615,0.0,72.40215726253136,19.00534454241846
Qwen,Qwen Small,mmlu,JohnsonSU,hc_values_per_expert_standard_1_new.parquet,12.048075361377293,8.0,14.740295598505766,14.0,0.004791294461588436,0.0,-0.006558226594572097,0.008238727595666403,0.010060022289594694,0.011910600989989053,0.026351654433585864,0.027474292105575025,0.028572048940482538,0.029823622666554295,0.028936026967227534,-0.035130275535054635,-0.021584895070887893,-0.01887600467763284,-0.022247707765336265,0.008762626503005003,-0.010098880393925657,0.019565914828046656,0.016598899292595306,0.018260077305474416,0.003766411686804361,0.016275009892897624,-0.0034135666306088085,-0.003680514369413192,0.023336901039551418,0.009603166794271532,0.039099091552510824,0.0321064095360193,0.04413507192960209,0.0372317698884939,0.0441808158042344,0.05748859514792913,0.043383411875480206,0.049449782622291306,0.023424848692173462,-0.009459877544169663,-0.008253063426374703,0.016159996783383646,-0.031118810227586335,0.017638426008321828,0.04122251400289389,0.038673027760904186,-0.03480728879952963,-0.008369877899481138,0.07442488672294773,0.03904888563644056,-0.014726046522769216,-0.03454807803084227,-0.004675567035796498,-0.006400832514148629,0.026767201493622158,-0.03617085017369797,0.02730143071692838,0.032864564347228814,0.0282748471982446,-0.037051949841628566,-0.016654167996253025,0.05310816586331743,0.010032134196089839,-0.011829681210234654,-0.05586544647374419,-0.011251917012374789,-0.012371242835545682,0.030434556466869423,-0.051412533407479775,0.037340113335468286,0.002216556611067742,-0.00041473164705044404,-0.043878015893002956,-0.026406353097073787,0.015882448998885315,-0.03516016177827895,-0.0028947793874884585,-0.07933452916166228,-0.04027747086159777,-0.02984819694432702,0.06724307314256003,-0.07143640887020246,0.10975228815216387,-0.0699096884547559,-0.010099137177804841,-0.05389605383840287,0.041255034664368896,-0.048349416215493456,-0.08780016253626965,0.0074995570902092554,-0.066756837236404,-1.3799628147322418,-1.557598694505741,0.14447237643170044,0.0,100.01113672143074,19.345994845337785
Qwen,Qwen Small,mmlu,JohnsonSU,hc_values_per_expert_hat_1_new.parquet,16.103946727302258,21.0,18.716095501055708,25.0,0.004791294461588436,0.0,3.5552484910548673e-05,0.008238727595666403,0.010244189261544781,0.009717181639136948,0.026351654433585864,0.01892789737310246,0.015404574447142246,0.029823622666554295,0.015071270951230122,-0.015369021962231697,-0.021584895070887893,-0.0048270816896853405,-0.005864799548851027,0.008986705150484704,-0.007555334211470591,0.00863544688850263,-0.003408282245980377,0.0005429287518735793,-0.01081036829218493,0.0004839565076195216,-0.004892650375677632,-0.003680514369413192,0.031380711790880714,0.0026105106671057677,0.05089127992417166,0.020519826351084028,0.05262853750143272,0.012093765869948217,0.0561819743288214,0.04018945657341075,0.04721434295024935,0.01670997889730283,0.028297217469326362,-0.019328497898746536,-0.008253063426374703,0.020580145853030286,-0.033603681234443405,0.024307631411468918,0.011630571937063103,0.050549435781388215,-0.050749340732557685,0.00692017693761996,0.04147633321820131,0.051707630674936694,-0.035995597871601205,-0.019438518888979406,-0.031742639912627484,-0.006400832514148629,0.03574593583522444,-0.05802501393167861,0.04143941686179434,-0.006549833440426851,0.04835650846721007,-0.06533914722498584,0.012558601636311043,0.027257575903557135,0.028775990898188886,-0.027545563651384355,-0.029851369926030737,-0.051230947643697,-0.012371242835545682,0.03801517720258903,-0.08397231570168107,0.05062030124559738,-0.041373724653426744,0.013621468644087685,-0.08173045988091661,-0.004458974649354803,0.0003886779824503594,-0.02415736136619752,-0.01879269292413719,-0.06375479680757401,-0.08577050667992708,-0.02984819694432702,0.049734663988913796,-0.12325937330562918,0.0782027666966489,-0.1322426884331161,-0.026535381875569107,-0.14537328201850647,0.012832089371657172,-0.0808612290820202,-0.09027536531747143,-0.05669190336150042,-0.06958653186054967,-2.1423797394794035,-2.0676561635297204,0.11568320813297889,0.0,100.01113672143074,19.345994845337785
Qwen,Qwen Small,pg19,GMM,hc_values_per_expert_standard_1_new.parquet,7.056438356164383,3.0,10.007318982387476,5.0,0.0549119373776908,0.0,-0.04996787170273341,0.006760984954239135,-0.09689561702586509,-0.020036180983731777,0.008170716079460526,-0.09906825713147764,0.03772543640328524,0.0034043187716137793,-0.020688241591026488,-0.08769330810601865,0.0033566661826253557,-0.0762073754348386,-0.05879622391191202,-0.11191541151263734,-0.06062147598234484,-0.14812083585763958,-0.01336089870296236,-0.07651480861626954,0.021002512235557623,-0.03397891790419975,-0.004964161686032049,0.010701290373393589,-0.03512819293582423,-0.009282628827468107,-0.0478197129502953,0.07053022393681047,0.004708010834062967,0.031021969022382457,-0.05167559671964929,0.11743205612678118,0.05232192969275848,0.060940793203095735,-0.02018633736300301,-0.0488996614901553,0.015698949201768918,-0.05787863185047762,-0.03509828478323224,-0.047005424019107435,0.018717040127325762,-0.020084723091695678,0.018355519888556132,-0.03310570937173712,0.09129645053384196,0.04476299376603704,0.07299181723711225,0.011170543589963455,-0.07361820766108025,0.010761451127530627,-0.07532978150844728,0.007432283491528644,-0.00865029863429287,-0.01505778634931466,-0.043784082811109994,0.0473335523717364,-0.014664817148937392,0.07164527285717887,0.03142050061834789,0.06043857195964188,-0.010653417128781163,-0.08249659578242649,0.01534104531405275,-0.06472826392913171,-0.009148439321228496,0.009326342783331576,-0.031128614712841902,-0.04655787296298848,0.04464910434728097,0.0015408290009677654,0.05780693149833966,0.012686376780562569,0.07726451852646757,-0.009415087338743957,-0.07937707631307463,-0.015366420030887533,-0.06276148984486896,0.01865944046930484,0.02652878694092353,-0.03359052159888406,-0.045106527105933894,0.07423514119047667,0.025932726948875787,0.04712062332780892,0.010364295542308374,0.08490962898612735,0.005623203212995387,0.19005256622814498,0.23971259129422845,0.497642084410364,0.0,1.9569471624266142e+295,92.59349329281514
Qwen,Qwen Small,pg19,GMM,hc_values_per_expert_hat_1_new.parquet,9.105772994129158,4.0,12.748571428571429,8.0,0.0549119373776908,0.0,-0.043185679076454736,0.006760984954239135,-0.10923219266258843,-0.00731232681086675,0.008170716079460526,-0.11019642222206731,0.04819647071955062,0.0034043187716137793,-0.0210078442828621,-0.09138214979600535,0.0033566661826253557,-0.08822434837972634,-0.04296880503594919,-0.1255589263318228,-0.031433008821771385,-0.15813421561329413,0.010321310144501246,-0.07328864844885008,0.03337219499233404,-0.033233572037880015,-0.01062362354926927,0.010701290373393589,-0.04907470934419268,-0.015451420139207687,-0.0638823022033876,0.06942836027186564,-0.004142452686886203,0.03403655803145737,-0.05829892913278293,0.12293148013589736,0.05621111053100013,0.07363130959072943,-0.010007680924969013,-0.05722371027797613,0.015698949201768918,-0.07858708201505388,-0.04600039755320704,-0.0727498042178942,0.01635836796030542,-0.03615413501949115,0.014379927950394783,-0.05132903107573467,0.09852830123508688,0.04746660177505409,0.08114000419358812,0.017150946979670924,-0.08233220287998833,0.010761451127530627,-0.09716448026734108,-0.02433612262300581,-0.04648118499029189,-0.01690385379929225,-0.06005627768346339,0.02393516183146521,-0.04082813753887077,0.08003167515706158,0.03524117220532388,0.06628648071880693,-0.0011790324888975206,-0.09775792818599306,0.01534104531405275,-0.08501757153244269,-0.04656648569291067,-0.027118558624936204,-0.03527432047089255,-0.06248221094666921,0.01549250843444861,-0.026094922910186807,0.0708814864694484,0.014698968711800991,0.08117973849152342,-0.0044778737977489574,-0.09580548414852852,-0.015366420030887533,-0.0804505903153204,-0.029833396851655043,-0.007205404375122012,-0.036839461429228226,-0.06266134666801262,0.036059279618815526,-0.006430891279046569,0.062242465910333944,0.006265173405859359,0.0879712927120225,-0.0006416100202227562,-0.31517749585859245,0.23637693303979287,0.3658577151983777,0.0,1.9569471624266142e+295,92.59349329281514
Qwen,Qwen Small,pg19,GLM,hc_values_per_expert_standard_1_new.parquet,13.173679060665362,6.0,15.499197651663405,24.0,0.0,0.0,-0.14818729103385755,-0.020557362109014342,-0.07339735334843904,-0.1444631347484989,-0.029615673912043377,-0.08933801492866891,-0.020657122859409804,-0.017788046524910298,-0.03794946365199484,-0.12753016817444776,-0.0027693155841040443,-0.0354478896964442,-0.16551045136740913,-0.06785858119486933,-0.15690276452440297,-0.0837176886546446,-0.01608351812360481,-0.03675654732493113,-0.00611666739611901,-0.03705333323205408,-0.10365816011665818,-0.005069642407404656,-0.04132688912377628,-0.14066013234090907,-0.03994539852454955,-0.05945266285187296,-0.036447327911406986,-0.09776509226516573,-0.03648679165204812,0.03887452672298351,-0.004574057317782682,0.02579545849452302,-0.006419106657709234,-0.11596393316125067,-0.004567712785404406,-0.05039052768945988,-0.14994807986773434,-0.04856605269080391,-0.0695826754827129,-0.033580974492596435,-0.1018241723349077,-0.03307442924142463,0.04571561779618443,0.014852712043122725,0.04128575177519974,0.013229423186994736,-0.11878304657727912,-0.006166818025805291,-0.05711827068772665,-0.13650132732702686,-0.05415791964204069,-0.07927283831546875,-0.04753164581881447,-0.09357500057057808,-0.04571176172517155,0.03443961262801564,0.0026657105110711055,0.03581111893566727,0.0015374543287455219,-0.11306344105263733,-0.006213669660021114,-0.06091561399572709,-0.1400301472110415,-0.05871664275581551,-0.08193346211868172,-0.0649625085720303,-0.09163094550825057,-0.06281283352973155,0.021260952058322277,-0.019274271081019693,0.040841432439400825,-0.018859421263198978,-0.09289036915082105,0.011918109094830513,-0.06619942932466016,-0.11766394162664803,-0.06482596259745811,-0.06528922224872331,-0.0865499128554655,-0.05308142382312441,-0.08356696576924072,0.017472388877554253,-0.04557644604970622,0.06515525196454834,-0.042852371140956316,-2.2547504154108955,-2.2755244182775396,0.0069591310641201505,0.0,16.71728922883083,12.867153213883482
Qwen,Qwen Small,pg19,GLM,hc_values_per_expert_hat_1_new.parquet,18.48949119373777,26.0,20.651859099804305,26.0,0.0,0.0,-0.15347366166911333,-0.020557362109014342,-0.07412042031440744,-0.12118241027876439,-0.029615673912043377,-0.09013748521647216,0.02292019532979426,-0.017788046524910298,-0.03819765167361722,-0.17639385699890758,-0.0027693155841040443,-0.03592276864079022,-0.15033812387129303,-0.06853749507277729,-0.10680102651641082,-0.08447329555391482,0.04095830312324487,-0.03699676193127402,0.03900778221540423,-0.037291610844639965,-0.10756469799109147,-0.005069642407404656,-0.04183458739141336,-0.11883814576231376,-0.040440400793908204,-0.021899628139773284,-0.03656663641999712,-0.027592008728324565,-0.03660751950890137,0.103015043240267,-0.00411294467431794,0.10846549415864354,-0.00597644518506794,-0.14093271951888695,-0.004567712785404406,-0.05069380105999139,-0.15628983185592185,-0.04886093552757123,-0.06283341969710611,-0.03371531742564937,-0.07329903307028839,-0.03320675302992681,0.08812491378257659,0.015043649579725201,0.09224658926341128,0.013412427119171932,-0.14938697988857108,-0.006166818025805291,-0.05738182124207242,-0.1564238079679934,-0.054410211368248564,-0.08033155436547994,-0.0477785638122468,-0.0812382765080406,-0.04595213471627077,0.07190133563427138,0.002637263945148869,0.07940244283698933,0.001504136612239856,-0.14544561546637652,-0.006213669660021114,-0.06125602003177119,-0.15903006336609313,-0.05905006175596411,-0.08732461714036645,-0.06526628818923902,-0.08638083950838467,-0.06310973486174737,0.054029543326556975,-0.01929453772735208,0.07247163093160178,-0.018878320314215602,-0.12758066621434616,0.011918109094830513,-0.06627450904323355,-0.1423979581391029,-0.06490039628113932,-0.07157915184557753,-0.08663582404769858,-0.059321385620429774,-0.08365105170728654,0.050231003367490604,-0.045610375938054976,0.08598126714368708,-0.04288437236696493,-3.233536096666761,-3.100075026976694,0.006694438088772771,0.0,16.71728922883083,12.867153213883482
Qwen,Qwen Small,pg19,StudentT,hc_values_per_expert_standard_1_new.parquet,10.76747553816047,4.0,13.077690802348336,7.0,0.0006066536203522504,0.0,-0.1124579248635053,-0.00502045297045204,-0.12380619168752384,-0.105443395480039,0.004683360260001001,-0.1519156751681148,-0.009149102842361966,0.01422673083379519,-0.06591562821272443,-0.10330882202114333,-0.019247183804247232,-0.057890563474799414,-0.14770878147743888,-0.12156466484133152,-0.12212487182602133,-0.14751495692339048,0.01356442253956707,-0.06205926088181889,-0.03884868109044405,-0.0720400035179753,-0.07068479735904443,-0.007029166805695937,-0.07811676574155337,-0.12591506940938393,-0.08288969154425295,-0.02066670555778738,-0.08311655387109707,-0.061162387846652504,-0.09163669770896146,0.05781083521998879,-0.03104770938162432,0.06466807844382802,-0.03834729903821241,-0.0975534342874837,-0.01545914355981175,-0.08364495797983867,-0.15960430376935594,-0.08531305798044399,-0.047542181671827,-0.08749140453447099,-0.09573710419721672,-0.09325672244025693,0.05493228546814187,-0.022923760270460447,0.06298889745340881,-0.02940553970775731,-0.11652267745887299,-0.017776826833049146,-0.07532461322852144,-0.1638500823486149,-0.07093185562823617,-0.07102841915841027,-0.08753273698583798,-0.10690736446961967,-0.0876690853914653,0.043728149778038544,-0.03317018253906848,0.05105591025967755,-0.03900233865593435,-0.10665714218886285,-0.013921659343570352,-0.06274005799734707,-0.16533416321090275,-0.06174870826326072,-0.08005986718951442,-0.08713200109555992,-0.11415294418989722,-0.08587336387830251,0.01596941420435519,-0.049702325164295215,0.03945236605299318,-0.04908220723963521,-0.09472895308400202,-0.017391882348276905,-0.03502274066757792,-0.14262281810737296,-0.03301218963433964,-0.0781667518029951,-0.06680048159114038,-0.08640334213300489,-0.060735040850501,0.0010201094639138292,-0.05457768673848781,0.04697838545029689,-0.04819087621744298,-1.29801536400534,-1.4151527847864194,0.0669894782397527,0.0,69.14882565568637,20.99329515169873
Qwen,Qwen Small,pg19,StudentT,hc_values_per_expert_hat_1_new.parquet,14.312309197651663,12.0,16.90587084148728,24.0,0.0006066536203522504,0.0,-0.12040540204824196,-0.00502045297045204,-0.12672096879691747,-0.10298449948196468,0.004683360260001001,-0.154908900101056,0.005649888706817868,0.01422673083379519,-0.06655836656007233,-0.12605529075505983,-0.019247183804247232,-0.060162602236845136,-0.1484776353585747,-0.12463933453708814,-0.11062998763969514,-0.150672956298274,0.03253125579609446,-0.06273628282617102,-0.014443714151455232,-0.07271714715535348,-0.0828717619114524,-0.007029166805695937,-0.08074753268287274,-0.12960472822140992,-0.08549972089491063,-0.01753477360434571,-0.08533277194769137,-0.048125135930515324,-0.0937602168843604,0.07832309232640189,-0.03117519430381594,0.08992084063180436,-0.038354658442784274,-0.10970564313525988,-0.01545914355981175,-0.08657443985081024,-0.1593820727564331,-0.08823807885761266,-0.04199869015638026,-0.09064788078574541,-0.07510863584941721,-0.09632063622811433,0.07895746648717125,-0.023864904087487752,0.09362014655262489,-0.030213692991134248,-0.13015452212164355,-0.017776826833049146,-0.07750199188394183,-0.1667905531404013,-0.07323573049991906,-0.06622547839416629,-0.0895302865197425,-0.08752462188626976,-0.08964957792301281,0.0682011758750985,-0.033342583544384304,0.08342109542791956,-0.03898909967805845,-0.12798930800922703,-0.013921659343570352,-0.06458930956422518,-0.17813883199610825,-0.06363517012309844,-0.077789187911942,-0.08880172293277305,-0.09835276449286377,-0.08756210385048036,0.04614977349804042,-0.04984112147132184,0.07887510069544473,-0.049202124205974467,-0.12831712557887912,-0.017391882348276905,-0.03482447088712525,-0.17644698902444567,-0.03282315511678199,-0.08878694440694733,-0.06636278581542722,-0.0950469775244789,-0.06034400079343781,0.026169529367102748,-0.0541824019150201,0.07529816313065245,-0.04785220226851966,-1.8531987680966295,-1.824027158863571,0.06090391313208831,0.0,69.14882565568637,20.99329515169873
Qwen,Qwen Small,pg19,StudentTSkewed,hc_values_per_expert_standard_1_new.parquet,9.514148727984345,2.0,12.265185909980431,5.0,0.014755381604696673,0.0,-0.05865165242360443,-0.0096914688069694,-0.1166685029275448,-0.04148792144744575,-0.014567571021802169,-0.14029322567650088,0.016276186152690705,-0.009329876686596305,-0.057651667122697516,-0.07492783857629513,-0.0003615921203730943,-0.05901683580484728,-0.055122934378598845,-0.11527901428135869,-0.038203343333196915,-0.14057293608648577,0.016518481416463678,-0.06000788931912616,0.017444708833974813,-0.057111054813738925,-0.02054126920546613,-0.008284540030602841,-0.06041388522044422,-0.019571236757250515,-0.061385441656065125,0.03317460962023834,-0.059064579659159344,0.027147871138853353,-0.06882980846010511,0.07850974417338694,-0.01579632557085415,0.0678225039616377,-0.02993922660753207,-0.059534241477839145,-0.006838973255508701,-0.05783724989246198,-0.05879407094249515,-0.04740007594647393,-0.011796801495167849,-0.06083246860304513,-0.05206716169847754,-0.08209883224921585,0.05932439128672004,-0.016353736421320698,-0.0020149145498979974,-0.06189259397187076,-0.08687722883375018,-0.008071040231791969,-0.05749361541948718,-0.07124911378539514,-0.03324604070107839,-0.037968938417407505,-0.06447005469624137,-0.058981428270786576,-0.0691745157875595,0.05472987290984988,-0.02186104915503392,0.0036371779259020084,-0.05990888948723365,-0.08630476124207964,-0.009971803333441987,-0.042697725203985445,-0.07455402219152912,-0.018672697222323197,-0.052260692145438305,-0.057002448383111554,-0.06865285064174796,-0.054354073495486606,0.031404986126010274,-0.030437132932355726,-0.007701726294172617,-0.05681408536915265,-0.08590368237390125,-0.002579792355876148,-0.04728440995477088,-0.06349431863699649,-0.024754094355940805,-0.05517279867926548,-0.03906820761177195,-0.055074432497155816,-0.029070314712488818,0.023706306269405057,0.0004353902948235344,-0.00331453428690259,-0.012309621907936693,-1.2827417129154945,-1.1943698034795782,0.10478756882663673,0.0,2.935420743639922e+296,27.141678921242562
Qwen,Qwen Small,pg19,StudentTSkewed,hc_values_per_expert_hat_1_new.parquet,14.038551859099805,14.0,17.5954011741683,24.0,0.014755381604696673,0.0,-0.06321849744528057,-0.0096914688069694,-0.12330938270962619,-0.027039958110748406,-0.014567571021802169,-0.1478263032630371,0.045094927074085064,-0.009329876686596305,-0.06022797326751556,-0.10831342451936564,-0.0003615921203730943,-0.06308140944211063,-0.059969200045959396,-0.12209048020984267,-0.023185821707624572,-0.14826681203213654,0.046606046816624835,-0.06259969988663103,0.04612403969890417,-0.05970308458675768,-0.036308210787637595,-0.008284540030602841,-0.0687047547967228,-0.03671527172828741,-0.07002104669675369,0.04419647302887385,-0.06664893094101204,0.03959307203085799,-0.07654008635776022,0.11602527459283668,-0.0171429980610793,0.1093689421359256,-0.03104230886027052,-0.0879404908985297,-0.006838973255508701,-0.06840409363225006,-0.09767224691440102,-0.059692915802181605,-0.012045112072673756,-0.06906615689417085,-0.041534828473400974,-0.089929887787944,0.09569344674120672,-0.015025115783201651,0.06419150328806009,-0.05772444309551697,-0.11394921998278462,-0.008071040231791969,-0.0658731409438057,-0.10954903820781993,-0.04374854026325606,-0.038670821659138606,-0.07057493625243842,-0.05125346245340388,-0.07534854842975408,0.0882146096375376,-0.020188234594107526,0.06391584812089704,-0.05564535997267949,-0.11970742873703441,-0.009971803333441987,-0.04743617179173897,-0.12245318842172251,-0.02521172858118378,-0.05862971999836451,-0.06048312830372079,-0.06990673850452464,-0.058010564699252094,0.0640136601707871,-0.029615288865369446,0.05064617098788292,-0.053996506474284396,-0.1207034887002655,-0.002579792355876148,-0.04997787892323231,-0.11827088915044547,-0.02890536029731177,-0.06504004884122956,-0.04366305144898643,-0.06654564940182997,-0.03448510569539818,0.051410165137648775,-0.0029753277340899935,0.04608200522038328,-0.015156441143682834,-2.1197027316843218,-1.5535734842574755,0.09145606175367524,0.0,2.935420743639922e+296,27.141678921242562
Qwen,Qwen Small,pg19,KDE,hc_values_per_expert_standard_1_new.parquet,12.690763209393346,8.0,15.512759295499022,20.0,5.8708414872798436e-05,0.0,-0.11989709865681039,-0.00777686250675014,-0.12217860370133579,-0.0881614198468346,-0.005834540001280847,-0.1492102435640677,0.028049964562135054,0.0016383931866205165,-0.06394519794071708,-0.14794706321894543,-0.009415255693370657,-0.05823340576061871,-0.12698174039107218,-0.1071071318904448,-0.13452497868456248,-0.16108888089768178,-0.0347686042406436,-0.10365307111019062,-0.028303950361905528,-0.08646407769581356,-0.08732103942418745,-0.015672863781249775,-0.06972073053195316,-0.10386760962183587,-0.060870208697400646,0.00374848303879547,-0.07388984002413168,-0.0747467339590405,-0.10858147136727692,0.11753231496378,-0.027248734577992755,0.015295162828858663,-0.09380499103455564,-0.1418286936915012,-0.02892269173702868,-0.06734893986819532,-0.12480580248899542,-0.032124919807888994,-0.0544407045418676,-0.07063222340302096,-0.08742429267775755,-0.07615897855577577,0.10186082495264207,-0.018736725857567343,0.02997330883122943,-0.07312272708077873,-0.16355286638170247,-0.037076110883543345,-0.05752131820157415,-0.10790011150037454,-0.0012659897185711055,-0.08593329069573377,-0.06775580075547448,-0.07536900250223344,-0.049540852740645985,0.08169540769758929,-0.02667631719850801,0.025488524777494057,-0.07167399702815405,-0.1676199348543945,-0.041166556177678185,-0.043846048520116004,-0.11931336441335305,0.011491513788534092,-0.09802035787343297,-0.059670030824024674,-0.08046120508028613,-0.03535233921277878,0.06613036586547527,-0.032930326167241314,0.030475954919517403,-0.06654083472186097,-0.1612183982525903,-0.04892632585851993,-0.03579666661070771,-0.09282146079248899,0.016770456495426883,-0.08051742675461802,-0.04376789607682394,-0.03372725217260302,-0.01578442708537967,0.07787895893647355,-0.020247156085780236,0.06238114950123279,-0.042941295047645545,-1.6087754095497235,-1.6717036495257371,0.09614132777353465,0.0,30.944162422831802,17.823353965585078
Qwen,Qwen Small,pg19,KDE,hc_values_per_expert_hat_1_new.parquet,17.181624266144816,24.0,19.690626223091975,25.0,5.8708414872798436e-05,0.0,-0.10857954126791465,-0.00777686250675014,-0.12735299269777933,-0.06099033747927539,-0.005834540001280847,-0.15569017560278764,0.05477831225242093,0.0016383931866205165,-0.06690383010024814,-0.16335785352033558,-0.009415255693370657,-0.06044916259753119,-0.09849087061546663,-0.11298605877492733,-0.07609657782209213,-0.1676392958804124,0.017118687490205915,-0.10576576012793487,0.015582653729887227,-0.08843761175847732,-0.07683186098598507,-0.015672863781249775,-0.07549808073599659,-0.07690717598583192,-0.06733966867677958,0.03279140289166352,-0.08023862460703221,-0.013701636436696632,-0.1133313753830957,0.14986626833744693,-0.029862575465845084,0.0773920897885842,-0.0930018590128828,-0.14128178067388797,-0.02892269173702868,-0.07543570021575713,-0.11567733278847873,-0.04303329183633219,-0.038945748098698565,-0.07854756265711776,-0.05198537086580699,-0.08404297785498059,0.12437366010169154,-0.02013882348609114,0.07153940975951664,-0.07086889027533312,-0.166967867937592,-0.037076110883543345,-0.06739092586405541,-0.11188676483629714,-0.0159312784801228,-0.07695018225711296,-0.07605196029832721,-0.05701266059796139,-0.059547176349513106,0.09931139557010984,-0.02633830318749887,0.057702227128927926,-0.06785842303297801,-0.18024901481042355,-0.041166556177678185,-0.050848923617806616,-0.13534071524785274,0.0001364659927667674,-0.09724598863995951,-0.06513892627883355,-0.0752673230786625,-0.04268526360518125,0.08315654574010001,-0.03219522630634592,0.05818433611925889,-0.06316147744331518,-0.1713966096747446,-0.04892632585851993,-0.042379879261781384,-0.11028648544297136,0.006178894922035373,-0.08239622243573592,-0.050411026552984156,-0.04013395628957122,-0.024651088591732158,0.08744210338918114,-0.02193203264354927,0.07403077172973445,-0.04308743882226094,-2.3530829137702582,-2.2020216765702596,0.08352755363276773,0.0,30.944162422831802,17.823353965585078
Qwen,Qwen Small,pg19,JohnsonSU,hc_values_per_expert_standard_1_new.parquet,13.15412915851272,9.0,15.410978473581213,19.0,0.0005088062622309198,0.0,-0.1121440688587053,0.019314355864099436,-0.11684813872916336,-0.08586045687782148,0.024812191390511704,-0.14262495858434782,0.020937444956155668,0.012017152870002,-0.061037746881500085,-0.13308151381486097,0.0072972029940974355,-0.055810391847663274,-0.12238983248436824,-0.10847012654145347,-0.12133595964362394,-0.15612997833754622,-0.020391590297918614,-0.09387010204933043,-0.024204393621439082,-0.07852441868069092,-0.0789412888619391,0.007244260603723401,-0.06305898018222658,-0.09491146928500747,-0.05840777812237002,-0.0003068623974976047,-0.06706923472012068,-0.053393816013183215,-0.10012211625245798,0.10043268922064129,-0.025022358505759436,0.037460601850981504,-0.0833146871957747,-0.1312356297519256,0.0057962803748427116,-0.06098264704858346,-0.1256976650229942,-0.029583896250880558,-0.06138736820803265,-0.06398545825740397,-0.0791918708813702,-0.06606399670254463,0.07774952386311496,-0.01701038654074865,0.043638502702212055,-0.060940998419971804,-0.1570522236887919,0.0049361380950380595,-0.05103939257139784,-0.1269345906309661,0.005168272376769213,-0.09986173697524332,-0.06143018060194035,-0.08524276387759971,-0.03418684733243589,0.05284418839281405,-0.02560353805489434,0.035463844022649835,-0.056980236304139356,-0.1653833881849482,-0.009579235705562057,-0.04037585686228831,-0.14300266834703895,0.01568786624414003,-0.11620035722933807,-0.05586061708943855,-0.09683441034260475,-0.020152752878619475,0.03648350086950032,-0.03167190850426635,0.036436526292267,-0.04931485899039934,-0.16082815247863616,-0.012087983977972823,-0.029009133913407436,-0.11754196011732873,0.02796193582471001,-0.1006738129821781,-0.03353982325861816,-0.057761030542153986,0.007572059259758222,0.04818197589211955,-0.013610929906569681,0.05756586135613985,-0.022607949100628685,-1.4840492692954987,-1.6008362197298438,0.09773812696656368,0.0,64.60770199455024,17.698610865581884
Qwen,Qwen Small,pg19,JohnsonSU,hc_values_per_expert_hat_1_new.parquet,16.64481409001957,23.0,18.976614481409,25.0,0.0005088062622309198,0.0,-0.11008792480430078,0.019314355864099436,-0.12529636346490314,-0.07081302620496495,0.024812191390511704,-0.15345342924186783,0.041551278123512406,0.012017152870002,-0.06625587772747052,-0.1516392029278132,0.0072972029940974355,-0.05904048573743262,-0.10994616881009037,-0.1174573940496356,-0.08723330167163762,-0.16540355418423336,0.015632945095373,-0.09593478695595037,0.007808405920167203,-0.08090459208009539,-0.07995749989323261,0.007244260603723401,-0.07315853290419831,-0.08642501956808916,-0.06926983024010279,0.016073080713049415,-0.07851722882488273,-0.01811571198788923,-0.10711395626603243,0.1275304068252816,-0.030142157043450267,0.08234836422991207,-0.08042108378028996,-0.13948096403884058,0.0057962803748427116,-0.07492399878121046,-0.12750798148909825,-0.04882420072234782,-0.05261109491676577,-0.07812605441342169,-0.05747100830667094,-0.08056356390304147,0.10156601992287723,-0.020169009401618698,0.07859440106861197,-0.0578317337852584,-0.1693667375268724,0.0049361380950380595,-0.06726672514458201,-0.13866452589676115,-0.020626884290333353,-0.09509218824871779,-0.07670642259248635,-0.07442210430834181,-0.05442186269761621,0.0755881228129625,-0.02746283002706649,0.06631610888543979,-0.05406839918279004,-0.18816066394871284,-0.009579235705562057,-0.05264662659181517,-0.16613049464514035,-0.005253214102603554,-0.11930332429818885,-0.06778541050396966,-0.09669110228624758,-0.03761944403487878,0.0605497234464199,-0.03384057383346825,0.06560143873115018,-0.048818429749961874,-0.18555595639220462,-0.012087983977972823,-0.039969454898766466,-0.1498345532512919,0.0085298108868905,-0.10701325232380593,-0.044992139873210726,-0.06973305598937979,-0.010176269866122918,0.06884190694715764,-0.01698479240548681,0.07901193239616133,-0.02493895832350142,-2.11064762365828,-2.105503094685263,0.08385520594058024,0.0,64.60770199455024,17.698610865581884
Qwen,Qwen Small,competition_math,GMM,hc_values_per_expert_standard_1_new.parquet,8.186206159364348,3.0,11.372079765312304,5.0,0.22844044324619642,0.0,0.12644818385899645,0.013101324762394131,0.09627420026971442,0.25519721973394455,0.013348211355520466,0.2417382454792255,0.14423099916728532,-0.0008015259276417191,0.1668621558021773,-0.017782815308288874,0.013902850690035851,-0.07058795553246289,0.03397432380137365,-0.012568713184649315,0.03626727734469633,0.03572110163359095,-0.00137219689032115,0.0581951238932093,0.11637201397942848,0.14489997911594954,0.10549672622133224,-0.001747784356009584,0.07277134477884253,0.02517794840084955,-0.03529788140819428,0.2385766772026796,0.235445793418638,-0.020364334235134604,0.010679005268939418,0.24744441759145006,0.2701278790554682,-0.05037369090366883,0.04539021493840091,0.05568649235136458,0.012384217116397369,0.015214621807660554,0.029383629671022107,-0.05617979098632063,0.22805925987667902,0.22293134598502096,-0.020574591128364565,0.0030170339532509696,0.2563764497723936,0.28420921154024315,-0.05410521864576379,0.05439732377834316,0.030710797793298425,0.004889109746143365,-0.009792375501534733,0.02861077672871836,-0.06302027116222463,0.24427142338661595,0.24034839950842385,-0.008368521751313151,0.012845664944862561,0.28778234766542443,0.3170752261038265,-0.03655533213206497,0.07320921987561671,0.018741337123471376,0.00808546966553189,-0.022342965743739326,0.018317152624089394,-0.07581820513639527,0.2595534828028253,0.25469107334659546,-0.01916925303485947,0.0025648202309334375,0.3109293075769767,0.33895092437277097,-0.040867951694441136,0.07044481883188405,0.007928260362464794,0.0011581073861218934,-0.0250903655575173,0.013509217312930975,-0.06596945271448637,0.27246024324682416,0.2651263793137086,-0.022306786442468456,-0.008936411600798546,0.32700783407641426,0.3437241991960877,-0.03919495585381768,0.04384053572719278,0.4731980024532424,0.5486593259492468,0.8037779699220207,0.0,2.3753815456607713e+295,103.45734920454161
Qwen,Qwen Small,competition_math,GMM,hc_values_per_expert_hat_1_new.parquet,11.392258631542692,5.0,15.203807736617694,21.0,0.22844044324619642,0.0,0.11610660495124445,0.013101324762394131,0.11658564208996228,0.20061468949066533,0.013348211355520466,0.24551286548628262,0.09189423590882537,-0.0008015259276417191,0.14527217261311165,0.02421236904241908,0.013902850690035851,-0.028686530523149373,0.0338118053012836,0.026563221755164415,-0.003126214187844245,0.04902625037030247,-0.04740941458253664,0.023193747086899693,0.056982301656620694,0.12111514150243914,0.11665588466669813,-0.001747784356009584,0.09892152793153676,0.05751489876340746,0.020864405096142357,0.18376480191455163,0.23308644275805013,-0.03844886566829644,0.016165466931870903,0.16130899113022176,0.24518162154117418,-0.10367663038449643,0.004905356354829736,0.09575939086327363,0.012384217116397369,0.04765135823430026,0.09291972824831254,0.012602535878502857,0.18347953392373623,0.22250831187751735,-0.022719306318111268,0.01520860341526351,0.16260840296196016,0.2558584151890295,-0.11391392750978403,0.009249684373309416,0.08058146585631247,0.004889109746143365,0.025030609664808662,0.10211487012531602,0.012124817861782825,0.19872652118255016,0.24309470237998287,-0.014663717379816532,0.03084203636024664,0.18699779999801963,0.29108546628245086,-0.11057724169212409,0.02950031655370696,0.07574104768457754,0.00808546966553189,0.013551147221927552,0.10659442077125143,0.004219067773101861,0.21533109261125438,0.2631870653990048,-0.015296617057553228,0.032715022296552675,0.20793747225263018,0.3198128175915146,-0.11407040783288656,0.03832468754174535,0.05635101835157017,0.0011581073861218934,0.01155519593719707,0.08972856456269214,0.018677993001832358,0.2296572517373296,0.2826558006129928,-0.01609410177724657,0.0393499763127031,0.23699960387369723,0.33665404353341744,-0.09499529202883049,0.03368279348842699,-0.351897424577233,0.521245404929887,0.5162439717485924,0.0,2.3753815456607713e+295,103.45734920454161
Qwen,Qwen Small,competition_math,GLM,hc_values_per_expert_standard_1_new.parquet,13.516597978550305,8.0,17.712246279558656,26.0,0.0,0.0,0.14350727557694967,0.09896427950811129,0.00017343330460854994,0.22301297011040072,0.1891185832863551,0.007767077538181809,0.08358109889856172,0.10012156561920327,0.009117514737547544,0.059926176678387955,-0.0011572861110919763,-0.008944081432938993,0.07334782111787597,-0.014420399588711432,0.047931683870537874,-0.02191295248122747,-0.038229341242349425,-0.007161681957838509,0.008756727910545716,0.0004736839147715067,0.14863341674250277,0.06965672501283258,-0.003301159119717607,0.12455916064555926,-0.01595023871924674,0.1952182975934731,-0.002865088305804108,0.038881528009231274,-0.03473908972631884,0.15092114188837902,-0.0012885016580711777,-0.05090904003228279,-0.0353883607591867,0.12354725223930177,0.028155953927618358,-0.009686379619013485,0.15667912562078723,-0.013637836983441221,0.1673176080885117,-0.013432557956425131,0.040997722233415745,-0.037868683460850885,0.11725478428722626,-0.009612350774408938,-0.08245255793786785,-0.038902160487901974,0.10614074463815776,0.01991404588196491,-0.0040086271999692944,0.15720552728553724,-0.005160197709527866,0.16732611881787887,-0.011925313580211759,0.03743278836863934,-0.032844668141080266,0.12499233990514129,-0.011922465815854445,-0.08832803719036782,-0.03810467535847117,0.11136761160240466,0.03438561353635733,0.013752646299206844,0.16869023400356364,0.012942378706157404,0.18645956005910447,0.005287393138221356,0.04543335840097259,-0.00972285485597087,0.14201566868630494,-0.004776290972546086,-0.08676301447277122,-0.02343655324728638,0.09509786525752098,0.05426733803197179,0.024917379373544442,0.1178606650602435,0.022027122375243294,0.2046670823266436,0.00169351230499485,0.031777311422420476,-0.01794003527879463,0.1763002802720374,-0.017311817183124332,-0.05551787516606845,-0.03974476804896026,-2.063118269622012,-2.069831053451315,0.0003922194373520988,0.0,21.318781983476075,13.272633366675409
Qwen,Qwen Small,competition_math,GLM,hc_values_per_expert_hat_1_new.parquet,19.8029027162488,26.0,22.39710440989584,26.0,0.0,0.0,0.10332918783993733,0.09896427950811129,-0.00046280230359492243,0.1670569249394379,0.1891185832863551,0.007161171939352965,0.06797522991966784,0.10012156561920327,0.009207332070252436,0.03535395792026949,-0.0011572861110919763,-0.009670134373847358,0.03219775242654345,-0.015183408321095495,0.013565056103964442,-0.022783866416053088,-0.025567149403699984,-0.007201526022044383,0.017612149657358397,0.0005000811119058148,0.13985529741678684,0.06965672501283258,-0.003993869693349511,0.10737408095435982,-0.016770977165770817,0.16500810284614592,-0.0034257776677068374,0.02948314162603962,-0.035617230379479725,0.11579818512734077,-0.0015020329141213725,-0.049565842484425,-0.03592871865171502,0.13609086110704216,0.028155953927618358,-0.010755957516448181,0.15495455872733746,-0.014749250400129369,0.16667901125293558,-0.014341820273155097,0.06067590605841702,-0.03899731729722146,0.10565790667538112,-0.00990845642250486,-0.05450292178564926,-0.03944280477685286,0.128917469279938,0.01991404588196491,-0.005882314371879424,0.16733815224692394,-0.007058883206926221,0.1785323331087266,-0.013686947656859277,0.0725442343762725,-0.034884878215605056,0.12008208469529388,-0.012597387455441247,-0.05161289264979296,-0.03909755327402907,0.13699791785189835,0.03438561353635733,0.01116468470192113,0.1810509555714833,0.010331442418731752,0.20517076954375207,0.0030102313620957253,0.09232855508918977,-0.012355786009379957,0.14425618328618017,-0.005490400508611477,-0.03777546049492891,-0.024545131266916945,0.12074584328240039,0.05426733803197179,0.01993758060621078,0.14076340912266452,0.016908529808408186,0.22436047009350726,-0.0024523218830813306,0.08724697962714187,-0.023025735588979357,0.180431098713689,-0.01850782396225857,-0.005678062016122103,-0.04189127639846935,-2.84990821326215,-2.667828591416431,0.0003722910733455153,0.0,21.318781983476075,13.272633366675409
Qwen,Qwen Small,competition_math,StudentT,hc_values_per_expert_standard_1_new.parquet,12.492547240400489,5.0,16.020392650569498,24.0,0.001187690772830386,0.0,0.11017249599316505,0.00751998719437588,0.01002037966095301,0.23849321343873287,0.008550870958159908,0.12146418644281262,0.14508047878835317,0.0006092483760496664,0.13318130730200917,-0.03490798279518813,0.006910738818326214,-0.12316092764105616,-0.00776013567858134,-0.07983731120206032,-0.010142020640520935,-0.049008584613494374,-0.0018373075295344012,0.04589593069412941,0.041599918780914145,0.06434130830615707,0.1123651780385876,0.0024426999529822474,0.011680944618053852,0.0531033145528914,-0.06653172194977257,0.23321635407758676,0.11926837966261154,0.02482792471647934,-0.05124056892796167,0.2342409435929249,0.15767238320271346,-0.01035554309798243,-0.015416859946808453,0.06742586898618586,0.008995413237416145,-0.019166074564917486,0.07528407837419529,-0.06042797055371373,0.21577999486212196,0.1082645264527178,0.043893104913313837,-0.04965216799716565,0.2299475733430794,0.16077166804702744,-0.007581627630239667,-0.013332136391968667,0.03367907057693437,0.04220631257498001,-0.030126985598988493,0.05269750226794589,-0.05394480682434697,0.20609579078660906,0.10039252598413051,0.01839088090757711,-0.06618947045770542,0.2362221852288857,0.15451121945689295,-0.022415543221854326,-0.03869056727009666,0.03390423226150778,0.028899682745440504,-0.027025285018239406,0.06375605717057332,-0.04741903204902445,0.22358552393412778,0.10736531357630472,0.02523096034665624,-0.07465228467035037,0.25308454141030556,0.15751500662804885,-0.023036120473243424,-0.0541625991653455,0.037182472449250714,0.03423336856677572,-0.006895604158623331,0.05556810117084414,-0.028380138245511596,0.2554236724724521,0.12510644046582642,0.04785971770791172,-0.07615012185278698,0.28341860547242903,0.15834900494056464,0.014003400344174537,-0.07117682813208828,-1.2225658381641844,-1.2625663180090594,0.04855208732508073,0.0,147.76595034197695,20.56594183049089
Qwen,Qwen Small,competition_math,StudentT,hc_values_per_expert_hat_1_new.parquet,16.519757236006033,25.0,19.910851930591352,26.0,0.001187690772830386,0.0,0.10702512049015067,0.00751998719437588,0.01825520212818349,0.20986025690662283,0.008550870958159908,0.13321688163690615,0.11469560317746327,0.0006092483760496664,0.13672145604417618,-0.007670482687312602,0.006910738818326214,-0.11846625391599269,0.007644917929743991,-0.0723797955763253,-0.014017085145501972,-0.03872361129669453,-0.02630500498613947,0.04829214771075298,0.02241565887996724,0.06625359492143945,0.1254628434743028,0.0024426999529822474,0.020579238846512846,0.077281397254059,-0.058266574257591984,0.21302828317074374,0.13342118648829218,0.02083624605320826,-0.03876838370699599,0.19507982099699223,0.1701669406392442,-0.03663891666832864,-0.004890787175140581,0.09674798797039082,0.008995413237416145,-0.012536020729913508,0.11389967585179447,-0.05378985053670237,0.20846160564618882,0.1213219158839555,0.05169457547967141,-0.03829439046698615,0.19507106081393127,0.17250197695593275,-0.031281364732662895,-0.003918558760302735,0.06732102326949278,0.04220631257498001,-0.02308515981217052,0.10243900918728994,-0.04595643440780841,0.20623139343861768,0.1155072021195051,0.04557444692759728,-0.05273234700420602,0.2078795786340013,0.16795993693957617,-0.030788775738149258,-0.028203973966102955,0.06853138576929402,0.028899682745440504,-0.020285335020700745,0.11299277097538399,-0.039610034744780385,0.22827305504842282,0.12555500888126092,0.06146752562699006,-0.05779088543938915,0.23020838467353666,0.17479607308380918,-0.019455832300652304,-0.039416051440036674,0.06229210056446412,0.03423336856677572,0.0003485207814407582,0.09144805821540636,-0.01979874639891099,0.26094893168536837,0.15062852298229024,0.08269116822959241,-0.05160544581088972,0.27064285227591245,0.18392335370769564,0.027909988778808806,-0.04777409172586562,-1.7300051397106002,-1.5215593984569946,0.03749071929196453,0.0,147.76595034197695,20.56594183049089
Qwen,Qwen Small,competition_math,StudentTSkewed,hc_values_per_expert_standard_1_new.parquet,10.532180481489839,3.0,15.57104172357685,24.0,0.014121643288953288,0.0,0.11695121235892873,0.00853889980721573,0.02522489372402463,0.2069632825885385,0.010695244216025496,0.08658140053497078,0.09844247207194007,0.0018772915343638712,0.07167195903293572,0.018508740286988665,0.0066616082728518594,-0.04644706530891109,0.1113709180150549,0.016018621565201337,0.19608526700129292,0.07078549205845672,0.09213885208998616,0.06437438353254993,0.09843071620523487,0.07159720396021474,0.11205824804738014,0.01301577384306498,0.004501455298335403,0.1054629897773985,-0.005600743041720048,0.1950448450939956,0.08170050356764266,0.18130148435511895,0.06474147335725841,0.1809391829056579,0.11090372399015247,0.16691383182699226,0.09546658334059595,0.0785761739657292,0.005083399063530199,-0.02622345627525565,0.0769530502859783,-0.032682739224717115,0.18051333346010032,0.0640797425619811,0.16249268437485312,0.042912616421018936,0.17337336331816935,0.10790410363581406,0.15067830865117007,0.08539412406302754,0.05020626131455791,0.0048065405429493545,-0.03709463748289248,0.04991175996979911,-0.04071930138038618,0.1746424866947636,0.05425365420346712,0.16269972233665417,0.03873929226410831,0.18180486926859268,0.10114296415308043,0.16675652173254785,0.08442583284257096,0.045240365328603954,0.0023155678436453074,-0.036247637602550106,0.04585971716885197,-0.03849278957091366,0.18697362977877294,0.05511512060341355,0.1777415880120438,0.04209071589521764,0.19760952041871893,0.09945066732592499,0.18555429125534872,0.08505229068201438,0.025816060270572053,0.0058345886684714144,-0.03523374690526844,0.024588543018585478,-0.037620772555775714,0.1880245871214054,0.024608546411059883,0.18038014104902336,0.013964830577885513,0.2098420579319229,0.057499892728570264,0.2014893563280969,0.04639890930217366,-1.0889505463444722,-1.1897739329222878,0.04894723749269469,0.0,5.582146632302813e+296,26.928606791537806
Qwen,Qwen Small,competition_math,StudentTSkewed,hc_values_per_expert_hat_1_new.parquet,14.807237787569628,23.0,20.130788507904082,26.0,0.014121643288953288,0.0,0.10347893241622678,0.00853889980721573,0.029748980942729594,0.17995068750154075,0.010695244216025496,0.08865922908106652,0.0832885288650593,0.0018772915343638712,0.06835080344958577,0.020190403551167482,0.0066616082728518594,-0.038601822506856176,0.09770575573572929,0.020278367793788752,0.1687750396361534,0.07224914224358116,0.07693090401263156,0.06065172153162262,0.0830587185518781,0.06829933321731073,0.12283529826685163,0.01301577384306498,0.010850314913754645,0.11689900961101762,0.0005358304872742848,0.18188326011993994,0.08821979268055076,0.1682774771527889,0.07086813319479406,0.15355643912389616,0.11479757993595155,0.13916253589224972,0.09897430225413417,0.10625941567944726,0.005083399063530199,-0.02025904403285489,0.10577123248849474,-0.026744222251226833,0.18205498662491437,0.07094988581642904,0.1651116581077645,0.049385555903652845,0.1517142129572832,0.11195494310359237,0.12938100113422515,0.08892466842856184,0.08295048006389755,0.0048065405429493545,-0.032304329530577644,0.0837154456171949,-0.03595806172695698,0.1830385946847723,0.06085292516868767,0.17202804827414458,0.04501615651433717,0.16483547172602642,0.10556048702182691,0.15001221358817482,0.08844847107380129,0.07918747895166574,0.0023155678436453074,-0.03370352475756348,0.0807235802543946,-0.03609861481063523,0.19922079646324947,0.06152087985342628,0.19072050017037392,0.04793180029044137,0.1848079792546034,0.10539472986185132,0.17285120338784118,0.09041115989871057,0.056618948307862946,0.0058345886684714144,-0.034893813145154884,0.056374982173987016,-0.03769419676042731,0.21223054803857777,0.034191531775225915,0.20551845223968312,0.022488255752485923,0.2154811305375209,0.06895391538055295,0.20746988904871608,0.05688241750990104,-1.623415553231884,-1.5070920004258783,0.03960181690010684,0.0,5.582146632302813e+296,26.928606791537806
Qwen,Qwen Small,competition_math,KDE,hc_values_per_expert_standard_1_new.parquet,11.749753554164638,4.0,15.894259890494912,24.0,0.01810040737793508,0.0,0.1299390148077731,0.029467814673839025,0.07728651370919978,0.21263001329872494,0.02901103711650974,0.12365495650053127,0.08854929806130643,-0.0030199316550417856,0.04928252898298636,0.04138971674646666,0.03248774632888081,0.028003984726213425,0.07803512282574608,0.025262594121464404,0.12886704338835805,0.03833013826207252,0.05272422228224772,0.013051606558344964,0.08450645768790825,0.04466544805486948,0.13552762988774042,0.012906390527393966,0.06531140601344576,0.09810334292876179,0.019138999554285503,0.1885173841468032,0.10346403843477653,0.10952531992088514,0.022449441579965836,0.15236297815608402,0.0911259136127165,0.07163061708348589,0.01548965709603814,0.11856088706861677,-0.0038524531445152882,0.03592470142658284,0.1097268530858655,0.002246329611145141,0.1916079299851975,0.09701077633614379,0.10256645589874634,0.0012819837348784753,0.15391352419265014,0.09857341499456831,0.0416088286162556,-0.00023946775736350702,0.11023382264031525,-0.005398253782672766,0.022753676346108156,0.11264206532327357,0.002353829948816314,0.22611707361074573,0.13001192689396263,0.15034353880801501,0.04568161262775233,0.19705132799492914,0.14773852010652608,0.09655669914039657,0.05683515639786027,0.10323427516447534,-0.006258305832761449,-0.0016567073266996685,0.1546734481790269,-0.04106752300247195,0.2485048890890335,0.12810268274416853,0.011770400558969694,-0.07289577887938414,0.2268230586631928,0.162521781928497,-0.1197215214160544,-0.056899740883972136,0.0793015054600542,-0.008873614022190241,-0.058707392401110656,0.1362415939364779,-0.10993475219716385,0.2606959112440731,0.08910947872719438,0.005378453811650785,-0.15130183316923132,0.2571021871958762,0.15463382032475834,-0.1051153372562072,-0.09723176064709829,-1.06199561197331,-1.098673622720169,0.1253860439325779,0.0,9.501526182643085e+295,21.68397456655981
Qwen,Qwen Small,competition_math,KDE,hc_values_per_expert_hat_1_new.parquet,16.115502927657754,25.0,19.57453353444897,26.0,0.01810040737793508,0.0,0.1049109050545163,0.029467814673839025,0.08224160846620543,0.17560228691865282,0.02901103711650974,0.12677609202695012,0.07621704025210427,-0.0030199316550417856,0.04666158363659349,0.02869386480241204,0.03248774632888081,0.035580024829611936,0.05414584366360438,0.031001349744572287,0.09408805261203593,0.04199274795725682,0.042121787136307154,0.010036091907202973,0.07216570363569569,0.04207643670228562,0.12963673294950945,0.012906390527393966,0.06913517142243383,0.09245112274112015,0.02358234832863333,0.1655181771361155,0.10195019260616209,0.08854835976876602,0.02054461576731791,0.12496842403430394,0.08583825513291966,0.046966909986118716,0.009120698512593,0.12757109254912452,-0.0038524531445152882,0.04126636327068384,0.1163488621183772,0.00936874537225119,0.18074831555766752,0.09574790663442789,0.0971098422874415,0.0016356305741768843,0.13171545041046484,0.09231367862910131,0.028577872811417392,-0.005951181073763305,0.12441017014781007,-0.005398253782672766,0.029289157041671822,0.12470622538401625,0.010742854194548406,0.21148273338573573,0.1275089154354697,0.13818973982651242,0.045796734380264596,0.1662339768843657,0.1389830692858185,0.07048728371341594,0.049746192127143686,0.12501534534791872,-0.006258305832761449,0.002145098914399418,0.15276355565005023,-0.036317778747801586,0.23815031834692763,0.12718124689712737,0.03910029204342058,-0.07595998667822856,0.1956990873564476,0.15820363423054676,-0.08331876800493904,-0.06493060955392432,0.10837768149622862,-0.008873614022190241,-0.0573087997531289,0.1461733027512195,-0.10845713184547019,0.2584703502667265,0.09011161650205826,0.05370144150713637,-0.1513619986468801,0.23176293232391557,0.15477133757911626,-0.053403153548517074,-0.09851858887140148,-1.658771542517585,-1.2835102843101422,0.09524173210780816,0.0,9.501526182643085e+295,21.68397456655981
Qwen,Qwen Small,competition_math,JohnsonSU,hc_values_per_expert_standard_1_new.parquet,14.014062258750311,15.0,17.205434872976472,25.0,0.00019003052365286174,0.0,0.13736803330371827,0.023299660323165043,0.07120961142249568,0.21778750977011935,0.02503458524681748,0.10109256793989405,0.0851947266714613,0.00013293712855331444,0.02996670986746081,0.05217330663225697,0.02316672319461173,0.04124290155503488,0.021187442575804242,0.01911655699058785,-0.04064446938876579,-9.376892618875486e-05,-0.07466569716027796,-0.024693157358786157,0.008888825427179337,0.01004752464923158,0.15802382829276024,0.0563486820313468,0.05954333828404232,0.09827000184372395,0.014248055404528844,0.20468348552169696,0.07402864375893758,-0.03365113321466431,-0.023943247478601385,0.15643167155696908,0.05459958022156329,-0.13072939274134945,-0.04570399816025447,0.14722461487331853,0.04969411864827189,0.040610733494260226,0.15801425970004543,0.013050136898683489,0.20598394796707126,0.05785135765208451,-0.01099474425348107,-0.037730246318267005,0.14852698630446842,0.04234642883919837,-0.15464081538608218,-0.06209090112957699,0.1342730124288834,0.0205123181615091,0.032349410156730256,0.17642060969870577,0.013415801815729095,0.22320489836878699,0.05833628147036041,-0.008897539631246714,-0.047520104798956825,0.17293309590269262,0.047523211682273185,-0.16781204418516144,-0.07350433904490569,0.1328986704514975,0.015881421977704736,0.013925617311542704,0.19266836687921146,-0.003610195734460427,0.24959373119893014,0.058951414648053924,0.0008662032207306185,-0.059762380502922666,0.20354368601520226,0.06258596870676814,-0.16789393348356166,-0.07295200874327987,0.11496211020146228,0.07197053047943609,0.003177827720026064,0.1693526347635467,-0.01607811433583865,0.2719730185736316,0.05228552842193489,-0.013298292338222101,-0.08567807577528729,0.24315263433620166,0.06146482713979911,-0.15673428851442703,-0.09281895218465566,-1.2601377312743016,-1.1715261709306521,0.058334578950696485,0.0,102.2919449786948,18.885377516557952
Qwen,Qwen Small,competition_math,JohnsonSU,hc_values_per_expert_hat_1_new.parquet,18.211302065394253,25.0,20.741499103293467,26.0,0.00019003052365286174,0.0,0.10921743691807886,0.023299660323165043,0.07343460224890228,0.1766441052132298,0.02503458524681748,0.0990862659156655,0.07192985746732844,0.00013293712855331444,0.024691645335095807,0.037287579450750424,0.02316672319461173,0.048742956913806465,-0.011662164823891121,0.02254004056979101,-0.07220380941979525,-0.00024526067913722163,-0.06924075038997322,-0.029272474791842036,0.0030813460572300336,0.005366486348372807,0.14486784201328556,0.0563486820313468,0.0643088870284661,0.0744087668127371,0.02063406782333059,0.17492688258073702,0.07196282214975613,-0.05534894544088942,-0.023401795741070878,0.1255672569480561,0.04775827561373683,-0.14089653208293462,-0.05037125662105978,0.1458185898893499,0.04969411864827189,0.0492174544801158,0.14198311645488612,0.023226069650886538,0.18936970060074038,0.05778370638329841,-0.016619240135084427,-0.03433223604180612,0.12757905004984704,0.03488332740039919,-0.14797936151639665,-0.06654996560758496,0.1387085259006313,0.0205123181615091,0.042597459017840476,0.16455095106335793,0.02509075858210367,0.21167500367693598,0.061034974049453565,-0.003648699263215244,-0.04056308392495456,0.15436089374627493,0.04230338789073253,-0.15049152664068,-0.07482473340772719,0.1399753675851827,0.015881421977704736,0.023055463135412256,0.18128777186580367,0.0068120643818483815,0.23899271430463703,0.0640613181646271,0.00846517351971123,-0.05014655459543711,0.18432802141795157,0.06142763546782895,-0.14823283278858856,-0.06984622710164438,0.11897351666117935,0.07197053047943609,0.00758752106404662,0.15208343526886964,-0.010907161340604045,0.2598845263462186,0.06087005324205448,-0.0026853703725252445,-0.07329891457170751,0.22524996278524156,0.06853211190183138,-0.12928470402781822,-0.08176673597013297,-1.785093653737385,-1.3677517322517747,0.053091827808878826,0.0,102.2919449786948,18.885377516557952
Qwen,Qwen Small,structured-wikipedia,GMM,hc_values_per_expert_standard_1_new.parquet,7.785300506879073,3.0,10.435734974656047,5.0,0.193881245474294,0.0,0.06951563160279114,0.003901122591196888,0.0737001793551533,0.1269777584167548,0.012944629070819282,0.12168623827657708,0.08923411262581638,0.013229501519905758,0.07632879755403302,-0.01971848102302523,-0.00932837892870887,-0.0026286181988797175,0.023867412488922417,0.03198403196635089,0.04855007503409822,0.04206886118873144,0.037326981755873435,0.017664596817617943,0.07132988636060758,0.05834855912372719,0.099009616126944,0.007705203976336347,0.12138527995790585,0.05660820601438638,0.09082666470926182,0.1853736367307345,0.19550605232528817,0.12247222830343922,0.13800776597322317,0.16930224375825154,0.15935514511463567,0.12107424652444473,0.10571052256407111,0.07270350455452412,0.009402647362442333,0.08597690591563283,0.042598573799165006,0.06123990630837398,0.16269393767618115,0.16868794328472414,0.12052296398485786,0.1291362318457354,0.15334534705268993,0.14669992968569578,0.12620407641907613,0.11708154624844679,0.027069324187432985,0.014127567342682073,0.03214493849270927,0.005756452606984071,0.011930447128646082,0.11232511601246892,0.11365970765140185,0.09129355030562357,0.09341240432412427,0.12706640364522714,0.12336640966886332,0.1209792826869214,0.11716181005841986,-0.03036832668714094,0.02369927449016428,-0.02938929174103208,-0.04576850890185811,-0.04577031291130723,0.07433443277414481,0.07369735875598561,0.053176948084712454,0.052266621235503755,0.13266162693182865,0.13075767397927468,0.12072351572588691,0.11949667940537688,-0.03281777144332404,0.03753552150380089,-0.0240377987710221,-0.05301469609253242,-0.04396297373155217,0.044427324023098715,0.03315526592013675,0.04913470055341238,0.035363935950706624,0.09692425884940892,0.0718261857158597,0.12586228836663704,0.09707289061637876,0.48774311702459233,0.25436155146580336,0.8020615783944058,0.0,9.051412020275162e+295,96.23096563446141
Qwen,Qwen Small,structured-wikipedia,GMM,hc_values_per_expert_hat_1_new.parquet,10.391202027516293,5.0,13.932250181028241,12.0,0.193881245474294,0.0,0.03381212904676677,0.003901122591196888,0.04214341186577316,0.08164941589150096,0.012944629070819282,0.0912172842526387,0.07150417739993495,0.013229501519905758,0.07421523197924221,-0.03769204835316818,-0.00932837892870887,-0.03207182011346905,-0.012954846677299656,-0.011352689659584796,0.005070028068685994,0.0036936539009268933,0.02396001839521667,0.01994226273510054,0.05448339167026224,0.05759551850172766,0.05591826151697505,0.007705203976336347,0.10618198464529488,0.00989658144259589,0.06862429840221093,0.13701541735592487,0.19513427823596802,0.06862766528774285,0.13724969468042897,0.14467600850641477,0.17599916490222656,0.09264205172066092,0.1297906540884223,0.04168822462751527,0.009402647362442333,0.07764660901991996,0.01136136185735484,0.05102228985010973,0.1262573704450873,0.17604488122285356,0.08045670144576753,0.13811662874300942,0.1360994071150704,0.1671163713023896,0.10411119082836168,0.1420619691673481,0.004864547675441867,0.014127567342682073,0.017291653218614547,-0.013586879733444067,-0.003191165437856815,0.08547951537960005,0.11691282588615716,0.06117665175168671,0.09646162346583459,0.11394134975858292,0.14418279252285734,0.10020288044675804,0.13799932831202041,-0.041667763818641554,0.02369927449016428,-0.05064831445671048,-0.05070707058229862,-0.06594985050308474,0.05003838070902795,0.06685555059721171,0.027555875519395992,0.04477147440503135,0.1119508335934262,0.14421545311278244,0.09142131727264165,0.13095970051542563,-0.0470272783598714,0.03753552150380089,-0.05261128891853448,-0.058618998252867864,-0.06976372001452845,0.049908870891437924,0.038497138299106545,0.050485225427984844,0.038778467685616325,0.12023229009346452,0.11098953154820412,0.13395384857945195,0.1305223205070487,-0.23580097259300767,0.24431078247015897,0.48968960184940147,0.0,9.051412020275162e+295,96.23096563446141
Qwen,Qwen Small,structured-wikipedia,GLM,hc_values_per_expert_standard_1_new.parquet,11.683019551049965,3.0,15.86445510499638,25.0,0.0,0.0,-0.013781087704729068,0.007114540870767904,0.04851292420577057,-0.0044692197373105685,0.03324776494997603,0.03732377505414008,0.011563139255454451,0.03774850215943396,-0.010197763221450214,-0.02534422696018352,-0.030633961288666058,0.058710687427220784,-0.03458258585233051,0.04834832402030931,-0.03675933497498996,0.03442592556803847,-0.007069724674525607,-0.01408809244240394,-0.0036040098066273574,-0.011888016834577457,0.0398411000999251,0.03016484913916511,0.09019149460263418,0.002401069772699532,0.08362663046776306,0.06696195549385144,0.06802868642109712,0.008392443743991737,0.056184904743215684,0.05654281111633343,0.0011713071114928639,0.010007160015136974,-0.009526843054909176,0.0356038077505558,0.03028027177451978,0.06703222312919146,-0.028518867808716653,0.057432577723812626,0.05764098446920403,0.04793755279982957,-0.04278981642996068,0.03173962974869332,0.04290331868960317,-0.007746314798243927,-0.029279257209780557,-0.02040603851001055,0.023144727535103934,0.03939521772294731,0.0433383124890674,-0.04923461168940944,0.034133138424868155,0.026251940547759124,0.031844809903400065,-0.08452616760065557,0.01813099550065717,0.011266641359839586,-0.0030589094524837196,-0.06376655821770949,-0.012146816763698795,-0.010137468987281299,0.03064330597009599,0.03321961877147147,-0.06418252218424793,0.029478360608210748,-0.0016047990078519644,0.0314114370289515,-0.10419279162544619,0.022513127783431546,0.008653235668097906,0.00691647078429854,-0.07189875089814829,-0.0011406619857581017,-0.0008342787494791254,-0.010156517596591388,0.05119985005447132,-0.02769059252547603,0.049204398908938886,0.03051883019494209,0.0260578465411859,-0.06340303986208466,0.013203208864678588,0.04233114159993003,-0.02184315164505255,-0.05503380336480286,-0.03721984758292719,-2.0952190418021965,-2.009185300086483,0.013176966415243026,0.0,22.296858242620754,15.748936164644196
Qwen,Qwen Small,structured-wikipedia,GLM,hc_values_per_expert_hat_1_new.parquet,18.29842505430847,26.0,21.273669442433018,26.0,0.0,0.0,-0.015902202728129214,0.007114540870767904,0.04621007179064471,0.0031670639823665886,0.03324776494997603,0.03367474163367558,0.02510467257474356,0.03774850215943396,-0.012366279899519257,-0.041006875302872774,-0.030633961288666058,0.058576351690163966,-0.029726307050758342,0.046042711542420484,-0.015056369748747096,0.03057056794259875,0.017295052091672425,-0.016544121854109917,0.0186124708318249,-0.014179900280542425,0.04154005365083985,0.03016484913916511,0.09880549084150533,0.011523458838618562,0.09199027110106497,0.09396456627239307,0.074413117601215,0.05865388255023128,0.06182626194708304,0.09560570319576167,0.0011118977670369263,0.07589439259017008,-0.01044595761790335,0.025600190294558088,0.03028027177451978,0.07644215771949589,-0.0313321202398739,0.06621788870578806,0.06522563194074776,0.05419941815566742,-0.010604487052429399,0.036635219881547,0.06559431033454076,-0.009516918256868503,0.020917911016427582,-0.02346849748701495,0.015790556610031075,0.03939521772294731,0.048139308691243526,-0.045290104490636876,0.038125570814968486,0.03249475593613776,0.034767470485981604,-0.04956106192924933,0.019711672281420713,0.02803662023827579,-0.004242076628741735,-0.019397680513806664,-0.014319616768286268,-0.014463045037673206,0.03064330597009599,0.035108956743410115,-0.05576805283769908,0.031090723087035158,0.0033885593329576,0.037041628438906966,-0.06944734125213496,0.027454470611627632,0.020003639294944045,0.01249387222614066,-0.03404716788801369,0.0037983497625740685,0.0021697177331819854,-0.010156517596591388,0.05491548812132064,-0.016016994456887465,0.0529229991798137,0.03147830436570262,0.034568736769870434,-0.04140731600939939,0.02118052039699544,0.0402771731474516,-0.01444842806617071,-0.03825820468630042,-0.030558452719665077,-3.0118800564358317,-2.8392720075696847,0.011485928737115816,0.0,22.296858242620754,15.748936164644196
Qwen,Qwen Small,structured-wikipedia,StudentT,hc_values_per_expert_standard_1_new.parquet,10.05525887038378,4.0,13.409259594496742,8.0,0.004389934829833454,0.0,0.027470253526114118,0.0032605053603403603,0.04597037688483925,0.037325404839941005,0.0025630621378277115,0.04343966053000277,0.017102902989557543,-0.0006082780620735428,0.0017422111259095575,0.010367350536556574,0.003868783422413903,0.0442281657589297,-0.007244716110946182,0.03248855546246628,-0.007006925272050919,0.023372018981370594,-0.0004971478060915375,-0.009134592139458414,0.012851258104623906,-0.002695744265489534,0.08008346130734861,-0.007034875179383578,0.12467878221902934,0.02966956274668625,0.10120744384850383,0.11606197951292702,0.12673353520342445,0.05802737808981379,0.08984084377625201,0.08551971505936526,0.05124094839995389,0.05426629742861156,0.021491632516637157,0.07829345255820715,-0.010432633657448908,0.1049831973276634,0.002439745624227288,0.07038827263961389,0.12831226321768224,0.11510621917660872,0.03007715850013158,0.057347543983343456,0.09662257665998154,0.04635428742252387,0.04091358957235177,0.0017218992846385157,0.05420617923077944,-0.014440377939524072,0.06909395712857279,-0.018093407469103512,0.03778873510729419,0.10191709472908331,0.08115613821325343,0.0034752923361847884,0.025742614468576168,0.08280541856585868,0.03752200225706316,0.02467689198683484,-0.005637601157126733,0.012877102264436134,-0.016519278439889967,0.030895751150953332,-0.02425362727834941,0.019700088052035675,0.06967844599408671,0.05780717875034696,-0.011707209853509296,0.016988424661256656,0.08023504259525802,0.04499650669078404,0.010175936428840803,0.001822198029882328,0.022462553801835025,-0.019961757727428912,0.05006891602395173,0.02145218987425335,0.04938471441427209,0.07631894469557424,0.03855095390610634,0.0336144197888755,0.004855041646816739,0.07843675507758856,-0.003632798405405485,0.021594835013445484,-0.048730463819143484,-1.1343871428765102,-1.1685773804921524,0.09962494892078,0.0,406.7245047811494,26.7185539631105
Qwen,Qwen Small,structured-wikipedia,StudentT,hc_values_per_expert_hat_1_new.parquet,14.008463070238957,11.0,17.58481173062998,25.0,0.004389934829833454,0.0,0.007893820026568896,0.0032605053603403603,0.03480195494854178,0.016999874142190903,0.0025630621378277115,0.0318187461858627,0.013779770712880501,-0.0006082780620735428,-0.00018915495392365315,-0.005885950686311606,0.003868783422413903,0.034991109902465435,-0.035019283043858866,0.019219448528220762,-0.0349419161658223,0.009236008878160638,-0.0039164691308353336,-0.011883721721565065,0.007801100912953238,-0.005086522110979251,0.05696511182566098,-0.007034875179383578,0.12769594123836647,-0.00591678266517328,0.10402173153138936,0.0994553000621313,0.13576586129899257,0.03136781783411604,0.09839885324436308,0.08648048578033884,0.06153559776913865,0.05417161909317422,0.03126134053049748,0.05735881263015538,-0.010432633657448908,0.10905973882901232,-0.024270411238008886,0.07312883659154709,0.11339930102196563,0.12631431078129882,0.013483063900774766,0.06619853564498601,0.09912695476907274,0.057999965286980044,0.04777593189846757,0.01141455844169846,0.0338931251419815,-0.014440377939524072,0.06701824960043706,-0.04251371269435401,0.03332184702567946,0.0851241817011941,0.0835995476510791,-0.014022072169907793,0.02460292501834106,0.0816341203716255,0.04320606444364085,0.0271216185076527,-0.002323944953048894,-0.00016143638871131925,-0.016519278439889967,0.02322635753035463,-0.03954577100431409,0.009633251338764685,0.0538707172568921,0.05989639332610387,-0.027758585338468974,0.015324954456933293,0.07282833808862446,0.05599822995371861,0.004898410496149787,0.01035621510448414,0.0038411387081943686,-0.019961757727428912,0.044610766547198547,-0.015880095261805498,0.0439087334038029,0.06312017721799293,0.0505972595695383,0.00982462327658337,0.014939349502367999,0.0813328343056487,0.018805026455225048,0.03112384538200275,-0.02890873432587317,-1.6831305269369483,-1.5247497641602035,0.08455510775903233,0.0,406.7245047811494,26.7185539631105
Qwen,Qwen Small,structured-wikipedia,StudentTSkewed,hc_values_per_expert_standard_1_new.parquet,9.542043808834178,2.0,13.67799601737871,12.0,0.02661115133960898,0.0,0.04977135655356804,0.0412473313228751,0.060020778895541436,0.07380546400256624,0.039322837634121234,0.07229617147651866,0.039717224728231644,0.0020524047545208792,0.024288206813505808,0.010054131825336397,0.03919492656835422,0.03573257208203563,0.039000611967857896,0.04436949615804844,0.06386437001047561,0.05834499700360688,0.03960528144026636,0.024854512617317016,0.04020636555537225,0.02573439409307832,0.09866539433658347,0.03024259295544797,0.11374398306791986,0.08942230220241766,0.10952559648238737,0.14846690318610678,0.13396710255628244,0.14272478555285056,0.13628657724134663,0.11367298706594457,0.07459730492186756,0.11533803311849875,0.08283842180487852,0.08470602143747569,0.004064943577592302,0.08692317147227084,0.08378722453792188,0.09575443937146925,0.14589127132943064,0.11014938600949956,0.14905329628378938,0.1251905715354863,0.11486604698092456,0.06006987505879971,0.12053685432096567,0.07178958969957741,0.05275360440777045,-0.005584438113364478,0.04939296852098711,0.05319841744745997,0.054400885852774666,0.10933654718212146,0.07123946333848111,0.11255098736228383,0.07983045017574163,0.09474983942503701,0.045274592615583135,0.09874408107727586,0.05177173135113808,0.009098176283245852,-0.0069285039997776035,0.0005957544791436106,0.006224664899980562,-0.006869084486270146,0.07615488080805327,0.0444731029977395,0.0791881499264501,0.05285366455993062,0.09300236110893365,0.0593456702666089,0.10015859033146318,0.07861312253012544,0.003922484755619002,0.0209883699662649,0.009183795468619659,-0.010688158870180198,-0.02020393759753683,0.06436187818117337,0.023536672261685057,0.06859191135632255,0.028872154267401074,0.08292635507328647,0.02166940278701704,0.10502992582190095,0.06175155200106847,-1.0992709750597904,-0.9880305066912924,0.18486839120992038,0.0,2.0818247646632874e+297,33.17234929030288
Qwen,Qwen Small,structured-wikipedia,StudentTSkewed,hc_values_per_expert_hat_1_new.parquet,14.514346488052135,20.0,19.114002534395365,26.0,0.02661115133960898,0.0,0.018469973543908242,0.0412473313228751,0.043882569478111394,0.041452650590570794,0.039322837634121234,0.05782073402818034,0.03461051549061048,0.0020524047545208792,0.02477072104355583,-0.016140541946702235,0.03919492656835422,0.019111848434555562,0.012689816330914766,0.031459660113855654,0.03575735450512699,0.04588260593465507,0.03403029122660601,0.02399490294113613,0.03439897207532568,0.024837099653002164,0.0632800646158847,0.03024259295544797,0.1165603224228498,0.05766059915495738,0.10815054892406435,0.1227988233289671,0.15037083606253787,0.11812726774046664,0.1453039680862765,0.11476467236800317,0.0963079467789168,0.11395127221658348,0.09806988103844433,0.052527875359539594,0.004064943577592302,0.09176155635256382,0.0505203621313083,0.09136913253006414,0.11923181530368815,0.13134149829113517,0.11802320848055442,0.13371637391280536,0.11325512551246,0.08541932309145395,0.11380395637443919,0.08933343898409449,0.02471540288262633,-0.005584438113364478,0.04288636036165979,0.023893912646045234,0.04269481075370515,0.08115791244924098,0.07951657088045021,0.08075707245594176,0.0808346363806978,0.08615741152882053,0.06395426801293552,0.08649552020175012,0.06600089378162423,-0.008261091516217277,-0.0069285039997776035,-0.01134195163061976,-0.009689650758940115,-0.015335719169637281,0.04950582056348582,0.04362324903558818,0.04921072381939754,0.04429065440520969,0.07558445565579205,0.07093813402944586,0.07670959870181637,0.07609857585633636,-0.011533571108387541,0.0209883699662649,-0.0043113687733842,-0.016778125144361812,-0.01816450178164057,0.05355236455781369,0.025528941349521772,0.05352181376019023,0.025808458710485323,0.08552773829689658,0.0394462461677767,0.09137921084255553,0.05531561189597446,-1.8732847635873142,-1.3337983361928472,0.143454760301964,0.0,2.0818247646632874e+297,33.17234929030288
Qwen,Qwen Small,structured-wikipedia,KDE,hc_values_per_expert_standard_1_new.parquet,13.152199493120927,10.0,16.090287834902245,22.0,0.00013577118030412745,0.0,0.03471819665477759,0.003352976296762074,0.03380270395134727,0.08753714198453079,0.0037751754713534974,0.03793907463188495,0.07864792928820624,0.000984440546268647,0.009755000367539079,-0.04392973263342865,0.0023685357504934267,0.02404770358380819,-0.008730047207055542,0.010074310233080403,-0.01273157581642653,-0.02886687025612272,-0.006600529767420876,-0.05384585116924652,-0.0006679569863459401,-0.031030686533829635,0.08289896620094378,0.006616200777800803,0.08909614244332734,0.034929950064879145,0.05780737492177869,0.17160369511666543,0.1001004997766213,0.059466501294115445,0.014990455497287088,0.16663687609297673,0.051091307622044946,0.05029413890508378,-0.04337412618455072,0.05153383448218051,-0.01024958433524091,0.0682735281488479,-0.0019614789436664796,0.044049238086449824,0.14493684543447266,0.08741630053131123,0.01825676211239322,0.009433836662705173,0.15196685124222276,0.04849643270812746,0.028985933418178896,-0.03787925547329131,-0.00043135438328124366,-0.021495324227002288,0.025609258327582193,-0.04994693100555487,0.014152527232203407,0.08363479037207514,0.047936020316023766,-0.02710234294526259,-0.010168840837469554,0.11717094447960999,0.03882232119614411,0.01725755113344861,-0.029837065851029704,-0.05499367016977981,-0.05576969271054098,-0.01223844490186727,-0.05904645335695479,0.0026984388049465027,0.03583754733669596,0.0287519197475666,-0.04357688871409544,-0.003421477950557685,0.10701801652874328,0.05183764117009321,0.004364204323482429,-0.007537522659168234,-0.04849686289916022,-0.041146966533161494,0.011632244699392068,-0.01796692589471378,0.038185309260878444,0.016384063169694128,0.017828454444953457,0.014269523033497024,0.014412199170034947,0.0763969459031407,0.011191167220744943,0.03948901286630802,-0.02310976655797733,-1.4357050483547682,-1.6633803137264445,0.1352641761364191,0.0,10502.391695545888,17.55801561255217
Qwen,Qwen Small,structured-wikipedia,KDE,hc_values_per_expert_hat_1_new.parquet,17.512309920347573,24.0,20.26674511223751,26.0,0.00013577118030412745,0.0,0.02618648094907896,0.003352976296762074,0.02160029766644052,0.08191246230379437,0.0037751754713534974,0.025617711899161653,0.0817685010964156,0.000984440546268647,0.00817529516041405,-0.055582020147336646,0.0023685357504934267,0.013425002506026469,-0.015251102068301388,-0.00653917164136199,-0.005473518917781216,-0.04894885723968112,0.01212936400154076,-0.060555993849072995,0.014788324225832317,-0.03542226475800766,0.07823712691175627,0.006616200777800803,0.09481155127441195,0.029768182032091136,0.06258369261912453,0.17838617461062756,0.11597524264194689,0.08032703950992762,0.02499772261878494,0.18220830665945256,0.06871762031784687,0.0878576770696616,-0.033650055934794455,0.045195537718093357,-0.01024958433524091,0.07450369323648993,-0.00631227924062574,0.04940748343156884,0.14980589941534295,0.10799772538570718,0.04050694001325587,0.023927939902975908,0.16643653533808292,0.07133847270408032,0.06661147975937241,-0.022978848556396928,-0.002496878105605679,-0.021495324227002288,0.01743069277757393,-0.04245572959492216,0.0032550029931915254,0.08917459196908703,0.05260115334603064,-0.0013782059598266782,-0.011153759253430286,0.1271643393780412,0.05429433630988582,0.04494295115038554,-0.01918331406844838,-0.049317881310931615,-0.05576969271054098,-0.03226906089559606,-0.043224200856524515,-0.019005929845400282,0.03636547022317678,0.029952907396484072,-0.03034947966737379,-0.006604165433793044,0.10167342390481464,0.07483200640199537,0.005296594612892278,0.011466948415585203,-0.061722296553675386,-0.041146966533161494,-0.010680437511289127,-0.043163566550008706,0.017311563294454334,0.0176735538838843,0.023175824869381786,0.015735086877568992,0.02064066321638272,0.09291916701847391,0.04336855470293187,0.06965759701206453,0.008699173001439048,-2.1140615306286836,-2.2090520736646226,0.10895667176588215,0.0,10502.391695545888,17.55801561255217
Qwen,Qwen Small,structured-wikipedia,JohnsonSU,hc_values_per_expert_standard_1_new.parquet,12.969179942070964,9.0,15.720130340333093,21.0,0.004616220130340333,0.0,0.04604457498437085,0.008981223383958894,0.040104976843708076,0.09298737063408394,0.015211732790793079,0.042974109884629255,0.07165538652477249,0.00984250727826511,0.008693503715879616,-0.025610811540401644,-0.000861283894306215,0.03141147312782846,-0.014518966508515651,-0.003637859623406882,-0.010472577069038825,-0.04893220585466796,0.0041128607988606125,-0.06418244633883165,-0.0017076351389819322,-0.04378624571984981,0.09327123473312045,0.021956072517411194,0.09126858136856708,0.03247131493333286,0.04251378030991943,0.17190810770375822,0.09954711504047592,0.07437998327084135,-0.007951801526897773,0.15535875778255387,0.04779241100813242,0.07561154135885116,-0.0604142632470983,0.06267276120919246,0.02404046368488475,0.06717472632897742,-0.0027959191913784244,0.025258556806927623,0.1487886129230807,0.08613486878353113,0.039820436569859445,-0.015545969347175285,0.14466835814342793,0.047899232129986286,0.061309365824495615,-0.0521510088388902,0.011583692182625751,0.017114249146866246,0.027845645686166928,-0.04979309828901163,0.0016092041512209788,0.08895379702817749,0.045956104882013515,-0.00869468329833598,-0.03198741478150465,0.11142584384565205,0.033608903176811374,0.04268901305334469,-0.04639343311459741,-0.04482830053950958,0.018972419748480636,-0.013993511606109697,-0.06294701066206816,-0.004921684888224842,0.04139865209757526,0.02823919031193773,-0.0370333281361362,-0.019698973523931167,0.10367092431936582,0.0530189406325204,0.017435350298134308,-0.021382869472965454,-0.037591508541165435,0.03205584218284047,0.006335664924011917,-0.029464669771599943,0.0318154952330131,0.02497505724523727,0.017367972548353906,0.017491677136703927,0.006474226123503017,0.07586931040517218,0.016482875976506228,0.056713088033591416,-0.026786741806261897,-1.2931218575840613,-1.5422498154600535,0.13616098415329878,0.0,4958.196232798485,18.33268948321801
Qwen,Qwen Small,structured-wikipedia,JohnsonSU,hc_values_per_expert_hat_1_new.parquet,16.78000543084721,23.0,19.53054851556843,25.0,0.004616220130340333,0.0,0.034139816608566353,0.008981223383958894,0.026471453658356528,0.08304326506893434,0.015211732790793079,0.028875300563778062,0.07304854006732765,0.00984250727826511,0.0064588876810292815,-0.0389087234587613,-0.000861283894306215,0.020012565977327246,-0.017276874247463776,-0.018622769211804984,-0.0018293634617489861,-0.060448864210362344,0.01986719629676296,-0.06093462081048841,0.014206393444467754,-0.04197475256094172,0.08594159094323867,0.021956072517411194,0.09807899443768395,0.030062787529866516,0.052635486478447645,0.17475078380457154,0.11672069825974038,0.08927569276598035,0.01848375254331751,0.16796979542525695,0.06615075395972184,0.10089498429823736,-0.03192619314809562,0.05660649580737627,0.02404046368488475,0.07419744431611411,0.0022601706357476548,0.035547415517253794,0.15236991667470257,0.10731680139056768,0.06255193097022388,0.01587506089680966,0.1569407984536138,0.07069895281420935,0.08854124224033212,-0.01836207260538554,0.008725457374806341,0.017114249146866246,0.01834330114543516,-0.03365326695559297,-0.009348906943682145,0.09399565782293949,0.053088642183621366,0.020871597544737167,-0.018221636947479945,0.12159315123018656,0.053974448556255605,0.06616484412564608,-0.015126493294467575,-0.03943411495539237,0.018972419748480636,-0.03446636223153773,-0.04162593683260407,-0.031163560367891616,0.04073256502983874,0.030562996464838454,-0.016381525949508473,-0.01409713096686553,0.09701645399627484,0.07799957094918351,0.02250530554084261,0.01436752774736327,-0.05150108721026676,0.03205584218284047,-0.014389749734703043,-0.0477229958906529,0.0032194651633227636,0.02036545755678574,0.024335232041505405,0.009017820838587801,0.015920339913790698,0.08515352933553888,0.04908466497915534,0.06562164210746124,0.01802574657834358,-1.8997268637668376,-1.9977334431241254,0.10791024917555124,0.0,4958.196232798485,18.33268948321801
