Big Model,Small Model,Dataset,Estimator,HC_File,Avg_Experts_At_Max_HC,Median_Experts_At_Max_HC,Avg_Experts_At_Max_HC_Pmin_rm,Median_Experts_At_Max_HC_Pmin_rm,Avg_Significant_Pvals_Per_Token,Median_Significant_Pvals_Per_Token,Pearson_Max_Per_Row_Big,Pearson_Inverse_Min_P_Big,Pearson_HC_Pmin_rm_Big,Pearson_Max_Per_Row_Small,Pearson_Inverse_Min_P_Small,Pearson_HC_Pmin_rm_Small,Pearson_Max_Per_Row_Diff,Pearson_Inverse_Min_P_Diff,Pearson_HC_Pmin_rm_Diff,Difference_Pearson_Max_Per_Row,Difference_Pearson_Inverse_Min_P,Difference_Pearson_HC_Pmin_rm,Partial_Pearson_Max_Per_Row_Big,Partial_Pearson_HC_Pmin_rm_Big,Partial_Pearson_Max_Per_Row_Small,Partial_Pearson_HC_Pmin_rm_Small,Partial_Pearson_Max_Per_Row_Diff,Partial_Pearson_HC_Pmin_rm_Diff,Partial_Pearson_Max_Per_Row_diff_p_min,Partial_Pearson_HC_Pmin_rm_diff_p_min,Pearson_Max_Per_Row_Big_Q50,Pearson_Inverse_Min_P_Big_Q50,Pearson_HC_Pmin_rm_Big_Q50,Partial_Pearson_Max_Per_Row_Big_Q50,Partial_Pearson_HC_Pmin_rm_Big_Q50,Pearson_Max_Per_Row_Small_Q50,Pearson_HC_Pmin_rm_Small_Q50,Partial_Pearson_Max_Per_Row_Small_Q50,Partial_Pearson_HC_Pmin_rm_Small_Q50,Pearson_Max_Per_Row_Diff_Q50,Pearson_HC_Pmin_rm_Diff_Q50,Partial_Pearson_Max_Per_Row_Diff_Q50,Partial_Pearson_HC_Pmin_rm_Diff_Q50,Pearson_Max_Per_Row_Big_Q75,Pearson_Inverse_Min_P_Big_Q75,Pearson_HC_Pmin_rm_Big_Q75,Partial_Pearson_Max_Per_Row_Big_Q75,Partial_Pearson_HC_Pmin_rm_Big_Q75,Pearson_Max_Per_Row_Small_Q75,Pearson_HC_Pmin_rm_Small_Q75,Partial_Pearson_Max_Per_Row_Small_Q75,Partial_Pearson_HC_Pmin_rm_Small_Q75,Pearson_Max_Per_Row_Diff_Q75,Pearson_HC_Pmin_rm_Diff_Q75,Partial_Pearson_Max_Per_Row_Diff_Q75,Partial_Pearson_HC_Pmin_rm_Diff_Q75,Pearson_Max_Per_Row_Big_Q85,Pearson_Inverse_Min_P_Big_Q85,Pearson_HC_Pmin_rm_Big_Q85,Partial_Pearson_Max_Per_Row_Big_Q85,Partial_Pearson_HC_Pmin_rm_Big_Q85,Pearson_Max_Per_Row_Small_Q85,Pearson_HC_Pmin_rm_Small_Q85,Partial_Pearson_Max_Per_Row_Small_Q85,Partial_Pearson_HC_Pmin_rm_Small_Q85,Pearson_Max_Per_Row_Diff_Q85,Pearson_HC_Pmin_rm_Diff_Q85,Partial_Pearson_Max_Per_Row_Diff_Q85,Partial_Pearson_HC_Pmin_rm_Diff_Q85,Pearson_Max_Per_Row_Big_Q90,Pearson_Inverse_Min_P_Big_Q90,Pearson_HC_Pmin_rm_Big_Q90,Partial_Pearson_Max_Per_Row_Big_Q90,Partial_Pearson_HC_Pmin_rm_Big_Q90,Pearson_Max_Per_Row_Small_Q90,Pearson_HC_Pmin_rm_Small_Q90,Partial_Pearson_Max_Per_Row_Small_Q90,Partial_Pearson_HC_Pmin_rm_Small_Q90,Pearson_Max_Per_Row_Diff_Q90,Pearson_HC_Pmin_rm_Diff_Q90,Partial_Pearson_Max_Per_Row_Diff_Q90,Partial_Pearson_HC_Pmin_rm_Diff_Q90,Pearson_Max_Per_Row_Big_Q95,Pearson_Inverse_Min_P_Big_Q95,Pearson_HC_Pmin_rm_Big_Q95,Partial_Pearson_Max_Per_Row_Big_Q95,Partial_Pearson_HC_Pmin_rm_Big_Q95,Pearson_Max_Per_Row_Small_Q95,Pearson_HC_Pmin_rm_Small_Q95,Partial_Pearson_Max_Per_Row_Small_Q95,Partial_Pearson_HC_Pmin_rm_Small_Q95,Pearson_Max_Per_Row_Diff_Q95,Pearson_HC_Pmin_rm_Diff_Q95,Partial_Pearson_Max_Per_Row_Diff_Q95,Partial_Pearson_HC_Pmin_rm_Diff_Q95,Avg_HC_Max_Per_Row,Median_HC_Max_Per_Row,Avg_HC_Pmin_rm_Max_Per_Row,Median_HC_Pmin_rm_Max_Per_Row,Avg_Inverse_Min_P,Median_Inverse_Min_P
Liquid LFM2-8B-A1B,Liquid LFM2-700M,lambada,GMM,hc_values_per_expert_standard_1_new.parquet,3.958003798168225,4.0,4.542729392533475,5.0,0.13937835044111638,0.0,0.03413808195061265,0.03269426317566072,0.055818707527473956,0.08550621356045951,0.028656684534075483,0.09729782089474652,0.06474990938268455,-0.014707599863871698,0.044603596547579255,-0.030611827432071893,0.04740186303953242,0.0112151109798947,0.021540852269946113,0.043341602781917454,0.07219203802465823,0.08373695306123478,0.0670069111385809,0.04631445277023613,0.06783414960747583,0.04722235588841943,0.08068796528313378,0.014414801012502707,0.10079887069212698,0.01570354270203868,0.04836238681964603,0.07338462346175742,0.09426415537029434,0.010936025508341605,0.044392345708804765,0.00893151247164405,0.017956749352871285,-0.0069962054649542055,0.0064571081205481865,0.11764627696904968,0.01856756516959933,0.13206601937735163,0.05828900542803306,0.08023999130138254,0.10562435990820052,0.1212304766288199,0.04947634674035373,0.0726477926091868,0.0020881658001902876,0.009113373657241568,-0.006060460481008397,0.003135174550803525,0.1283818899389218,0.023058165629240058,0.14884811534952097,0.08070117973131398,0.10741627711354794,0.11892649627291348,0.13778701971949903,0.07333891201269081,0.09810322050161889,0.007478416053050123,0.008422691406377903,0.0012526466913539143,0.002885788633185868,0.12054865479934887,0.02221303072184035,0.1404240355574914,-0.05614675423551428,0.0064201639142681104,0.11618050202729466,0.13517430374219264,-0.07327101702240209,-0.008599251247981454,0.01681740636538139,0.019180091574221673,-0.055548479977206126,-0.036142328658241026,0.19254507460887677,0.017264490225217265,0.18199150090471328,-0.032188582373816735,-0.009976054276863107,0.18225483407787688,0.17493085227235744,-0.04343457507326466,-0.014860133514404667,0.012196627006949788,0.018324202720084372,-0.034169145184333824,-0.014051382116533133,0.3530824872090729,0.17449796132015533,0.41670451289390026,0.0,3.605855909997836e+296,18.832455784114522
Liquid LFM2-8B-A1B,Liquid LFM2-700M,lambada,GMM,hc_values_per_expert_hat_1_new.parquet,4.19995672972908,4.0,4.974614774393615,6.0,0.13937835044111638,0.0,-0.004952112086438917,0.03269426317566072,0.040207370764064845,0.04465895044748288,0.028656684534075483,0.08336195077010786,0.072845213909805,-0.014707599863871698,0.05126256114624976,-0.07779732599624392,0.04740186303953242,-0.011055190382184915,-0.015974126563834883,0.028395714968681245,0.032675861606737515,0.07045964900345852,0.07434437747677344,0.05278537882947665,0.0750762566203546,0.053542262951172336,0.04157850301100205,0.014414801012502707,0.08787405070740159,-0.023788131321335726,0.03164089184159506,0.033889517589293795,0.0818136459514955,-0.029194269995222833,0.028295264815018394,-0.005707032918354496,0.01469938117391736,-0.02241279100098382,0.0022685684388427164,0.0774958674732712,0.01856756516959933,0.1213603568379502,0.018731341418368977,0.06728697438914319,0.06580108466082876,0.11096038502796676,0.010088659454441137,0.06023757448438886,-0.00823347861037138,0.007247738913155776,-0.016640624384512127,0.0009025309579570491,0.08401011554501475,0.023058165629240058,0.13823747387299912,0.03657502533643518,0.09512644268704235,0.07566250826681943,0.12840800538993763,0.03030176310865341,0.08722639193582205,-0.0005513266492694,0.008939246262957223,-0.006788669565600549,0.0034260618341910923,0.0801475564088837,0.02221303072184035,0.13222460258047686,-0.07725183895895645,-0.008528148461718742,0.07505082676121518,0.12780067854226035,-0.09099099293701982,-0.02242219623330198,0.00560992762336085,0.019379629885386968,-0.051844640055412616,-0.03670333745405716,0.16017839861600305,0.017264490225217265,0.17836564978741176,-0.03869189350337229,-0.022055655926108673,0.147954375476971,0.17163681203831188,-0.05152858423247912,-0.026393961512560685,0.0008058489703995225,0.018446452731849822,-0.03938618706225004,-0.015078722149906859,0.03868853802427595,0.17306034339778278,0.30151695708288456,0.0,3.605855909997836e+296,18.832455784114522
Liquid LFM2-8B-A1B,Liquid LFM2-700M,lambada,GLM,hc_values_per_expert_standard_1_new.parquet,4.643116421067814,5.0,5.079737493689752,6.0,0.000625015024399625,0.0,0.09445299851560943,0.0999794632909041,0.15100061979505963,0.143114536330385,0.11748662217972672,0.18767148443270573,0.044451196838813205,-0.0019506171837615116,0.011796606672868394,0.05000180167679622,0.1019300804746656,0.13920401312219124,-0.09585698888773021,0.06482204677894043,-0.08075906522949809,0.06761806732294665,0.0482535676121996,-0.014221491523653138,0.059894858440612424,0.003892101039824206,0.15007068292005482,0.12373132249458302,0.1868564271637486,-0.08504893313736137,0.05445296639465185,0.14471235117753933,0.1820955802367763,-0.08677327000154153,0.05292709848727988,0.038212524326541056,0.05259782777690206,-0.03374579863268383,0.014823434680621788,0.16803489037405278,0.12111702749232771,0.19582668010925186,-0.09019469165323209,0.03955483443104144,0.16003007876754052,0.18874812717168707,-0.08933170813084543,0.03933701221816727,0.026309945116466428,0.03638806040412819,-0.022766808807190324,0.010384217513541285,0.15187097461824683,0.11261454187419398,0.1797040461822159,-0.0989224194606217,0.030005528536318,0.1453205574693563,0.17093817779475284,-0.10165675230894455,0.023186956768158084,0.02052952787913633,0.02173360558271714,-0.030690485049982313,-0.009592611724991902,0.13614578988622153,0.10284941644531709,0.1558422024550425,-0.09484530055003762,0.01562321344045232,0.1316895439491783,0.1491642748418879,-0.09725273267512982,0.009548318631347108,0.02020557597339162,0.01912161269984638,-0.02778464953023141,-0.0116016214834679,0.1935922660831948,0.1655370579115932,0.15606964838945073,-0.04778005002433216,-0.04269524582037773,0.17928902777565148,0.13883484439011295,-0.05248030432751608,-0.053526293474778684,0.002174205852594589,-0.012789632080351108,-0.021368965134705348,-0.03561319556995817,-0.5032685080944597,-0.6719856196559587,0.12762261222415405,0.0,36.88837045330091,8.914692662606758
Liquid LFM2-8B-A1B,Liquid LFM2-700M,lambada,GLM,hc_values_per_expert_hat_1_new.parquet,5.112791172864732,6.0,5.611769513690233,7.0,0.000625015024399625,0.0,0.04038543398431822,0.0999794632909041,0.14408113219205831,0.08789248247534823,0.11748662217972672,0.182161128442698,0.057486875897863776,-0.0019506171837615116,0.015708652639279064,-0.017101441913545554,0.1019300804746656,0.12837247955277925,-0.14162489348405355,0.05167095263120272,-0.12605700577386358,0.055336972288110825,0.06175428602760963,-0.009301838741060496,0.06923772843214301,0.009177855947195121,0.1021707222515985,0.12373132249458302,0.17715591628244798,-0.1172510204980176,0.03698556711843298,0.09650427595156824,0.17339805742353914,-0.11979466529248486,0.037107527373853026,0.020714973107890423,0.05185223681960313,-0.046952176742074164,0.013055792266373063,0.12396755925093739,0.12111702749232771,0.18921914948554355,-0.10945438941500982,0.02600276370077965,0.1156409447309009,0.1832139978625923,-0.11079500970254606,0.027722598130725848,0.013248630163658405,0.03728417204408617,-0.03357198083818738,0.01146368833519474,0.11596971557947,0.11261454187419398,0.17547992195488601,-0.10353670045845847,0.021032108770481398,0.10984175216025811,0.1670773900230021,-0.10558805188201972,0.014804378797213058,0.012838251233280668,0.02161918888715148,-0.030118860115434205,-0.010303329301967791,0.10840724171816911,0.10284941644531709,0.15178017012204187,-0.08945498174358921,0.006841248024345919,0.10344103672291015,0.14543025383656505,-0.09269100093787462,0.0012763541421350233,0.012486023086889399,0.01901439670721469,-0.02861905581402916,-0.012342021642817587,0.17514401911815486,0.1655370579115932,0.14962686162390082,-0.03272611304136515,-0.057117244118760645,0.1616172844359386,0.13323658132826827,-0.03663765449578989,-0.06645533563539259,0.00047165432702138757,-0.011922447703677671,-0.016360585330486083,-0.034809992752711155,-0.7635809323582049,-0.7544843298712005,0.10287580499455094,0.0,36.88837045330091,8.914692662606758
Liquid LFM2-8B-A1B,Liquid LFM2-700M,lambada,StudentT,hc_values_per_expert_standard_1_new.parquet,4.675184499627395,5.0,4.923243347195846,6.0,0.026202552945984278,0.0,0.07395187297455863,0.04821750725013252,0.108456095379618,0.1228468230957023,0.057587250694166696,0.15247389701177763,0.05036129196775517,0.00039451967211547685,0.03395163492761157,0.02359058100680346,0.04782298757801704,0.07450446045200643,-0.10191311741297181,0.005473785154299501,-0.09253035487008368,0.01622348528454754,0.04198672655058632,0.013661211778804397,0.0541871829634617,0.030734368887312766,0.1289408307384796,0.06496133108351808,0.1524591172896881,-0.08948211645977448,0.011440085549881733,0.12512505409575186,0.1517079526846292,-0.0915835789136933,0.013631572900805074,0.03490196896759906,0.05114411420961139,-0.036157830950530316,0.009580218538692694,0.14751105427384315,0.06572649468582692,0.17035371061339194,-0.08697084492239009,0.012773022579498616,0.13948703595795586,0.16883443017635658,-0.09094631434571103,0.018160061334284747,0.02055933892994042,0.04345946967258139,-0.033825339919901456,0.016921328863810432,0.13749257264765402,0.06812943348257626,0.16831121470593674,-0.08409327393071485,0.023553283728279358,0.13142255725570834,0.16562733240606883,-0.08943685617492464,0.023954355782030628,0.018233615236289597,0.034285163075333414,-0.03346910978299887,0.00666691236107959,0.12482523942786737,0.04938784053236457,0.15180850238240462,-0.07767196789279288,0.01876948513065962,0.1209757084292911,0.15214448627045873,-0.0825767139316146,0.021211544502083162,0.019125604697855313,0.036009839744976006,-0.03000554638184659,0.010391809293292175,0.18381382789885142,0.09359226158317785,0.1673930808881139,-0.03407136890032091,-0.008908121152718607,0.17366987710720017,0.16157666869680576,-0.03432515530809998,-0.004446746722095539,0.010826829736361773,0.018582604590587554,-0.00747993448016216,0.009314763221889599,0.06484844041272834,-0.07339294317131904,0.24540435504427072,0.0,2568.190547953182,13.398987283820311
Liquid LFM2-8B-A1B,Liquid LFM2-700M,lambada,StudentT,hc_values_per_expert_hat_1_new.parquet,4.936729248299238,5.0,5.270944013077237,6.0,0.026202552945984278,0.0,0.028874306040420336,0.04821750725013252,0.09196249815233273,0.07581365831474271,0.057587250694166696,0.13707591009778547,0.05979828471459024,0.00039451967211547685,0.04001478041711935,-0.030923978674169905,0.04782298757801704,0.05194771773521338,-0.1328531608663389,-0.017007578322798433,-0.12172620856507567,-0.004424730056696994,0.053171671587848454,0.022588538992169775,0.06185292338573473,0.03807423302211545,0.0874356798041048,0.06496133108351808,0.1367169696957155,-0.1121594520754115,-0.008015960071643131,0.08277304445756441,0.13693799127079895,-0.11563271765192937,-0.004506049638450683,0.018217509625364937,0.04821272095813796,-0.0474850179800114,0.0062957297187717955,0.10943663783820103,0.06572649468582692,0.15720568794532525,-0.10024183346867159,-0.0030917797431107507,0.09994701657576512,0.15669895785382543,-0.1067374753553911,0.0035995260541020016,0.006252004898921594,0.04238370497354095,-0.04374899567275757,0.01580172201256082,0.1033325195276648,0.06812943348257626,0.15868343522702122,-0.09375470484306088,0.012264156186049558,0.09661382024002393,0.15681293077831476,-0.09960399837898175,0.01381901304155904,0.00826710811137124,0.03398719661938924,-0.03704696130626155,0.006797583026705658,0.09667242666224232,0.04938784053236457,0.14549065606510436,-0.08246710670009187,0.012139946586644027,0.0917114911733667,0.14664356938588552,-0.08843301577395184,0.015738170620159895,0.009781841927419096,0.036622559618856215,-0.03375320278739582,0.011766350390796917,0.16803428908756446,0.09359226158317785,0.16455479692040575,-0.021835594123399405,-0.009456735838480055,0.15725344607954428,0.15934967602362524,-0.024703761832175996,-0.00431416404424557,0.006053397571328603,0.01957461109600777,-0.011528314536607152,0.010900131368855759,-0.12936201557121155,-0.0751276682519937,0.19765893816885538,0.0,2568.190547953182,13.398987283820311
Liquid LFM2-8B-A1B,Liquid LFM2-700M,lambada,StudentTSkewed,hc_values_per_expert_standard_1_new.parquet,4.669919949998798,6.0,4.426043895285944,5.0,0.0025962162551984424,0.0,0.10688844483672563,0.07889312755007816,0.12210817804440566,0.15724564803824848,0.1252424531627666,0.16214435204525615,0.043514106370665516,0.04534917438245201,0.02450172722567308,0.06337433846606011,0.03354395316762615,0.09760645081873258,-0.10891243450987333,-0.0031368708983775576,-0.10559909509617399,-0.002985465049666583,0.03551756360277962,0.0011017224010927509,0.04259183820652858,0.012638733261676204,0.16712868865139877,0.12241643268085177,0.1664882492222014,-0.09959254346711735,-0.00462807407852084,0.1630748648421455,0.16254800311138412,-0.10953990697902541,-0.010664580570890442,0.04758147453258563,0.047656625681406106,-0.05939367098107556,-0.01705565686613867,0.19029961065758888,0.14009742459628982,0.18349068787705852,-0.0894370314958616,-0.005986468362603364,0.1841257937956429,0.18049990117659498,-0.1020612652804982,-0.00916618160495752,0.037155090824736746,0.04336414735478204,-0.05541338296524144,-0.009481042159716867,0.17504108730047663,0.15850826451763605,0.17368613108785486,-0.08985218419367016,-0.0019756956573355397,0.17008788006194447,0.17147121441373503,-0.10370393166671571,-0.006037772074592071,0.030206498680558913,0.036778145019186394,-0.05538810863943301,-0.010452325450109172,0.15481866519693321,0.1768025916734846,0.1489811356655904,-0.09639414665174258,-0.01609627117825884,0.1498442136556144,0.14893747862357348,-0.11329754500224555,-0.01818528001288224,0.02321311508627121,0.03439040459635862,-0.06381717702198668,-0.008831727973795753,0.1932049031732347,0.24420696714256449,0.14892891901772431,-0.09849419115892608,-0.06681262522649488,0.1825559148725724,0.14525418433750545,-0.10777646415220923,-0.06322571766937383,0.011413675402937015,0.02035749093220095,-0.042501477154979324,-0.004373734119792964,-0.4906340900371715,-0.7034075311113005,0.15393287911758927,0.0,91.14546829813308,9.262467632586599
Liquid LFM2-8B-A1B,Liquid LFM2-700M,lambada,StudentTSkewed,hc_values_per_expert_hat_1_new.parquet,5.202360633669079,6.0,4.906343902497656,6.0,0.0025962162551984424,0.0,0.059425366549931594,0.07889312755007816,0.11895489205205276,0.10758237363225005,0.1252424531627666,0.16167175856936092,0.05324714333802653,0.04534917438245201,0.029222402680168416,0.0061782232119050665,0.03354395316762615,0.08973248937188434,-0.13908853121073472,-0.019849299453245293,-0.132995779995126,-0.01903024940099553,0.047977164759525036,0.006775839799673384,0.0525866810317403,0.01847344054880594,0.12262506527026412,0.12241643268085177,0.16074430208169493,-0.12213505204169883,-0.02799091543732121,0.11768033996311064,0.15871129937190992,-0.13119661883448655,-0.03132644700992396,0.029736679424673375,0.050664281799659795,-0.0647912628017123,-0.018077163753059795,0.14687756867907217,0.14009742459628982,0.1813255620439338,-0.10860030747869534,-0.02609336335512473,0.13980664332273066,0.18040947345616487,-0.11969769162101782,-0.02589181577567717,0.022808921403715075,0.048042650599027986,-0.05682459677944017,-0.006563080687186805,0.13519278962916265,0.15850826451763605,0.1730652456562094,-0.1059998074948029,-0.019053462143441096,0.13024851980610277,0.1714100019097506,-0.11599765075382412,-0.022525260364246028,0.02051025630942557,0.03803742155432825,-0.04975291573805913,-0.013058795345625545,0.11924497249434313,0.1768025916734846,0.15035513009115697,-0.10740127848322473,-0.030089401837227085,0.11419585142777196,0.15000689277439938,-0.11967823182903092,-0.03300921646599339,0.01478515571657389,0.033934657952330013,-0.05479552633520685,-0.014058796597254447,0.18023318897698293,0.24420696714256449,0.14996301372569085,-0.06454345742662698,-0.09116786255375917,0.1673355158583006,0.14476481644916658,-0.07692607485528487,-0.0892564221513069,0.003091302909875679,0.016679714672402084,-0.043440566767275354,-0.013349582450881808,-0.7710038612229266,-0.7996752635483165,0.13007285620110318,0.0,91.14546829813308,9.262467632586599
Liquid LFM2-8B-A1B,Liquid LFM2-700M,lambada,KDE,hc_values_per_expert_standard_1_new.parquet,4.498834106589101,5.0,5.065626577561961,6.0,0.03492872424817904,0.0,-0.005907938550872484,0.007718226880139989,0.03189735097377726,0.040806770113010364,0.007479257259339482,0.05917736469511387,0.06893088695428096,-0.0024427782523544455,0.03064359738717755,-0.07483882550515344,0.010161005132494435,0.0012537535865997096,-0.012371053274294708,0.039192949126639134,0.006992497015532833,0.04202992628175623,0.031319889777419174,-0.006635302935799823,0.049567468384800945,0.01398070385092723,0.03972054811554632,0.0038144604673148496,0.06440316625662479,0.029824772457170808,0.05851783009930092,0.030245098230010124,0.054482243118057744,0.026761733770910175,0.05280572146853539,-0.011046003271334837,-0.003616478377112713,0.0023615626895994624,0.005415375336550816,0.07630300517324579,-0.016144561292170147,0.09105365372743729,0.04120514737148598,0.06649156673115342,0.06314335501494639,0.07983876195699344,0.03920688495676439,0.062369271925275985,-0.01229287742057671,-0.003245693250079699,0.006429878440965978,0.008093514445434807,0.089509241692112,-0.022310794119570865,0.10513533969035829,0.03389643878694767,0.07079609619008258,0.08044121858371127,0.09441932351830859,0.026258523115066264,0.06195468777248503,-0.0010259956315674642,-0.0013687980276960348,-0.010913666115750849,-0.004923683271396274,0.08850759552333756,-0.008790932374710021,0.09581368566327367,0.011379609747140267,0.052039479876738466,0.0857853410853367,0.09044989531749126,0.004957844599291065,0.04528935118553295,0.01357950638593573,0.008559318278211991,-0.013625081357885663,-0.0050832717730321655,0.16664907722835443,0.0038675256471047414,0.11200494974653288,0.029660555791280383,0.024556013713962717,0.15885220233645664,0.10955247603599386,0.02017338364268135,0.024016784100510835,0.013384759910534196,0.01610364098353436,-0.017961849871839883,0.0035149766328101246,-0.3656378132129011,-0.4923438580648508,0.12750376157123564,0.0,294221.8304706014,9.497847568770645
Liquid LFM2-8B-A1B,Liquid LFM2-700M,lambada,KDE,hc_values_per_expert_hat_1_new.parquet,4.871535373446477,6.0,5.603091420466838,7.0,0.03492872424817904,0.0,-0.03189373878094477,0.007718226880139989,0.014481760323267463,0.015496895359746308,0.007479257259339482,0.04222027192336342,0.0769698621463807,-0.0024427782523544455,0.03603920927224622,-0.10886360092732547,0.010161005132494435,-0.021557448948978757,-0.05383888293809966,0.0179736402371986,-0.031919277221144876,0.020533785267806744,0.04635781355703918,-0.0012265056822295553,0.06029938399679676,0.01881142299615572,0.019762366292735985,0.0038144604673148496,0.04827026428814852,-0.006062163798788034,0.03880162144966893,0.01108240678695835,0.03897122788533453,-0.0081940375274397,0.03399623919860962,-0.01591030814878119,-0.007603975867118688,-0.007713183559288249,0.0009179773388880829,0.0555009349711668,-0.016144561292170147,0.07856885952005485,0.005325203843812463,0.050577302447368966,0.04343880612928872,0.06727964793072226,0.004171824669960338,0.04669045067422914,-0.015278766156077879,-0.006903233456733424,-0.001444549189814151,0.004246762830980951,0.06802816267237188,-0.022310794119570865,0.09800283201295101,-0.0007098827629908555,0.06102506056541611,0.059915699248015514,0.0871649415330421,-0.006085826436989354,0.052041425473307666,-0.00385653113106651,-0.0034155708711673463,-0.013683394783043482,-0.007668122504124836,0.07180855093062713,-0.008790932374710021,0.09267511069386977,-0.010822607060132636,0.046550996946612744,0.06729568626877014,0.08665363250799185,-0.019369992240100803,0.03885009834407765,0.005162366492071937,0.006161295333753563,-0.024121184898300913,-0.008754058613679689,0.1496279301566033,0.0038675256471047414,0.11320120957286274,0.010522071913823127,0.02119544510176334,0.14055156259460336,0.10895481356947395,-0.00018898547531533377,0.018582179902103764,0.006725141621083782,0.011768675662218979,-0.024833663690258325,-0.002364288060870672,-0.5754271576935451,-0.5313775436382567,0.10482570497929908,0.0,294221.8304706014,9.497847568770645
Liquid LFM2-8B-A1B,Liquid LFM2-700M,lambada,JohnsonSU,hc_values_per_expert_standard_1_new.parquet,4.5152287314598905,5.0,4.919445178970649,6.0,0.0014904204427991057,0.0,0.011410586519145224,0.013858185391853226,0.040891891055043414,0.06105818719263281,0.018489905689433133,0.07074246965003494,0.06844929499513192,0.002907512183244791,0.03190289133242565,-0.05703870847598669,0.010950673208608434,0.008988999722617762,-0.08128659553820952,0.011135322977338621,-0.0738346960192509,0.006540139703153871,0.0332689376500078,-0.009691825444690579,0.05535788568983931,0.011443195872503462,0.06569692916830011,0.01593303255919585,0.07651924521862802,-0.059322541210362574,0.01832672052958837,0.057161943104585757,0.06664808519752045,-0.06068886941967837,0.012681291337632192,0.00047405208824007994,0.0007354594441738261,-0.024271588504658503,-0.008373606894251212,0.10129393712329557,0.020374938305248926,0.10457505416670396,-0.07328093899217432,0.01851401129730181,0.08951123067690478,0.09278975906182366,-0.07460483568795188,0.013219944336308197,-0.0018458987730206548,-0.0009409597702939639,-0.02380587395085146,-0.00818732633055925,0.10536108092961027,0.024728925597193217,0.11835343778735108,-0.07772687816532133,0.032404518747567265,0.09764356400214572,0.10769891034387483,-0.08597513611226901,0.02246565799700576,0.006244251129105859,0.0020100078285611497,-0.039466409035972115,-0.01692021562044592,0.09667608271934794,0.12633792687888723,0.10877462727565251,-0.09413475971808871,0.022505514137918153,0.0954959032475656,0.10333122500804745,-0.09691668132564484,0.015524222040857885,0.019389594991680494,0.011358543995025488,-0.0285777754930842,-0.012399495557776936,0.17511518778668392,0.1701018852684401,0.13069922108893112,-0.06929627223809251,-0.003350421666550017,0.16778477033695544,0.12503813267439517,-0.06998631341423629,-0.004680692067701028,0.016263880962622546,0.011654447533942257,-0.015514223965567207,-0.003981514892217771,-0.38092366751971035,-0.48560222816172277,0.1414771413097844,0.0,174.83075406975297,10.017245416887189
Liquid LFM2-8B-A1B,Liquid LFM2-700M,lambada,JohnsonSU,hc_values_per_expert_hat_1_new.parquet,4.922858722565446,6.0,5.480612514723911,7.0,0.0014904204427991057,0.0,-0.021590045947591736,0.013858185391853226,0.02498208668251756,0.028224547901028227,0.018489905689433133,0.0556408340814611,0.07766194709718963,0.002907512183244791,0.03739306200755165,-0.09925199304478136,0.010950673208608434,-0.012410975325034091,-0.11953152089168854,-0.01009160148749605,-0.10752873820125329,-0.013877672527716817,0.05042260216188615,-0.0026371059941414947,0.06685148825004732,0.01781553074332119,0.0378572541025544,0.01593303255919585,0.062355022111108,-0.09347262372294325,-0.0016725442798320761,0.030109166785841055,0.05324695559214006,-0.09383905517742533,-0.006232016659115063,-0.007158732995631005,-0.0021953084765118586,-0.033570836878758316,-0.012510558078584448,0.07430948418216637,0.020374938305248926,0.09424964449961831,-0.09809831253156662,0.0023751458906161086,0.0637527926577008,0.08233958484556922,-0.09790073513136402,-0.002903506952953643,-0.006222305605017409,-0.004126980605453267,-0.02689779038899281,-0.012655599914389654,0.07873080814913085,0.024728925597193217,0.1129436600495612,-0.10142851492011033,0.022395447577393222,0.07250795212868352,0.10238615247673252,-0.10554432382896113,0.012516447097794061,0.00351671101667612,0.0009351417196499538,-0.03491684811262486,-0.019203256733572267,0.07595995695325458,0.12633792687888723,0.10708961100857242,-0.1033015986042643,0.017554321397316375,0.07331489762836019,0.1011359267689712,-0.1085237363773288,0.009782082927559598,0.010869853066168333,0.009671697482703825,-0.036816822500086326,-0.015523927215458477,0.15924793928305273,0.1701018852684401,0.13254629470809165,-0.06844842442946587,-0.008338541042953848,0.1504541385362793,0.1246783222267307,-0.07275140235519377,-0.012343851567923333,0.009365739983507647,0.0063965085206020246,-0.024347545009492377,-0.011639717507937056,-0.6023162902704153,-0.5239463453343162,0.11491445462938632,0.0,174.83075406975297,10.017245416887189
Liquid LFM2-8B-A1B,Liquid LFM2-700M,hellaswag,GMM,hc_values_per_expert_standard_1_new.parquet,3.8479070004588793,3.0,4.821241013613419,6.0,0.060827002498342934,0.0,-0.07431139598477036,0.024630333386064913,-0.048200390572858486,-0.04355759265380715,0.02489669358919499,-0.023238290936006066,0.06523792198437019,-0.0034219437341910285,0.05104064964975012,-0.13954931796914055,0.02805227712025594,-0.0992410402226086,-0.10989295058503508,-0.05543509574925887,-0.10319172197571032,-0.05535595833020698,0.029041161905348955,0.008895789321816514,0.037892802953063576,0.025298831258251987,-0.013225691299428051,0.016769842187680642,-0.006030527845915724,-0.06999285609150649,-0.045363499737323065,-0.02127581883746066,-0.007241900002337877,-0.08197741121826606,-0.04510129676766545,-0.029984412851739035,-0.006358087175274757,-0.06760790451332363,-0.019945991532813546,0.009248438474724686,0.015912324232049878,-0.0015957536973814765,-0.05509126122255351,-0.059012822334144614,-0.008195245989542929,-0.013057525430464637,-0.07665562813352322,-0.06913575927677307,-0.04810769898302838,-0.03407843499985094,-0.08084149748950971,-0.04862930094066361,0.047252140427592515,0.016859851894717188,0.01121770512027111,-0.011654958373475343,-0.05464018701692513,0.037718387202181076,0.006869630692085637,-0.0323159658890426,-0.06416210991714454,-0.015831382308631493,-0.009842387741433044,-0.06311674411245703,-0.041539801975060055,0.08568206770975682,0.011793013580977427,0.04123466495517979,-0.003151462946721206,-0.057951927962839704,0.07564206994408257,0.03998873148010899,-0.02365855818119742,-0.062190718582678266,-0.006702596588660084,0.006980169355108213,-0.05884780981262474,-0.02667812129056787,0.10839215512487814,0.062438417944113485,0.033200101091675066,0.03783377387814452,-0.07088705428442303,0.12386939318255968,0.0662349058818893,0.029591934005882926,-0.048875091025709264,0.0720735725808641,0.10287659537798235,-0.01404397003418093,0.04500337824984575,0.33402647008679165,0.16613020616256455,0.38697576863804667,0.0,2083227240481.926,21.520657817609862
Liquid LFM2-8B-A1B,Liquid LFM2-700M,hellaswag,GMM,hc_values_per_expert_hat_1_new.parquet,4.098251159944934,4.0,5.208127262529954,6.0,0.060827002498342934,0.0,-0.07391130145045839,0.024630333386064913,-0.05569849266608921,-0.04480479972194576,0.02489669358919499,-0.03041599948201878,0.062308306119863266,-0.0034219437341910285,0.05278100031789652,-0.13621960757032164,0.02805227712025594,-0.10847949298398574,-0.09023345096333865,-0.06649285877851983,-0.08220264334317334,-0.06558118248441598,0.028252651313108754,0.012093803619783149,0.03610526886914862,0.026858856688546515,-0.007309324319661884,0.016769842187680642,-0.006310697205574037,-0.04334750767114986,-0.04549988963572125,-0.019825084847572012,-0.009764928219651105,-0.0599037192949071,-0.04873903436041099,-0.04056216963914025,-0.013156468056696029,-0.069025705314203,-0.030417733807277327,0.024335491863332823,0.015912324232049878,0.0027632510721783948,-0.01609174329747956,-0.052567888149589494,0.0021871069451351883,-0.013129845774106043,-0.041548227613082064,-0.06950646657874945,-0.05703186223512902,-0.04565307961678733,-0.07966514674241117,-0.06649435306114526,0.0753594281789055,0.016859851894717188,0.030657230455654057,0.039971904419499125,-0.02914454723675982,0.0608089861261088,0.019472335809653712,0.01579029233885713,-0.049519439932531086,-0.023338899349188993,-0.024861294813499614,-0.06032235210922044,-0.06670357279345135,0.1021442881541399,0.011793013580977427,0.05391005505566078,0.036520072360987255,-0.040738058217044515,0.08513363572836272,0.042628504097341716,0.009772944265485832,-0.060390503482062804,-0.02233965800666436,-0.018346912654779085,-0.06646261170521008,-0.06594931814557772,0.13282155603554835,0.062438417944113485,0.029372788196146023,0.08215755324057647,-0.07626860034284948,0.13413041179042562,0.04974513916216464,0.05887099691871322,-0.07360545803220801,0.03789479297789103,0.0657317147216269,-0.045828310335347254,-0.011379230254239075,0.05508191739415357,0.16264582804129332,0.28833145305904,0.0,2083227240481.926,21.520657817609862
Liquid LFM2-8B-A1B,Liquid LFM2-700M,hellaswag,GLM,hc_values_per_expert_standard_1_new.parquet,4.6842400448682,6.0,5.380359965329118,7.0,0.0006118390863202978,0.0,0.0031014447244290307,0.0056917267189124845,0.04139601509173091,0.030665568608586703,0.009656040310146633,0.07140199166039587,0.04747560221328331,0.006000505918817669,0.045683736985338584,-0.04437415748885428,-0.00030877919990518476,-0.004287721893607675,-0.004413289518090922,0.03776382769297847,0.019392364587199677,0.06466438905435667,0.04211255632769718,0.040816310391682264,0.046162100021326695,0.044522618160944945,0.06200512576234919,0.014239593466833395,0.06963227283723086,0.05209780860486831,0.06169147975730476,0.05706160508575879,0.07556277681911377,0.047496766875477894,0.06828297912160092,0.013628501207805566,0.049453286877980694,0.010123253355844927,0.04777109716076039,0.07363785978632276,0.014463799456166484,0.0696992030029206,0.06670847177952666,0.06359997586251212,0.0516098318901079,0.07350419846548108,0.04538910010680548,0.06868646669747461,-0.04081960751460402,0.033563836902580545,-0.04092238091746247,0.035369676567209594,0.09649034025408323,0.015914168422814137,0.05672789723990967,0.09103468216649976,0.05101368109327889,0.08019190993918221,0.0672298492409983,0.07588948429206854,0.06306435561378008,-0.023077669243313254,0.04504417758081872,-0.021035768155506746,0.04812823509724997,0.10358654135489467,0.05955878330256763,0.08984167154545925,-0.012774076007680116,-0.001146327201513067,0.08744980069640323,0.0996998035501584,-0.045179405333506534,0.01698503604753676,-0.019484203829635983,0.050992218046418396,-0.09486228777109791,0.05096724992818671,0.0704577479928587,0.06301658561728926,0.058372122824409,-0.04394063444067656,-0.024056010556552977,0.07840699101679313,0.09278494125875308,-0.05645658784904868,0.01314861904219491,0.04082020421171991,0.11328520024347963,-0.04669079624356105,0.09975539354688348,-0.5507112157510023,-0.7030135424134467,0.09363627058947512,0.0,5.0986590526691475e+295,9.055225450481865
Liquid LFM2-8B-A1B,Liquid LFM2-700M,hellaswag,GLM,hc_values_per_expert_hat_1_new.parquet,5.209096007749962,7.0,5.839596186203028,7.0,0.0006118390863202978,0.0,-0.010973193792599466,0.0056917267189124845,0.03478891116271977,0.013846107692326637,0.009656040310146633,0.06542531254422013,0.044919562853547874,0.006000505918817669,0.04782302373591067,-0.05589275664614734,-0.00030877919990518476,-0.013034112573190905,-0.018779394072847642,0.030655582379959544,0.002242872328416274,0.058109719748776226,0.039545835075378635,0.042905193498817946,0.043680000020572,0.04660895977224839,0.05162503976861041,0.014239593466833395,0.06574479104444873,0.04198785513585461,0.05723148507895308,0.042769367861933125,0.07113083559390566,0.03329162470578395,0.06332268578561207,-0.0027491880150141805,0.04605780911326446,-0.0066662948433400485,0.04424684565402118,0.06613816153527144,0.014463799456166484,0.0674195273493195,0.059525568373477576,0.06087343142562795,0.0361466400117938,0.0698049724549013,0.03001599630968353,0.06462128764887859,-0.06655275252793992,0.028673433626834315,-0.06720915425992409,0.030573313734109944,0.10200779865955838,0.015914168422814137,0.05904672834119586,0.09705994817054654,0.05292055692033311,0.07627152060478123,0.0667388488063356,0.07218917396558723,0.06227491805560032,-0.049220279541784276,0.03743260692685478,-0.04787682909231691,0.04074695530521532,0.09959482638412384,0.05955878330256763,0.09290711545324098,0.0008792700853644217,-0.0025625076824786074,0.07214158158884876,0.09820503875226735,-0.04383400774175044,0.009442018538964154,-0.0527116096202616,0.038795741429694254,-0.12618447733735172,0.03328589512041924,0.07116597797375776,0.06301658561728926,0.055090915383913405,-0.016406544396382266,-0.03848256816383618,0.06199854196936626,0.08266166945295012,-0.054871052331849496,-0.010696359543821123,-0.007878386831267343,0.09290225666388488,-0.11355105171759516,0.06932417673049376,-0.7777306341375856,-0.8054167193375792,0.08246575151263995,0.0,5.0986590526691475e+295,9.055225450481865
Liquid LFM2-8B-A1B,Liquid LFM2-700M,hellaswag,StudentT,hc_values_per_expert_standard_1_new.parquet,4.693315657981951,5.0,5.05440269209198,6.0,0.019068984856982614,0.0,0.014936460725183828,0.06482074263696766,0.029732566968508938,0.03824738668255695,0.06802248600284905,0.05368319697219076,0.03820755445652628,-0.004654076324159576,0.03698662560675357,-0.02327109373134245,0.06947481896112724,-0.007254058638244635,-0.04244319015529508,0.0014025175471011845,-0.03907262637432377,0.011583341344672636,0.012658975592044736,0.017457930014063334,0.02433656156232796,0.025736625622373534,0.0729162844173459,0.06768312360039054,0.06480369668455843,-0.018141208096523306,0.0045676975924052185,0.06380469942103681,0.060587371978232635,-0.030244664119206077,0.0014488910627575725,0.006217898376639173,0.01706991176683423,-0.04411932259440092,-0.007156137956752809,0.09134260577477585,0.05788321660650138,0.08311138841916868,0.0011355045085766435,0.01895125569643576,0.06509157155323701,0.07127263055220726,-0.03214150003941158,0.010999309220222936,-0.04749108806497636,-0.007933460570118771,-0.09658926191403933,-0.017055596488855036,0.1172856442693419,0.04097693139836511,0.08657502660119493,0.03497698423004525,0.0162722300791803,0.09410719079766602,0.07768388544861343,-0.004306110307691529,0.005713763660437771,-0.037878597641133036,-0.003976960957578483,-0.10505682626371471,-0.026502406320433384,0.11628915208336715,0.03948862844278246,0.0988522839391009,0.004603876712080496,0.01477089951631871,0.09625528009426651,0.09235616659645154,-0.02628316016369051,0.009238352306130897,-0.027333315552714718,0.0067458589507361204,-0.08597860273828514,-0.011853617575013246,0.08567781866412297,0.045280642180928234,0.058399229059436446,-0.010581337211091653,-0.01578393155455712,0.08948432441679297,0.0863342039338838,-0.02008146589588902,0.011919239482321084,0.03290370707443113,0.0947931575176254,-0.029652808523120303,0.0746916064997742,0.03631519267360149,-0.09548498026861112,0.21421034612094608,0.0,1139.1446180942803,12.487612469731616
Liquid LFM2-8B-A1B,Liquid LFM2-700M,hellaswag,StudentT,hc_values_per_expert_hat_1_new.parquet,4.925916483964717,6.0,5.4066180594503646,7.0,0.019068984856982614,0.0,0.006633650654927487,0.06482074263696766,0.022972397272033682,0.027672920827409075,0.06802248600284905,0.04672360019019131,0.035564373717777445,-0.004654076324159576,0.03770601746099796,-0.02893072306284996,0.06947481896112724,-0.014733620188964281,-0.044566742789578666,-0.008217871335322379,-0.04252523688491037,0.0013647119772896856,0.010691032137718754,0.017961258998444134,0.022668845412331152,0.026319893810208474,0.06780934053724333,0.06768312360039054,0.06244253625647174,-0.01349751399532132,-0.0005412422178150344,0.055627574240579875,0.056573696518177924,-0.0290565924766765,-0.00578476521240111,-0.005246380590770279,0.011076415665415262,-0.05223848347165327,-0.015778191657873912,0.08907160406178896,0.05788321660650138,0.0845316697384915,0.009270280525610143,0.018538384933871853,0.05607595833159745,0.06915699061839267,-0.030747782178338925,0.006029193486598055,-0.06797282097306652,-0.017831310193841026,-0.11360590255090576,-0.03046671897401608,0.12732441819659268,0.04097693139836511,0.09599139716978172,0.058335074487499944,0.0256878460193686,0.09573466103493385,0.08199104201528434,0.01152375960602469,0.00818887902128072,-0.0598780245514187,-0.016497737043196722,-0.1209852933819522,-0.044246828993172005,0.12036140389728546,0.03948862844278246,0.10259206783716776,0.02552222693292862,0.015583980653186237,0.0913118840973856,0.08951000462629094,-0.015242960819543851,0.001119303208291176,-0.05195360249020707,-0.011044015562067288,-0.10853006743349836,-0.03684933643479371,0.09448684624807681,0.045280642180928234,0.053820345765070735,0.017115208425650782,-0.02776698132816592,0.08197037172463872,0.07473349155692822,-0.015235776493013931,-0.00907562332712502,-0.011445048531505086,0.07356313657715335,-0.08755531054164448,0.04607163777203076,-0.12269665111188087,-0.09718809917973395,0.18039037103763694,0.0,1139.1446180942803,12.487612469731616
Liquid LFM2-8B-A1B,Liquid LFM2-700M,hellaswag,StudentTSkewed,hc_values_per_expert_standard_1_new.parquet,4.6610411461785555,6.0,4.530005608524958,6.0,0.0007647988579003722,0.0,0.05424585783922975,0.041178210280507235,0.04716931602758715,0.07799927017781638,0.05048715554580237,0.07252956912829697,0.032776464701168885,0.00970279810000842,0.03668888536966773,0.021469393138060865,0.03147541218049882,0.01048043065791942,-0.031723363664357566,-0.005519015279361068,-0.03207479379821067,0.004584886226265722,0.004517046744184946,0.018390240617485468,0.020907958878988227,0.02735694810200451,0.10155052967018859,0.03666570690318001,0.07108300271246326,-0.01742889203039748,-0.014862816028850803,0.09735881349908199,0.07501354336188776,-0.02809340851173945,-0.010050947834805327,0.033933096719087126,0.04416815410447409,-0.039442838382505334,0.007478071352194161,0.11455336602205218,0.02138282540139349,0.07544089162654746,-0.001090947114443599,-0.018110186728293058,0.09623196575661637,0.07556410389247631,-0.030063716287379003,-0.012090517045228502,-0.016803097474664408,0.024628968161804023,-0.08457981517955161,0.01168030935621678,0.13454775172219846,0.00866966034367562,0.06789674585805358,0.040986344421860124,-0.03509770869603492,0.12238206933617946,0.07738443567367076,0.011135287102811788,-0.022541062232877704,-0.0013590093832984828,0.04491856805137356,-0.0761170706277536,0.027529053108647023,0.13746587858571035,0.006485851705544413,0.09070270293439435,0.004727170516203695,-0.026768396593474506,0.12200286919381625,0.09618663584926498,-0.024126954787987494,-0.015137261366801665,-0.008918039014593574,0.03876241514112384,-0.08006332243333592,0.025960447505077925,0.10476363787323098,0.0528379786493251,0.05276984960795665,0.012511263790281106,-0.03677680928399734,0.10981391527685919,0.08316265076234816,-0.011215308713395766,-0.010350530221617917,0.04136379435871902,0.1003643824685288,-0.06427006151971713,0.06585835386910972,-0.5403168004952053,-0.7348684442750208,0.1320487894771533,0.0,53.782314955763724,9.688181730002158
Liquid LFM2-8B-A1B,Liquid LFM2-700M,hellaswag,StudentTSkewed,hc_values_per_expert_hat_1_new.parquet,5.182735940447662,6.0,5.011828889002192,6.0,0.0007647988579003722,0.0,0.03458096488800968,0.041178210280507235,0.04295549938494636,0.05418962337941935,0.05048715554580237,0.0681914941140377,0.02866624226130579,0.00970279810000842,0.037137391804221875,0.005914722626703887,0.03147541218049882,0.005818107580724485,-0.05162334897159657,-0.017474567429417304,-0.05627019797185772,-0.008798860085418903,0.00029331815899326076,0.017848520196745134,0.015738399030871764,0.02749000717025012,0.08483237692774624,0.03666570690318001,0.06828674405537549,-0.029590015851677174,-0.02965599663002613,0.07562636225204401,0.07263823957125631,-0.047076332568600866,-0.02390843275958306,0.011381642681845636,0.044142455117792356,-0.06513297884836748,0.00352788055501499,0.10169932477500582,0.02138282540139349,0.07127480264462807,-0.007298280303042898,-0.037423522457194755,0.0735626411580449,0.0720237755217057,-0.048260177607129945,-0.029359564760819714,-0.04968150477292318,0.025121304998867874,-0.12142926052117381,0.011416795118395889,0.13635332612696244,0.00866966034367562,0.07343778655111996,0.05234696581321416,-0.04036807822295009,0.11123918333431829,0.07961002963343877,0.006468887432275179,-0.031949595012719725,-0.0386887328345847,0.03664915152235605,-0.11966031926296064,0.01422390678858545,0.12762556166850267,0.006485851705544413,0.09515130356790813,0.006490634482710702,-0.03526371682060549,0.09799474820770876,0.09413256155914772,-0.04144534231407563,-0.0326657174908744,-0.05175367345828698,0.021390486677295477,-0.13335693430018963,-0.00163726047458706,0.09832471991454271,0.0528379786493251,0.044465108845157975,0.0134198676366047,-0.06698203037073351,0.08224350651983595,0.06655768193988135,-0.03989816390490546,-0.05259542746280697,-0.020638036493122177,0.0745254311946491,-0.1481097171224748,0.02408444690578978,-0.793272338131406,-0.8492399738182869,0.11233072581277807,0.0,53.782314955763724,9.688181730002158
Liquid LFM2-8B-A1B,Liquid LFM2-700M,hellaswag,KDE,hc_values_per_expert_standard_1_new.parquet,4.558507112629378,5.0,5.332126650690868,7.0,0.002039463621067659,0.0,-0.06602684003783574,0.0023870091405090023,-0.020628723005213782,-0.036142225805731024,0.017427825918135305,-0.00023249813924296377,0.06241853842127158,0.025796259846856514,0.038746045653669146,-0.1284453784591073,-0.02340925070634751,-0.05937476865888293,-0.0628294634541622,-0.013792254583411207,-0.04176840776820897,-0.002505224892312077,0.04659257223331829,0.021837843369822214,0.05610547297533823,0.031159858716549922,0.0010184576402718928,0.008745974597164332,-0.0011400353624212542,-0.0020404485937022773,-0.004650145343853613,-0.012184650057625602,0.0006074022790406577,-0.019863833888484138,-0.006987179267134028,-0.03880132531025566,0.0046760688359416816,-0.05396457637224399,-0.009077597116671934,0.029935669330044896,0.0072881235457689176,-0.005512953101306592,0.027218359659289832,-0.011075273684062675,0.006097509409933596,-0.009081623959393544,-0.0017157186728990342,-0.020090575784820427,-0.06017877722614023,-0.01222406734740678,-0.07604104341045988,-0.02997361155407436,0.07498157872116881,0.0068557725854658524,-0.007362054616922482,0.07280778307687433,-0.01608336771193624,0.05826193308905578,-0.0006328987821847196,0.05038510907288569,-0.016680893256212533,-0.029765247055259136,0.017769635719309736,-0.04710055007069867,-0.005810091967953272,0.09867135246849389,0.007930305002975367,0.02042158614656764,0.0959373456040921,0.010779915834374463,0.08525048542961239,0.030510234598600926,0.07620175346448378,0.011715847214145021,-0.013009170263449787,0.03392692474448208,-0.03188077767780015,0.005402463196467148,0.10251492261878345,0.009906768014422737,0.030632174617258964,0.10072267687243457,0.022048623105980696,0.11709447584770327,0.06734672988460785,0.10818386511886696,0.04981714107609555,0.06799860328191688,0.11272461204533754,0.04707485691291217,0.08507240837132955,-0.40928976322352884,-0.5335417992710928,0.125337906278383,0.0,5.0986590526691475e+295,10.072758502043538
Liquid LFM2-8B-A1B,Liquid LFM2-700M,hellaswag,KDE,hc_values_per_expert_hat_1_new.parquet,5.011471982868506,6.0,5.817264059552338,7.0,0.002039463621067659,0.0,-0.07305072730685168,0.0023870091405090023,-0.03515147040685056,-0.04400105724259211,0.017427825918135305,-0.015235405301538964,0.0620736564413447,0.025796259846856514,0.04020147811208029,-0.13512438374819638,-0.02340925070634751,-0.07535294851893085,-0.07008721452598317,-0.029943117492788208,-0.048873183837201455,-0.01803968869702435,0.048002567455693416,0.025456368819091656,0.0569772402243609,0.034453995677768946,-0.0011037989446331638,0.008745974597164332,-0.01294515004613449,-0.003675481491837772,-0.016210568461272976,-0.017811845006763836,-0.012043661991713368,-0.024151724700687265,-0.018571148961743226,-0.05019485873904646,-0.003233701147874012,-0.06260479916105541,-0.014427656233790023,0.03353653942449995,0.0072881235457689176,-0.01812235148562794,0.031341847352213584,-0.02254448036892555,0.004566790764218585,-0.023254191438491903,-0.001414316156312923,-0.031627879828298705,-0.07404798157550703,-0.02085795878251592,-0.08591619674082411,-0.03385664974289915,0.09057856783851939,0.0068557725854658524,-0.005222940546981455,0.08876434802364937,-0.010580649213129964,0.06587836370529362,-0.0030805741410918266,0.06010994205209748,-0.013458742457584641,-0.04909709391535354,0.004926701717797188,-0.06127198702118658,-0.011081382959599899,0.10472184104222748,0.007930305002975367,0.02363080317851474,0.10217424151554422,0.017450249807164638,0.08258044541042389,0.02636106335558565,0.075988744136212,0.014094130349315892,-0.036284506055103936,0.013803125450491003,-0.048674459678924725,-0.0051332232652604864,0.09929767888778215,0.009906768014422737,0.031118861368449255,0.09696587971804671,0.024847554142025274,0.09878532102541639,0.060679830917957325,0.09205983892786793,0.047076337839746574,0.024072721524630008,0.09242101584820084,0.010735073259779055,0.06993936437654347,-0.6173936409745057,-0.598041767120717,0.10390547264177967,0.0,5.0986590526691475e+295,10.072758502043538
Liquid LFM2-8B-A1B,Liquid LFM2-700M,hellaswag,JohnsonSU,hc_values_per_expert_standard_1_new.parquet,4.578442869525315,5.0,5.194309896497221,6.0,0.00010197318105338296,0.0,-0.05470843298485768,0.02778724190777145,-0.020954890092043484,-0.028283999010152053,0.039636877010345906,-0.0010165782445342823,0.054611930997984164,0.016236329907450137,0.03800067545644813,-0.10932036398284184,0.011550912000321312,-0.058955565548491615,-0.026342081292059068,0.012568839194327873,-0.027618256030161797,0.014290209473107024,0.0018884270336553526,0.0010377449459568792,0.008533559924572198,0.009476456182115123,0.0028764077487701163,0.041169151011490324,-0.0032689997627865586,-0.011507133688574686,-0.010766635786305176,-0.008105699430392193,-0.002598817917075923,-0.020832905063528178,-0.0033166162100685377,-0.031347048255028806,0.0004995137056555765,-0.03300063357982704,0.017239977890798085,0.026544906955897563,0.042665909420084296,-0.007240541010302959,-0.026575492808690263,-0.04214977861131201,0.001636071637574202,-0.011570891665914988,-0.045987780310324494,-0.03220839380700007,-0.0644049403857336,-0.015010338485363917,-0.06548118699238366,0.015501288317237077,0.07298558671523114,0.03666531430157718,-0.008032945851562504,-0.004734185927957941,-0.072973766309199,0.05595913596751761,-0.002081850774088881,-0.02114307889284727,-0.056483376589769416,-0.031167134532981342,0.015328741076704164,-0.048983484714282204,0.029366040378187942,0.0901050264749239,0.048136863472073674,0.024115482660915184,-0.05071234982567293,-0.06128484797048465,0.07478533650440983,0.03226161224819305,-0.06126766353324406,-0.041431012616004695,-0.020600284729629006,0.029341202623061585,-0.04292523269177533,0.040411164493660424,0.09680242012615742,0.05094422546691031,0.035220214102528236,-0.030948011606051786,-0.045048794419568834,0.11110250801701707,0.0715267188530452,-0.025094271424986027,-0.009133081571432384,0.06573146865373579,0.11273921018780175,0.008834394844873417,0.09060419324699742,-0.4143606347197206,-0.5804999462938789,0.13253099674938942,0.0,18.377722831357424,10.792434853194289
Liquid LFM2-8B-A1B,Liquid LFM2-700M,hellaswag,JohnsonSU,hc_values_per_expert_hat_1_new.parquet,5.058583592515168,6.0,5.726660888186407,7.0,0.00010197318105338296,0.0,-0.06227544771840377,0.02778724190777145,-0.037316326060178984,-0.037122800302182124,0.039636877010345906,-0.017995598161664527,0.05359256978298783,0.016236329907450137,0.03950702712315639,-0.1158680175013916,0.011550912000321312,-0.07682335318333537,-0.041149151773355146,-0.008238747180255319,-0.04168979736726383,-0.007574538257993325,0.00548199348474911,0.0024438193763554827,0.011470157664343828,0.011384955214486086,-0.0004487231308658167,0.041169151011490324,-0.016860400695480785,-0.015231914097040876,-0.02866665775545864,-0.014239293182950362,-0.01699554246732863,-0.029236312831780138,-0.02213256944933398,-0.04121883589786374,-0.00810560489052333,-0.04862045393094199,0.006333617136851056,0.028823858690663742,0.042665909420084296,-0.021410131297690083,-0.012162186107022882,-0.06138017288289811,-0.001502206995179515,-0.027164875080874163,-0.04050130211449839,-0.053023197536237875,-0.0795358693339267,-0.023739722084075807,-0.08697943652285244,0.004639099138454894,0.08864857765603874,0.03666531430157718,-0.006142311485733875,0.036264428043454325,-0.0717719251747213,0.06338775253511325,-0.0043787452478951435,0.004924440147869063,-0.06040306084982415,-0.051222951364426936,0.003587925409717828,-0.08197948670540983,0.014761985899900769,0.09496508792792355,0.048136863472073674,0.02717152457484469,-0.0181633928793312,-0.05843253436463025,0.07133706566291266,0.02780441623533012,-0.045002356077441526,-0.0479891808827753,-0.04300633920001065,0.00873757663104283,-0.08062959858507704,0.014513724722146267,0.09530897957775025,0.05094422546691031,0.036508871513669855,-0.014346957253940867,-0.044648406012943044,0.09465000633156703,0.06456132858480787,-0.039398189107969765,-0.019138742244826968,0.022628273065996865,0.0894992234631158,-0.0746993871675501,0.0611732023192775,-0.6335138479263068,-0.6402132856014323,0.10977134438908573,0.0,18.377722831357424,10.792434853194289
Liquid LFM2-8B-A1B,Liquid LFM2-700M,fineweb-edu,GMM,hc_values_per_expert_standard_1_new.parquet,4.0177149499129445,4.0,4.472337572767303,5.0,0.1303083356242675,0.0,0.03385503756402092,0.01569225307683425,0.04100688226502341,0.038135430633021994,0.017216686048045188,0.04072712344985357,0.002969025121100673,0.0006363860801505952,-0.0051998035255098884,0.030886012442920247,0.015055866996683655,0.046206685790533296,0.025856753644068035,0.033235977760333886,0.02920395848673074,0.03183332345605569,0.002385457472497399,-0.006111024009355844,0.001563844282071236,-0.0067043964232552005,0.04292036274311427,0.005356141846595167,0.052726951699916716,0.0365304865523327,0.0471081446834416,0.04524640114725023,0.047100387536423746,0.03704546709483193,0.039334152275403184,0.022623880552849564,0.00984955752196419,0.016144296078330015,0.002976890376907305,0.06084611981654487,0.012123064826012955,0.07159256168029571,0.0520130887125326,0.06366715154559076,0.07469118646394707,0.07393243809140332,0.06295040423468513,0.06256671571563512,0.044285254343940234,0.024902482875220677,0.036047066631774295,0.015886998731842832,0.06698521528939835,0.0051858563376503755,0.0780789690312558,0.06243966477945322,0.07414847248580085,0.09039579293374594,0.08887321165006346,0.08339045592477415,0.0818906664650053,0.059161057671335913,0.03815236489260853,0.053469302566351115,0.03149584938925788,0.07275381401048374,-0.001535098448565307,0.08550128143619685,0.07086274186860064,0.08421413239988267,0.10381647986660508,0.10367312628845203,0.09921131166959204,0.09904281601437187,0.07175762728945762,0.051106038506080934,0.06639475825539472,0.044726593357148084,0.0802875498628078,-0.0017980289324649509,0.09940488752711049,0.07961357355623098,0.09945276026877484,0.11584704301033447,0.11809076337189103,0.11460346094014266,0.11682860199972253,0.07801508095756256,0.05217687661738958,0.07686074698262925,0.049864870161045224,0.5619268059550802,0.3297878090817394,0.4887763853483671,0.0,4.485407955088043e+296,22.129063636072615
Liquid LFM2-8B-A1B,Liquid LFM2-700M,fineweb-edu,GMM,hc_values_per_expert_hat_1_new.parquet,4.190359749010075,4.0,4.787039582519449,5.0,0.1303083356242675,0.0,0.0260858106018686,0.01569225307683425,0.035488874405501095,0.028718611970789974,0.017216686048045188,0.03683957103002788,0.001216733983294293,0.0006363860801505952,-0.0019361504477120994,0.024869076618574307,0.015055866996683655,0.037425024853213196,0.019047412808229563,0.027972780023210613,0.020836367678622313,0.028337192308743972,0.0006685990743930415,-0.002658089120040464,-3.275487300012957e-05,-0.0032894193894038295,0.03386951080195866,0.005356141846595167,0.04863024064411114,0.02769312218314525,0.04284476935871044,0.03441803675640361,0.043390452293719045,0.02659668933053884,0.03551848197513859,0.015131081233186263,0.008977706641449507,0.009094847160650333,0.0021664763042081015,0.050678143950828716,0.012123064826012955,0.06921306676236266,0.042256432149770214,0.061197537932418736,0.06171545359991866,0.07205489106201185,0.050591700998023625,0.060659447772316,0.03592120900828104,0.025205294517828186,0.028212607637502236,0.01628353126248289,0.057171126890896595,0.0051858563376503755,0.07841783804146801,0.0524866228369929,0.07450627026014763,0.07688367476229865,0.0897989002826927,0.06981724085648765,0.08288834607867156,0.04999250630313529,0.039326512792338175,0.0444222697677975,0.0327729057919782,0.06337015306384038,-0.001535098448565307,0.08456115044709603,0.060903955932723824,0.08319853028833456,0.09003180704178819,0.10292642463247655,0.08489248727224194,0.09825462399975572,0.06178733865380086,0.05125674182029215,0.05638248043834824,0.04492333984005202,0.06878566726905172,-0.0017980289324649509,0.09548968906218526,0.06739417199909882,0.09539453917483556,0.10274851188496618,0.11504212695123184,0.10062511403130593,0.11367017649090995,0.07296888114149422,0.052930559651650375,0.07139290268898119,0.050649573800612656,0.24157359995527142,0.3153251565402302,0.3482209375600331,0.0,4.485407955088043e+296,22.129063636072615
Liquid LFM2-8B-A1B,Liquid LFM2-700M,fineweb-edu,GLM,hc_values_per_expert_standard_1_new.parquet,4.474546515609702,5.0,4.9193591171945465,6.0,0.000916373668243794,0.0,0.05484375595099178,-0.0007539494528735284,0.07063746457886763,0.0643729391390532,0.0005266241968753479,0.08312911804117874,0.008987077446669305,0.0021486672266499184,0.011926526317960089,0.04585667850432247,-0.002902616679523447,0.05871093826090754,0.03928301739841835,0.05896736705640838,0.044493407160520144,0.06819865614224963,0.0038063905930372055,0.007980931280997021,0.003120709000896051,0.007195818414300886,0.06572373492758321,-3.7969619232487e-05,0.08257298939845625,0.054817184043098564,0.0739893201706965,0.07350750907769718,0.09222827650313706,0.06022463895713286,0.08170785616228118,0.04357305696607812,0.0544814578456344,0.034006554204409435,0.04678772275659101,0.08017647784357826,0.0020339420956115408,0.0910304200675373,0.052462095094324805,0.06779459308181264,0.10077814275325558,0.11069074411550885,0.0643587798462304,0.0793692489381725,0.06295284114754238,0.06420079079560101,0.03792414519280512,0.041613077465172926,0.07990256063883319,0.0022668006031259804,0.0802344071375464,0.060279797856439235,0.061458811874530984,0.1092755140049187,0.1061015791047031,0.08245890124914403,0.07977336801279411,0.07327401856727174,0.06680235521177026,0.05511384913796551,0.04817496152172957,0.07838883059646454,0.002824172030840464,0.07176220280888806,0.06397141464415615,0.056667653204193896,0.1125744200847493,0.10173993058919231,0.09301123637066572,0.08088478127998999,0.07861489674819552,0.06958068337899279,0.06604799131633644,0.05577890441515063,0.06986005466007006,0.042611639760490275,0.06592611224051327,0.011407909186319,0.014827079261557647,0.10474458018933874,0.08981368445647245,0.011039770919132568,0.0033439445791018825,0.07479426611877399,0.054751212956292504,0.0015207885222080736,-0.01725968164234332,-0.3116465163798572,-0.5288720576884514,0.14196456687702896,0.0,9.646038613092567e+294,10.32751217023424
Liquid LFM2-8B-A1B,Liquid LFM2-700M,fineweb-edu,GLM,hc_values_per_expert_hat_1_new.parquet,4.820260539502939,6.0,5.333246518985815,7.0,0.000916373668243794,0.0,0.04625156657418314,-0.0007539494528735284,0.06563684065546356,0.050347663459527014,0.0005266241968753479,0.07904240534350367,0.0012365794944868135,0.0021486672266499184,0.013976831612739916,0.045014987079696325,-0.002902616679523447,0.051660009042723644,0.02971775302622324,0.05307106533203471,0.028749581228747365,0.06332313941877633,-0.00501506976421274,0.010308433803213092,-0.004607320061159827,0.009296626607454507,0.056163881146869404,-3.7969619232487e-05,0.0803111634246891,0.0445982982726185,0.0714863039995576,0.056448761791279334,0.09100335184587685,0.0418346755815358,0.08033665235208351,0.023769772924819257,0.05574147905105272,0.012525498131789842,0.04814936922958194,0.07299292629819701,0.0020339420956115408,0.08959320934184739,0.0449101930356496,0.06595883800660725,0.08470820318359164,0.11112331438945602,0.046268175006887804,0.07979897826964027,0.04358295787831972,0.06743866887091611,0.015284601863832502,0.04550617302639109,0.07802841018154948,0.0022668006031259804,0.08050917881703193,0.05883076799338727,0.06180160784502176,0.09881999214862228,0.10801465859705536,0.07110296029457097,0.08207174374016771,0.056813826166178714,0.06992571204866588,0.03630597655155786,0.0519004968286317,0.08139930168066492,0.002824172030840464,0.07246510698483594,0.06787696015841027,0.05756478079303594,0.10709482543675752,0.10405164378906928,0.08726764946858377,0.08366219840874993,0.06386879991899007,0.07264563726243653,0.04940416755804793,0.059371640716944105,0.07592413548911897,0.042611639760490275,0.06678203747054076,0.030327899352471935,0.013700241171638244,0.10535860643415824,0.09236441823388548,0.024595310453917458,0.0022891959079364365,0.0664270861299377,0.05788895833259739,-0.004266853612485421,-0.01734745120149427,-0.5294520733719923,-0.5861765521145187,0.11783459309834382,0.0,9.646038613092567e+294,10.32751217023424
Liquid LFM2-8B-A1B,Liquid LFM2-700M,fineweb-edu,StudentT,hc_values_per_expert_standard_1_new.parquet,4.575125760228418,5.0,4.76012713478892,5.0,0.020917434732491233,0.0,0.04689209800865862,0.015132075227455046,0.05198025106937945,0.04880541051593258,0.020580056692142936,0.05311088187846793,-0.0023512431618874035,0.007017015961948545,-0.004200445589707153,0.049243341170546025,0.008115059265506501,0.05618069665908661,-0.016215200354660547,0.008890697459088664,-0.03981026016827591,-0.005974408753425167,-0.035964229810295824,-0.024901170175845172,-0.038819371353143506,-0.03067947343261998,0.05660602756752938,0.018514146059758867,0.0630648223090857,-0.02046975839045679,0.010945850033427634,0.05489163059526027,0.05795201598240357,-0.05103553649568802,-0.01262163064770232,0.01972375210447274,0.015200446602972043,-0.07288077136159389,-0.045253761661507456,0.07409185920908251,0.014276341395516378,0.0810045070856479,-0.0016219890517682853,0.02675633165016448,0.08446304769007573,0.08521420644331879,-0.029572736554283573,0.0033847365087758662,0.041274108562553494,0.031222707381923738,-0.05476964556826925,-0.03796996902651488,0.0786508105674647,0.01459782202810191,0.08259976491501736,0.017086334828839502,0.03471607886147668,0.0995650086923048,0.09479038572721668,-0.0025913430267901646,0.014984678306230138,0.05718626179915623,0.041802203593146126,-0.03281018371534473,-0.028962115330645705,0.08119584913941341,0.0164943236603367,0.0844337278078526,0.03179095361323428,0.04321086633277867,0.1086869539256401,0.10234516719957311,0.01937940790858846,0.02824321645512008,0.06707957160202632,0.05040720044898474,-0.015878905410184007,-0.018145107884405744,0.08000341134711869,0.03324096111491148,0.0911640601225433,0.0500841657289407,0.06553659797834564,0.11199953011708771,0.1086473999216939,0.04912466551438865,0.05125120232605444,0.07171405969546275,0.048458729592986,0.007847646673820798,-0.01252090908397966,0.2713220329791152,0.1023007428251556,0.2863221070533174,0.0,2790.68571280155,14.41625241437333
Liquid LFM2-8B-A1B,Liquid LFM2-700M,fineweb-edu,StudentT,hc_values_per_expert_hat_1_new.parquet,4.7395039042341285,5.0,5.019306546284104,6.0,0.020917434732491233,0.0,0.043122740694157814,0.015132075227455046,0.04967757041377957,0.04151538792950453,0.020580056692142936,0.05059754562253431,-0.007581897702115017,0.007017015961948545,-0.004272838908710545,0.05070463839627283,0.008115059265506501,0.053950409322490116,-0.011736303256181774,0.005035870651654938,-0.03490960817749892,-0.010422761492589493,-0.035813235617647765,-0.02540111769636164,-0.03842996581451432,-0.03126260170799182,0.051740556886427536,0.018514146059758867,0.06235176444167756,-0.015294305364214377,0.009257748603679953,0.04464909568041896,0.05654078381976455,-0.04722769515048703,-0.015726690549276275,0.00634446868386761,0.013429699889744311,-0.07364846311443864,-0.048934893139249994,0.06946613927969114,0.014276341395516378,0.0804932829128011,0.0019133216652639966,0.025031040893721327,0.07282427900024192,0.08391452562081586,-0.028850659564801918,-0.0004032189770206662,0.026284040874767472,0.029539926924617745,-0.05925247894323797,-0.04245878402741734,0.07780322330280019,0.01459782202810191,0.08439927063966429,0.022608416446674842,0.03630135189452972,0.0918355585299565,0.09606749913183299,-0.00027966920669407404,0.014296579965957436,0.04413696359086228,0.041241113330591564,-0.037550789997259505,-0.032839742973759606,0.08349210059905578,0.0164943236603367,0.08669260453428879,0.038984346574146934,0.045672589214571964,0.10454010715828785,0.10414861716229092,0.02305384464964915,0.02809676522064121,0.05589124843226535,0.05006201142733305,-0.020755950430744494,-0.022351185204561606,0.08459887408287296,0.03324096111491148,0.09388042298145559,0.056182689327201885,0.07004205596964809,0.11218004204403116,0.11138807317148787,0.05268854052402034,0.05376762943289891,0.06487409007888739,0.04903218655705324,0.004574358313645613,-0.01514288491746998,0.0882285534776319,0.10019086083162347,0.23012993909406793,0.0,2790.68571280155,14.41625241437333
Liquid LFM2-8B-A1B,Liquid LFM2-700M,fineweb-edu,StudentTSkewed,hc_values_per_expert_standard_1_new.parquet,4.537896874201188,5.0,4.355200902869214,5.0,0.0037571320397995554,0.0,0.054859766508859875,0.012644546381062209,0.053546738434878574,0.06797465334376643,0.016582427121149698,0.06450174988219803,0.014757142382709063,0.004874310804137625,0.011432460417424557,0.040102624126150815,0.007770235576924584,0.042114278017454015,-0.033602431361812124,-0.0011344951853480007,-0.04506067976666404,-0.005678457193537593,-0.014397412439843209,-0.0071499418662740195,-0.027879418597886903,-0.014296834919062834,0.06771690380214568,0.0029353496284101567,0.07014045617475248,-0.02966810083056017,0.009945308569766585,0.07983485525414077,0.07556818868883991,-0.046208484827681764,-0.003933572748564621,0.05356186325754359,0.04041198048650841,-0.04699384055060273,-0.025217744535238177,0.07889057134954973,0.00584179612280406,0.08224189023882732,-0.014949727854714559,0.020700257777968516,0.1045513985073556,0.09772282190542404,-0.02738606139021609,0.006976725318530016,0.0724532018875456,0.053553872058858504,-0.02830167844941807,-0.020927508429539853,0.07601632532838569,0.001004471381226877,0.07504867851178676,-0.0016935323897117665,0.019169595107367755,0.10983342968600159,0.09621064497898794,-0.007570198973669639,0.0066714107841204075,0.08067938141951227,0.05681904982197783,-0.011318651628894956,-0.018992558807682813,0.07579949183322512,-0.0007738846050317581,0.07517554740792402,0.01431984825505643,0.026763562494752816,0.11399684244939903,0.09911958389513863,0.013991407876695634,0.015129551055003805,0.08533476201582647,0.05937175445491537,0.0023492694441259432,-0.01552518551778853,0.06914642766798695,-0.005134319368472653,0.0779965944948889,0.027624421762587944,0.045797915009773975,0.11061408704844816,0.09983981332251324,0.04136619752195616,0.03292050337132399,0.0861930022686233,0.05352698178689247,0.029283705444284762,-0.013826911753469328,-0.3154273934503104,-0.5552869236220388,0.17063675432393444,0.0,154.65466553019874,10.912197465146109
Liquid LFM2-8B-A1B,Liquid LFM2-700M,fineweb-edu,StudentTSkewed,hc_values_per_expert_hat_1_new.parquet,4.927259222818669,6.0,4.761366650750703,6.0,0.0037571320397995554,0.0,0.04797862582656855,0.012644546381062209,0.052553041767120626,0.05561372447338973,0.016582427121149698,0.06673189157878384,0.006733292179737921,0.004874310804137625,0.01673697529480616,0.041245333646830626,0.007770235576924584,0.035816066472314466,-0.02862967262641884,-0.008118375673773864,-0.045121473373125935,-0.009309079747511778,-0.023053753282052118,-0.0009494999628661001,-0.03181872016890292,-0.010359825691505101,0.05833785858046985,0.0029353496284101567,0.07302444657521419,-0.02861198090782111,0.008946067492517742,0.06442699927252872,0.08188756670431444,-0.049778799117394676,-0.002143492367117463,0.036942336197537756,0.048867335913923476,-0.05632170480703304,-0.019741782487858534,0.07094110869731896,0.00584179612280406,0.08581373782985108,-0.013816831301027649,0.020778851184030674,0.0891399661528814,0.10591685952420815,-0.032836015876835635,0.010408924973482775,0.05564342848641713,0.06358220570879497,-0.040776699459745346,-0.014390522925928783,0.07232110390065391,0.001004471381226877,0.07891553219448526,0.002863924106055564,0.020001748521089803,0.09930027312906696,0.10490786028523255,-0.009363833700941836,0.010420529186796992,0.067055985984182,0.06673223044039392,-0.02212622302235157,-0.013376274982366734,0.07514457561535248,-0.0007738846050317581,0.07632680186418864,0.019498037179080486,0.024525248788249073,0.10734693795862332,0.10478380888486857,0.013247811710313383,0.015002228781194992,0.07433121309169449,0.06779503910151488,-0.007288582857187345,-0.012170135379596644,0.07129609736988379,-0.005134319368472653,0.07731882758600687,0.03289088263386253,0.04429286630071082,0.10923556253827661,0.10289528089187472,0.04134878784351617,0.03226970110319587,0.08042927075446732,0.05993773378397707,0.02104140702887459,-0.012618513735598476,-0.5483539790145188,-0.6152555755457186,0.14453991093034568,0.0,154.65466553019874,10.912197465146109
Liquid LFM2-8B-A1B,Liquid LFM2-700M,fineweb-edu,KDE,hc_values_per_expert_standard_1_new.parquet,4.682756259073305,5.0,5.053791134325911,6.0,0.006964439878652834,0.0,0.03994022083516719,0.004259023230074849,0.04359842617579455,0.038362297414201475,0.01178155909874982,0.03719417366603732,-0.007165921259062801,0.011615765394539951,-0.015358578025852238,0.04710614209422999,-0.0073567421644651024,0.05895700420164679,0.0378790160362045,0.041713249912425636,0.03395228113480685,0.033035363252648206,-0.010717083024052776,-0.018808888704992897,-0.009126899598586114,-0.01745161394456324,0.049365940850616234,0.007829244711415087,0.04951691869458039,0.04673835749049888,0.046973651811469896,0.04170529142105807,0.037772014729389874,0.036674587981521074,0.03287337522843933,0.004161140423672985,-0.0044146402860267536,-0.002022304709669944,-0.010462587329993518,0.06721626322230113,0.009710518858088872,0.06104910962783456,0.06449676418923814,0.058249877969187805,0.06872057899683881,0.053688481519549365,0.06317952012980435,0.04797525482298919,0.022029772132008,0.002990466779427335,0.015714174980112464,-0.0035233724431127096,0.07349126786922877,0.010251327796669969,0.06238177494142398,0.0712364612274303,0.059865314509004355,0.08435833825508551,0.06102115728112472,0.07954567743194481,0.055601046116422234,0.03723130474229759,0.011832504583676687,0.03188992201649494,0.005793435594949943,0.0809908000927414,0.013688326125079246,0.0743837958468409,0.07834717636855293,0.07162122618084973,0.09905407625636109,0.07866076473582484,0.0938660902024714,0.07309602491415844,0.04995052786500985,0.023562074120203027,0.04471430603326831,0.01784246404041097,0.09109457302880851,-0.002173448259197662,0.09357771085958172,0.09144075900017788,0.09393553432808716,0.1138373386809346,0.09739120244617472,0.10972168237368875,0.09303687688164275,0.05766329682162594,0.024971404143640786,0.04986578674880202,0.016715293532149154,-0.2569029877412403,-0.38829603505758115,0.14593738455342642,0.0,2.1703586879458277e+296,10.192925171003644
Liquid LFM2-8B-A1B,Liquid LFM2-700M,fineweb-edu,KDE,hc_values_per_expert_hat_1_new.parquet,4.966113466352206,6.0,5.471696111199533,6.0,0.006964439878652834,0.0,0.03394979455424294,0.004259023230074849,0.0394507314506007,0.0300004670159876,0.01178155909874982,0.03164514776590589,-0.01028935889388366,0.011615765394539951,-0.017133913722824568,0.0442391534481266,-0.0073567421644651024,0.05658464517342526,0.03189732777298217,0.03752740112508734,0.025880451547177982,0.02757391858344829,-0.013386653345613314,-0.020375967359446304,-0.011879415590625384,-0.018977150122919517,0.044521674364152164,0.007829244711415087,0.046496498092053626,0.042046219451927304,0.04401814878861883,0.03348081103171326,0.033066424845193315,0.02893054566895094,0.028409481289085967,-0.004986126485833643,-0.009224620643673614,-0.010410926357467074,-0.014870927209967928,0.0634536619529802,0.009710518858088872,0.06087015219641602,0.060923774941494056,0.05820354059088999,0.06047867945853448,0.05186849900816544,0.05550710162454678,0.0465029003878203,0.012225893065055803,-0.0002604789215620131,0.006707521066302698,-0.00631721933299603,0.07196809384199114,0.010251327796669969,0.06569004484564667,0.06989911520118172,0.0633694860920514,0.0782849222777286,0.06336947392072201,0.07404544615104146,0.05842898189062546,0.028381359635959252,0.010801780730189628,0.023807639981064783,0.005335740914597199,0.07969350531266947,0.013688326125079246,0.07734129823523017,0.0772950593527692,0.07475802358979144,0.09280879368683391,0.08118904073033086,0.0882130095959328,0.07603363694132165,0.04070784626287907,0.02341286787837912,0.03615474817205068,0.01814596048725089,0.08706823102110141,-0.002173448259197662,0.09537885008441804,0.08710694252850447,0.09566525962679656,0.10596544990970451,0.09940703908620575,0.10217533258015933,0.09524523945667172,0.050136390174944645,0.025699692034155786,0.04338790162224177,0.017891521556624934,-0.4274155595341595,-0.4198098273283563,0.1180337462676127,0.0,2.1703586879458277e+296,10.192925171003644
Liquid LFM2-8B-A1B,Liquid LFM2-700M,fineweb-edu,JohnsonSU,hc_values_per_expert_standard_1_new.parquet,4.530599645990383,5.0,4.796309425626631,5.0,0.002083544340427995,0.0,0.03786781823529367,-0.0008087485872471081,0.04403582359375706,0.03700348555297962,-0.0011457678956780775,0.0373351035367882,-0.0057772232452260866,-0.0004488307223781174,-0.01588646282493021,0.04364504148051976,-0.00035991786486899073,0.05992228641868727,0.000838183656440215,0.022459503058967864,-0.01346331694951765,0.008617951590324005,-0.02309218571205686,-0.024864392586006832,-0.02714272054801507,-0.026243952930939566,0.0496102078708829,-0.002100192775674867,0.05182411500321664,0.011490751250441019,0.02689865381674207,0.041967408017333285,0.03911024372983285,-0.012833901100000803,0.007996661493035233,0.00429965032777394,-0.005512268407840264,-0.04666150883784252,-0.02885997637185534,0.06783556359358142,0.005981152815758721,0.06499093975096043,0.014483457028543168,0.029046455897101257,0.06947380600512183,0.057262474269715646,-0.009852224906310662,0.008432244102889742,0.022466881957862513,0.003393041418101425,-0.04326601993216131,-0.03192336177085931,0.07512500959504055,0.0067623594499453465,0.06683945016578381,0.02631058616900673,0.029738857917340187,0.08586592116328652,0.0656187078505677,0.0073089210832390965,0.011535765538809348,0.03737210761468029,0.013120893016876047,-0.029425997495549257,-0.0271604949589247,0.082486282345245,0.013922239949263752,0.07733622904782313,0.035243030159561234,0.040156334643280577,0.10010863288430864,0.08225735507210673,0.02316771723088191,0.026554717205759342,0.0494693494259872,0.02535701549873695,-0.014474661421711589,-0.01620871259097977,0.09051198372244643,0.01934462580405717,0.09443610389001647,0.049078583668530705,0.06002874194033039,0.11099969298550727,0.09845303421099988,0.0420246956533543,0.0444618779248746,0.05359702724921118,0.025495721778501002,-0.0029455107361368005,-0.015722796589950284,-0.1894050187239079,-0.32683744373651125,0.16456365124594022,0.0,43166.70912052621,10.849271285630413
Liquid LFM2-8B-A1B,Liquid LFM2-700M,fineweb-edu,JohnsonSU,hc_values_per_expert_hat_1_new.parquet,4.818615889919407,5.0,5.244213582586971,6.0,0.002083544340427995,0.0,0.030479371794980243,-0.0008087485872471081,0.039483482651696274,0.026950556054085376,-0.0011457678956780775,0.03133560024720283,-0.009210510381884472,-0.0004488307223781174,-0.017688706421296982,0.03968988217686471,-0.00035991786486899073,0.057172189072993256,-0.009302501314628071,0.016267244798861318,-0.025716125948383163,0.00035359047887196084,-0.025310146280020606,-0.027476691989353843,-0.02976681578951073,-0.028401806232189616,0.04291175946410569,-0.002100192775674867,0.04835406326438249,0.001129112557920985,0.021872048670123257,0.03169511474317609,0.03377172398655315,-0.02595426856439035,0.0001955319917809246,-0.0060219782153695285,-0.010895389387698181,-0.05675678093104553,-0.03679180272586808,0.06234463117033513,0.005981152815758721,0.0646948798186129,0.007854395460637034,0.02768831202649199,0.05917625221722976,0.054990314312916795,-0.02048301056645807,0.003865633903684318,0.011533680009345492,-0.000544590826303426,-0.05291893406027048,-0.03854814563959737,0.07257660334509487,0.0067623594499453465,0.07024455940960365,0.023726044506894948,0.03301339519446218,0.07840996985515494,0.06772807125877,0.0005060300261268676,0.012285785905073118,0.0276185570363338,0.011485286612040494,-0.037870395348302506,-0.031120118277237856,0.08044805645136652,0.013922239949263752,0.08065575245842178,0.032483082499945144,0.043303890379587165,0.09309553639937956,0.08507360611092017,0.015342972577843053,0.028074647295294533,0.04002045577024695,0.025150572445913427,-0.02419966851004758,-0.01849360016049287,0.0871970035158186,0.01934462580405717,0.09662721327431566,0.04191013145784323,0.0620565208386259,0.10423961108286744,0.10038696430499328,0.031929022378740075,0.04501657526319088,0.04691099565813795,0.02547316612323718,-0.00942758948119111,-0.017908372786960017,-0.3677534148859926,-0.3499504566212337,0.13211025837817386,0.0,43166.70912052621,10.849271285630413
Liquid LFM2-8B-A1B,Liquid LFM2-700M,tinystories,GMM,hc_values_per_expert_standard_1_new.parquet,3.734541285799795,3.0,4.3319299171139,4.0,0.1862654587142002,0.0,0.005389717879142056,0.012928251095289243,0.032422967650392986,-0.013799318608242461,0.013764444929652734,0.020063411270272263,-0.024365739880103456,-0.002622228568071502,-0.02379659124311167,0.029755457759245513,0.015550479663360746,0.056219558893504655,-0.019234659353825623,0.013993484536141477,-0.036502158018964094,0.004623670383638614,-0.015189612293659466,-0.015066369910388632,-0.02024334288272494,-0.020374912518744268,-0.07766236478820733,0.0005670954370856805,-0.06793111603925756,-0.06574897905086965,-0.05406129166219141,-0.09796240680082988,-0.08414920549336363,-0.08268760168173646,-0.06616785978839246,-0.08348069148054721,-0.0699637350205626,-0.07010686983804186,-0.05402747054233695,-0.0680073828192604,-0.0032807427030424174,-0.07193721202024177,-0.06437629615780796,-0.06812571379430124,-0.09006285607590218,-0.0924718161288301,-0.08447508490483609,-0.0864229960374055,-0.07018533241577218,-0.06894091903810273,-0.06492237652407674,-0.06306942561798683,-0.017895602733454755,-0.006065954296045105,-0.024418020731656928,-0.018508696039664974,-0.02526364451109938,-0.026865179278460622,-0.03021228953055686,-0.026653660816057387,-0.02999927834249378,-0.023119045222002563,-0.019656858021833763,-0.021822786830021874,-0.018014076246486457,0.0027640800918145867,-0.008499506911095404,0.0016564849947316284,0.0022153734147490325,0.0010875393281075839,0.00047428692985173986,0.00164733443109372,0.0017581927491247056,0.0028437159657978633,-0.0032218308632631686,0.0005514290899743561,-7.278710690454256e-05,0.0035711250151529384,0.02886374377121939,-0.006958676867342447,0.03637740679588776,0.024616079146791363,0.032867047908475486,0.025721334872271802,0.036491529310948956,0.025538468537741436,0.03677016087028126,0.004144771888699935,0.012552517388413221,0.010019367456219654,0.018183388913586954,0.7300381137437235,0.48058754132540754,0.597984650169299,0.0,1.1159695238868201e+296,27.14230345462851
Liquid LFM2-8B-A1B,Liquid LFM2-700M,tinystories,GMM,hc_values_per_expert_hat_1_new.parquet,3.8947133480100233,4.0,4.689841633779383,5.0,0.1862654587142002,0.0,-0.011686006655295015,0.012928251095289243,0.008303223937815301,-0.03657158715099085,0.013764444929652734,-0.008787277742185292,-0.026372221167543362,-0.002622228568071502,-0.022681452188290305,0.014686214512248347,0.015550479663360746,0.030984676126105608,-0.03608089251502994,-0.013641181351169642,-0.059771764157188594,-0.02843401075699698,-0.018133080075558576,-0.01380514148639955,-0.022285177435170913,-0.019053865485233204,-0.0728100800855256,0.0005670954370856805,-0.06848331362280093,-0.05970306795539516,-0.05458080513803443,-0.0945876910297283,-0.0853534569481046,-0.07839698123148539,-0.0673976681591217,-0.08372102831125669,-0.07156614155467036,-0.07024054957492187,-0.05572642316020311,-0.05795798123310184,-0.0032807427030424174,-0.07157762586122093,-0.05253981258245032,-0.06788967277427992,-0.08099684344643149,-0.09372969031217324,-0.07368449656993417,-0.08801509228967276,-0.06785806122162481,-0.07185769588195391,-0.061973573442034455,-0.06643665502943752,-0.012321373450066616,-0.006065954296045105,-0.025181578535545666,-0.012275549972993897,-0.02620915758519148,-0.025403089730483754,-0.03367329072122409,-0.024891894690705015,-0.033842170857401925,-0.028657688575885323,-0.024913390966103684,-0.027782360924650418,-0.02370630493769859,0.0038953911750022187,-0.008499506911095404,1.0035999311302363e-05,0.0034503309571747246,-0.0006880436653019771,-0.0024075843208437968,-0.00277577134990518,-0.001420046378951644,-0.0018016011369125404,-0.010141957976548774,-0.005069586834531035,-0.007686053751684282,-0.0022638514753366527,0.017777711313671018,-0.006958676867342447,0.03035733150921515,0.013048747701874313,0.02637400249124922,0.010158887376427866,0.026607704137285255,0.008867736515976013,0.02637676544648858,-0.007669688137598119,0.003559535953418255,-0.0030892976767442335,0.008962143589602496,0.33044465296363007,0.45212704491086875,0.4073009740953029,0.0,1.1159695238868201e+296,27.14230345462851
Liquid LFM2-8B-A1B,Liquid LFM2-700M,tinystories,GLM,hc_values_per_expert_standard_1_new.parquet,4.564650143554261,5.0,4.957238076880155,6.0,0.0004768233420243687,0.0,0.027294142244597815,0.007388508517397623,0.09386113095392222,0.005215910460923276,0.0051091915208605785,0.08728232402325481,-0.03393771196896177,-0.004782888481484305,-0.034105672240209314,0.06123185421355958,0.012171396998881928,0.12796680319413153,0.05292954629658691,0.13379371232790577,0.043593909510607445,0.14668243812903375,-0.025944387493882386,-0.022108027024613147,-0.033868181340205555,-0.029189367770018744,-0.028984048270776493,0.04726382747782716,-0.0008664919673105577,0.012802867772086661,0.04183233890769241,-0.04951966242952487,-0.010500052316646073,0.0075497348725725635,0.050575563188731514,-0.05690625060963095,-0.019623402117744212,-0.0033435382175675235,0.040564166224090085,-0.00986950776356821,0.05472347945588134,0.028329363269707274,-0.011930445761045535,0.048213009104137595,-0.033209565787076636,0.024205094355702922,-0.03002085381238496,0.061404383920241036,-0.04837043537217872,0.00399699373150578,-0.039286533849595025,0.04512064564367772,0.033733878452118254,0.05285096496690295,0.057352484282584944,-0.007228620081229992,0.04144710764998897,0.02133971984093838,0.06177547468644681,-0.02310006979401358,0.055922179766411687,-0.010474826516225503,0.029222876377820513,-0.031918414204972934,0.04191632269776269,0.04667937251788047,0.050531889933425805,0.06116712201318234,-0.0020566489115456743,0.033120198658495976,0.03977912906248814,0.0692178901018593,-0.010545693435507422,0.05066892098276179,0.0034431929937408646,0.03563796174834025,-0.016146924784864815,0.04327702163631045,0.06684295277070776,0.08885061749205687,0.08696900805161331,-0.015330222510176203,0.039343186734965827,0.06016635314241811,0.08498309166413191,-0.016700829170802303,0.0449949931427019,0.010678832625873325,0.025947063780045947,-0.007660685972311148,0.023489483920605462,-0.36219761415681156,-0.5898850978807598,0.13911713514168708,0.0,43.647971504492766,9.090202728483787
Liquid LFM2-8B-A1B,Liquid LFM2-700M,tinystories,GLM,hc_values_per_expert_hat_1_new.parquet,4.992188213332792,6.0,5.452911158680721,7.0,0.0004768233420243687,0.0,0.014993130785780035,0.007388508517397623,0.0810762177464873,-0.013362501546002992,0.0051091915208605785,0.07401731898324457,-0.037972404012823764,-0.004782888481484305,-0.031099384021617132,0.0529655347986038,0.012171396998881928,0.11217560176810443,0.01592333809785925,0.1166555820535029,-0.005356366299507017,0.12943204389670795,-0.02981304496543505,-0.017442805716635458,-0.035976553489231636,-0.025113573563852788,-0.03535061343762247,0.04726382747782716,-0.001730920677067056,-0.00827935112028832,0.04037955927475311,-0.058479745267525224,-0.011275287442326483,-0.01988085687860108,0.04921617122147891,-0.06559646292625806,-0.019926393790429264,-0.027646316310478376,0.039944489494611844,-0.020369992146026555,0.05472347945588134,0.021734056600020986,-0.02845418917470715,0.03848109249562494,-0.048217818351232455,0.016683532933410017,-0.052366611773252796,0.05033962878195141,-0.06129731014180421,-0.0005102612195898634,-0.05721813512305375,0.03853534762700755,0.02194118045430891,0.05285096496690295,0.0499555599207917,-0.02009196417878616,0.030022088694493593,0.004460498463234455,0.053378984489129165,-0.041623824196799386,0.04309156123733095,-0.024189230600722787,0.0246622959003058,-0.047080827435256815,0.0351270509922669,0.03743196518963749,0.050531889933425805,0.055065588666078,-0.009723156746577742,0.02315170939741682,0.02544407114763863,0.06190587444552005,-0.025444908168331396,0.03902015969856394,-0.008992956769801826,0.031341117057739135,-0.031931909922343286,0.036802812062081594,0.05291771321786979,0.08885061749205687,0.07928817698833869,-0.022666039397268082,0.025731592574039876,0.044185098596556324,0.07750586566125695,-0.0283906635252096,0.031968986670844225,0.002254207583245304,0.023706250116398576,-0.017961484795535654,0.019921624370337947,-0.5943857540021426,-0.6487814026117581,0.11261187281529009,0.0,43.647971504492766,9.090202728483787
Liquid LFM2-8B-A1B,Liquid LFM2-700M,tinystories,StudentT,hc_values_per_expert_standard_1_new.parquet,4.423327821120231,4.0,4.795341334496647,5.0,0.010591565299434913,0.0,0.046993770877000685,0.026949073281804563,0.10194543717109132,0.01571270233870855,0.027258665684454685,0.08785510890649838,-0.05041320681737915,-0.007173552189358479,-0.04531571267224938,0.09740697769437984,0.03412262547116304,0.1472611498433407,0.035228656624539625,0.11303103983762496,0.016718685960563435,0.12007314543748444,-0.03190348327655489,-0.02317064544286866,-0.0440493171917572,-0.036117234711770925,-0.03756237075503194,0.028950294212012097,-0.0052166281797686315,-0.009132600995992099,0.0312272577493188,-0.060554517275120734,-0.01762524127614882,-0.019247649603955568,0.03468964567305999,-0.06655298038392005,-0.027554129872892113,-0.025164739887184425,0.024188407235354162,-0.0201933989108026,0.03706038001256166,0.0048943446258246795,-0.03512907711934404,0.01048838406169622,-0.04615112746359165,-0.0071081823873733515,-0.059042451076636644,0.009863300453159161,-0.05763995074917887,-0.020715724928427395,-0.06000359018307355,0.0031877706582461806,0.023108128966758613,0.03576453875483658,0.03502445136008946,-0.022675417825553216,0.010029424904820767,0.008402313875306041,0.03276024383977467,-0.04212816034999069,0.012944147575700303,-0.01864171937736911,0.008686368438967484,-0.044196561745447574,0.009058678227178946,0.03914340635109598,0.030965745128108835,0.048350245436379516,-0.0077830134737656605,0.018285142135861427,0.031226564992753034,0.05161036758823864,-0.02157670460156038,0.02448839844703633,-0.0009925226605252786,0.022518513700456474,-0.02775966340225157,0.017550668899427534,0.05770783824668362,0.06491353326162903,0.07400648369048946,-0.019344473498226298,0.024605220837919918,0.048826474046388416,0.07308184035941252,-0.027891703505228235,0.029284246631517373,0.003612522916683644,0.02345620242077897,-0.021897380044478797,0.01674105315444911,0.20720849730105476,0.058026272305871096,0.2610363857921512,0.0,397.63940512551653,14.72314770246881
Liquid LFM2-8B-A1B,Liquid LFM2-700M,tinystories,StudentT,hc_values_per_expert_hat_1_new.parquet,4.693209832706023,5.0,5.0907790481794475,6.0,0.010591565299434913,0.0,0.025141963263354244,0.026949073281804563,0.07719117391587754,-0.012000335034350787,0.027258665684454685,0.060578509793484156,-0.05127915752317733,-0.007173552189358479,-0.0413921710659272,0.07642112078653157,0.03412262547116304,0.11858334498180474,-0.005085864650544675,0.07581109151141154,-0.03300528075163896,0.0787775918231287,-0.03186195461181066,-0.017634939352811563,-0.04360753431065692,-0.031164280710294576,-0.04431725704953127,0.028950294212012097,-0.0086638441760411,-0.0234758079846422,0.025229785338627273,-0.06972686149422658,-0.02096023448935111,-0.03829024212946014,0.02844642925189258,-0.07510908534872832,-0.02924619184882678,-0.042453978313602106,0.0203760250568076,-0.02861619824997058,0.03706038001256166,-0.0023883185742943755,-0.043151087895441836,0.0002035047192102246,-0.05828579584808301,-0.01496164050412687,-0.07081022958780277,-0.0014203964443266234,-0.06819112404957495,-0.02483572494204605,-0.0704530212209448,-0.0029951502589918608,0.013006485519125935,0.03576453875483658,0.025992083828418264,-0.030180297085335855,-0.002352658493498527,-0.00681203873468343,0.023300186409443355,-0.05512811207324324,-0.0001654961925503448,-0.031783364167142905,0.004580113904598659,-0.0570852708646868,0.003168241429541926,0.030517431293031676,0.030965745128108835,0.04019656524128832,-0.013985601665009664,0.006959715112720418,0.018009541755526978,0.043204687161940335,-0.03276910176541721,0.012693560484031826,-0.012311225772985214,0.01926330518930942,-0.03896233660058965,0.012815631398092725,0.04473970715748907,0.06491353326162903,0.06284466254282459,-0.025743773874896198,0.008720009826454109,0.03384167464448059,0.06273587521733447,-0.03654233182205638,0.014465959737637864,-0.004416467609663078,0.02113511084058953,-0.02810740433709786,0.013267502555154105,0.03481404479609734,0.057345166499270184,0.21125635284792854,0.0,397.63940512551653,14.72314770246881
Liquid LFM2-8B-A1B,Liquid LFM2-700M,tinystories,StudentTSkewed,hc_values_per_expert_standard_1_new.parquet,4.779149631222798,5.0,4.525540484330773,5.0,0.0011058243463969403,0.0,0.08075456475587285,0.0063902300530351815,0.15469872766865042,0.05174554090857055,0.006142993239187353,0.14965601238003232,-0.05715557440108413,-0.002082954906884892,-0.049302756867088765,0.137910139156957,0.008473184959920074,0.20400148453573919,0.028187575501293652,0.1412852808030953,0.01599204195042768,0.15903288709741709,-0.022350145585131258,-0.01805828703299722,-0.029586026675739657,-0.02450703090015551,-0.020888480864419894,0.0024302694143791314,0.016740100057399687,-0.024362870386903015,0.03202076681910879,-0.043475305245828516,0.008908613859989358,-0.03686194065114543,0.03835300571443845,-0.05648466341775867,-0.0062615680192754965,-0.038376375642602885,0.030368663987719095,0.003935183518083056,-0.00043662905135894966,0.026116308879303628,-0.043725365641894866,0.010537019497548277,-0.017565986368845436,0.01923683623821989,-0.06637450008187736,0.012812199571697632,-0.03912560740289512,-0.0021500908342945184,-0.06119751264537044,0.00871284463795758,0.041114314424227104,-0.0020881945994004596,0.050188865904115885,-0.023326639847891763,0.01276117416085906,0.03038403576047185,0.05161388880238792,-0.04049871199431566,0.018087302854686287,-0.004694809164968205,0.02106143251244435,-0.04019578944957608,0.014495471316516368,0.05342002193830707,-0.0036293709773613228,0.0620589344148194,-0.007360538980164913,0.022961815877641054,0.04940547148268605,0.06798097477345763,-0.01728152061840216,0.031121323651069715,0.011009825787241407,0.032067339975610384,-0.020553371602218772,0.022691572055764334,0.07182781381991607,-0.0029731467830529813,0.08469828132402621,-0.005776778031131118,0.03400827344602968,0.06968784302158668,0.08540340500262601,-0.007675845205965538,0.036730432837484873,0.0205307335439687,0.0300166471252286,-0.005361427459680046,0.016395962943295005,-0.4002124398908626,-0.5663339289891433,0.15109899733108817,0.0,506.02460534652636,9.305030893782462
Liquid LFM2-8B-A1B,Liquid LFM2-700M,tinystories,StudentTSkewed,hc_values_per_expert_hat_1_new.parquet,5.220079335287971,6.0,4.945966784688898,6.0,0.0011058243463969403,0.0,0.03116753426054209,0.0063902300530351815,0.10946007004897773,-0.0036855214588881143,0.006142993239187353,0.10196685324096036,-0.050238689554297944,-0.002082954906884892,-0.03956061244542809,0.08140622381484003,0.008473184959920074,0.1490206824944058,-0.05620961278261389,0.0789446329829328,-0.07934046570161199,0.09528255800396719,-0.011960564311763275,-0.0024403272875479485,-0.022204697464486632,-0.011239911608114349,-0.03824976879061267,0.0024302694143791314,0.014056520190170663,-0.05172914473334068,0.02933471865429059,-0.06353804816854003,0.007401431455920512,-0.0688032069581329,0.03787361447802664,-0.07149730622797584,-0.0054148713740113374,-0.06266710501853719,0.033264105480206946,-0.014961480723102214,-0.00043662905135894966,0.022583779243212334,-0.06452159285819259,0.005163146897534497,-0.03996089978883105,0.01797614106385702,-0.09021035495671963,0.010990340595047483,-0.05364061653410378,0.0006839039215269641,-0.07564288712999198,0.013203865313185195,0.02371510355925331,-0.0020881945994004596,0.04466953581707242,-0.04087224051893596,0.003433050054213444,0.009195106394176606,0.04883239886075838,-0.061345838453352036,0.013009172763937989,-0.018076011387841182,0.024085001273650382,-0.05271758454775763,0.018901068437143235,0.038111600164702,-0.0036293709773613228,0.054960034046487194,-0.023461108327223607,0.010867483748464437,0.03033870619416306,0.06419345241376401,-0.03756663279209165,0.024354195127869585,-0.0010842492106243806,0.03566287462380502,-0.033670894463110224,0.02823539203080693,0.0560287629563403,-0.0029731467830529813,0.07732382610466526,-0.02000671682262022,0.020335970766031795,0.05220761300068188,0.08161571026676154,-0.024569285444289008,0.0289989871249146,0.01214430706565557,0.03396503178957849,-0.014955732481424719,0.022420439843906733,-0.6214155080429797,-0.6210747998634195,0.12347800232094804,0.0,506.02460534652636,9.305030893782462
Liquid LFM2-8B-A1B,Liquid LFM2-700M,tinystories,KDE,hc_values_per_expert_standard_1_new.parquet,4.261725288883929,4.0,4.927959094644361,6.0,0.09443131207580477,0.0,0.019093185925941114,0.010802177152972074,0.08756582218479247,-0.0003779158271094685,0.012572770318558494,0.08665472021928947,-0.028536961701598678,-0.0009141736811049959,-0.02559261336705127,0.047630147627539796,0.01171635083407707,0.11315843555184374,0.0006412036766384957,0.08599641465784293,-0.014739170780609387,0.09178111766681553,-0.01850251511213941,-0.017149800274892685,-0.023930325132821582,-0.022836174246132494,-0.0818741888184916,-0.0026186063130176004,-0.05436897512957879,-0.03516161728371138,-0.017278433403261687,-0.10488488698510749,-0.06902178671487054,-0.044886346998837985,-0.02133733003402055,-0.09120662488862799,-0.05931925447553208,-0.038722847194909274,-0.017599675281184064,-0.07332538875855107,-0.004836654077194004,-0.06283710767033068,-0.04413127364112504,-0.0360568416531188,-0.10098345017872015,-0.08246888624818818,-0.05818260341660853,-0.04374642439213563,-0.08302630865698532,-0.06343328347118263,-0.04489334240708941,-0.029499072380966447,-0.024591548260207645,0.006562746345802556,-0.02000830977360049,-0.013817724766163157,-0.01061795119659102,-0.0399776510505545,-0.025875771313216875,-0.021464654934972374,-0.008947421737487232,-0.037415110356924575,-0.018172346869624323,-0.019173015068613405,-0.0008121735364597541,-0.003615952012208661,0.005924587029066742,0.004659980072559876,-0.005514142038763056,0.006209952495537759,-0.011344694206360046,0.002603305035381958,-0.00533911645548124,0.009752502999343358,-0.015314336337675913,-0.002147116588484632,-0.001572090799416894,0.008581116666547138,0.016110796574226188,-0.017565536745011746,0.03858583385996164,-0.006281857118680825,0.03134157697283814,0.005127737875094971,0.034995042995004125,0.0003685989792345271,0.038033696813042736,-0.014286649454232199,0.006638156387463652,0.009829997452657075,0.022691278956541452,-0.06378036404334869,-0.2774838160342245,0.2056697105452955,0.0,1.0145177489880184e+295,11.204005881525651
Liquid LFM2-8B-A1B,Liquid LFM2-700M,tinystories,KDE,hc_values_per_expert_hat_1_new.parquet,4.574125739329809,5.0,5.4142377420892975,6.0,0.09443131207580477,0.0,-0.008995542130662174,0.010802177152972074,0.04542256458496191,-0.036259333980586436,0.012572770318558494,0.041411023305604484,-0.029958051748409886,-0.0009141736811049959,-0.017490971859925583,0.02096250961774771,0.01171635083407707,0.0629135364448875,-0.037824897156433904,0.037614628225933026,-0.06399403213531583,0.04016049954064627,-0.020601930486933668,-0.007482630532402093,-0.02548909500066768,-0.014427879644935191,-0.079363881303092,-0.0026186063130176004,-0.0539501205560301,-0.03126054282941801,-0.015013319901677442,-0.10359831826085703,-0.06878969064288326,-0.04343073455630676,-0.01877968773081448,-0.09224364841302174,-0.05945765801194573,-0.04142192732350686,-0.015767953800026793,-0.06688521226798264,-0.004836654077194004,-0.06434320453240952,-0.032000986201249804,-0.03701211290745315,-0.0949887410934471,-0.08488729365222948,-0.046933226526856386,-0.045338151230469206,-0.08118460030826295,-0.0657912841470151,-0.04153780829087234,-0.031100258547113284,-0.022569520267644506,0.006562746345802556,-0.02204382351201768,-0.010141876286237817,-0.012747561653480387,-0.04014555808992463,-0.02907814307182311,-0.021763595081088653,-0.012125166586847088,-0.04071236929674017,-0.02107247984353336,-0.025157135669378255,-0.0035265652660573946,-0.003907568995531956,0.005924587029066742,0.0034084348743447365,-0.0055311877761860225,0.004823042045414689,-0.013806443657142425,0.0003366136198175969,-0.009793851810121358,0.007440618748571053,-0.019366215036598345,-0.004424942800194894,-0.009659828756811753,0.006420976698029915,0.009233596977893397,-0.017565536745011746,0.033406792199086474,-0.01614967412701396,0.024972009838966316,-0.002466350488176037,0.029626946854735513,-0.012523482652925407,0.03213234263936995,-0.017910366106445273,0.004540233863249633,0.0010354421966961974,0.02136894711591487,-0.28139638769964637,-0.2879213147416792,0.15906353820587144,0.0,1.0145177489880184e+295,11.204005881525651
Liquid LFM2-8B-A1B,Liquid LFM2-700M,tinystories,JohnsonSU,hc_values_per_expert_standard_1_new.parquet,4.290608609197618,4.0,4.778916292140531,5.0,0.0005275492294737696,0.0,0.027712182551921823,0.026158017335341253,0.09065961140075424,0.00853946946368728,0.026675421376949494,0.08835864153979388,-0.030593759231569453,-0.006704618830428719,-0.028114044020714372,0.05830594178349127,0.032862636165769975,0.11877365542146862,0.03717167236505623,0.11534806978900033,0.028913760977344664,0.13048233769471274,-0.02023935730733983,-0.01423840254624474,-0.01952234092679512,-0.01833740978258371,-0.07447149240133898,-0.010244460196293988,-0.05146278168783522,0.007485245482638921,0.010221077679859835,-0.09616177730380077,-0.06594243604139849,0.00531452461210806,0.012335347420395522,-0.08447048339955715,-0.05736069510699768,-0.00017713347941452498,0.009834708456808903,-0.06314074081646823,0.01295269260518888,-0.053267377522706105,-0.019668650936559305,-0.015124795589340146,-0.08764070586614073,-0.07117383405205954,-0.031111086811838176,-0.018491905532014522,-0.07279020610658143,-0.05617027180106786,-0.029819706095470844,-0.012643489793704379,-0.015079532124376504,0.023643119040636793,-0.01154565494781037,-0.012131363858601816,-0.004945483552670872,-0.02675137147962059,-0.01572389773982946,-0.020169196997678492,-0.0016931648509142588,-0.027069795864673347,-0.011948124485860051,-0.019280737577733933,0.004184587393694645,0.0058615358558812706,0.024845825104913788,0.011677510837719066,-0.0008957300516601154,0.009833246973111793,0.0008920015565796538,0.011184359411291322,-0.0024315017158927526,0.013645729614574043,-0.007039435894661848,0.0031067674829721834,-0.0031039556175725545,0.010315430856816599,0.027610912712399772,0.03669238699542802,0.04682866677311671,-0.014390690307984668,0.03131578755033371,0.020544791944825724,0.04340276507907098,-0.009944815191265737,0.03533805159755002,-0.0033379601138675743,0.009732527706994603,0.003105274079492742,0.017871135054978303,-0.12462287737231921,-0.28395898899418226,0.2055254109150966,0.0,30.336312297971205,11.806623149681583
Liquid LFM2-8B-A1B,Liquid LFM2-700M,tinystories,JohnsonSU,hc_values_per_expert_hat_1_new.parquet,4.659578569327071,5.0,5.300307398877943,6.0,0.0005275492294737696,0.0,-0.003616380949534354,0.026158017335341253,0.04640950899558555,-0.030183866835989902,0.026675421376949494,0.04144094193915448,-0.03063412063505682,-0.006704618830428719,-0.01890716655843911,0.027017739685522468,0.032862636165769975,0.06531667555402465,-0.03885881927145914,0.05237785007512474,-0.06305446414851372,0.06484296085307124,-0.017958397551828615,0.00019868470802027327,-0.019546054511118405,-0.0070562539800305335,-0.07479723188060614,-0.010244460196293988,-0.0534762735391373,-0.0027560218804552243,0.01003406089285006,-0.09779100153056688,-0.06797773500349982,-0.009571420068733929,0.012855281864622483,-0.08724148779417361,-0.058522592111214425,-0.015043845547246155,0.011134261417223004,-0.06056231031390821,0.01295269260518888,-0.05770701750713843,-0.01542527424060128,-0.02048147649282115,-0.08571691365781171,-0.07613974874733521,-0.02789342733375527,-0.02415894851799842,-0.07295590866031684,-0.059019975518722546,-0.03000411990113016,-0.015450702109410555,-0.015980248205360453,0.023643119040636793,-0.016563469701183744,-0.01253875848970524,-0.011895981109012507,-0.030425063006287147,-0.021481069988446636,-0.025795787394155983,-0.009412057009556227,-0.03251603992536913,-0.015154921855078322,-0.029058512004047243,0.00021593465900930373,0.0036108896846378125,0.024845825104913788,0.007041472580047095,-0.004962257834507639,0.003358840654676455,-0.004162927016339317,0.005821476762496933,-0.01277002612227411,0.006356402871662879,-0.012917968573463263,0.000193232608950144,-0.015920401757459884,0.006610777641297204,0.017474920363761394,0.03669238699542802,0.03721181164707506,-0.029682653072888778,0.017516023497703783,0.010034963146831907,0.03448436322635739,-0.027968249842112596,0.022965120286585875,-0.007450738001789918,0.007724659956982366,-0.0070012210944325835,0.015748621159101483,-0.34604787996781383,-0.30040891387630736,0.16019736223525782,0.0,30.336312297971205,11.806623149681583
Liquid LFM2-8B-A1B,Liquid LFM2-700M,race,GMM,hc_values_per_expert_standard_1_new.parquet,3.989852481808497,4.0,4.609771951681924,5.0,0.09893830236715237,0.0,0.029813870732051904,0.009940732173962692,0.049009735328658335,0.03702378409916904,0.010265402153333322,0.051996454718564886,0.004480189020737445,-0.001705603991772791,-0.006276275133459148,0.02533368171131446,0.011646336165735483,0.05528601046211748,0.013574747743257475,0.036138641020535045,0.017737325471105268,0.03568566483804008,0.003383304241863891,-0.008724089708475222,0.0041626165962296005,-0.007017782339291144,0.05570094878559733,0.013633464207201417,0.07249881767997074,0.03330013625303511,0.05353630983462004,0.04410569636908622,0.056724480154558596,0.023593330714759417,0.03905026047359487,-0.004403953426347089,-0.00734518435654542,-0.009161867208930643,-0.012085538249387708,0.08506084183651164,0.017884877175202117,0.09949998021586522,0.060582787700632,0.07767036762742661,0.07529297039498258,0.08387194821306597,0.05101787967000272,0.061570318021381285,0.0038534385505159764,-0.004836907047813995,-0.003026719836766507,-0.012396943591956706,0.0994560579162651,-0.00018613759488087162,0.11264751166726766,0.08352953306464062,0.09841102374856853,0.10115194216540568,0.10889347414438372,0.08374711508179623,0.0927103855797841,0.028807299174275026,0.02045121204967977,0.021539477302321263,0.012614263358597392,0.11790232570150876,-0.0004899375602963348,0.1258485947441411,0.10595561492422262,0.1146608701054735,0.12574028264945541,0.1271223300128578,0.1129827068425152,0.11461296806449589,0.04358485181533364,0.031544615769819,0.03904014057614149,0.02611002455423535,0.10639898168108106,-0.0006255772712968317,0.11150210942072089,0.100567290377486,0.1059465774252404,0.11252873232958528,0.11156036675837684,0.10741445694579976,0.10638858932379967,0.0364859716911735,0.02530856471588823,0.03661249824375975,0.024826809134210863,0.49803488145194613,0.2583663472443985,0.47933349764222827,0.0,9.930845205207374e+295,23.48186085603114
Liquid LFM2-8B-A1B,Liquid LFM2-700M,race,GMM,hc_values_per_expert_hat_1_new.parquet,4.193091742953614,4.0,4.939981582796165,6.0,0.09893830236715237,0.0,0.010476466428051369,0.009940732173962692,0.03500966937068205,0.019599170386032153,0.010265402153333322,0.04098998913498038,0.011713044828783853,-0.001705603991772791,0.0014356251709471144,-0.001236578400732484,0.011646336165735483,0.033574044199734934,-0.005988284103621611,0.02038174730249215,0.0006237422876040836,0.023321349428833855,0.01149432532912324,-8.764770331905236e-06,0.011706972324792357,0.0010052885973381527,0.0394845500023218,0.013633464207201417,0.061366350328595984,0.01756025545122456,0.04092031186563148,0.029840414187799622,0.04644482613208792,0.009952198913192647,0.027405207272227977,-0.0064901354542054495,-0.009927855071944089,-0.010710450336300562,-0.015006581530288408,0.06565743139358798,0.017884877175202117,0.08758885046345273,0.04175306777273323,0.06443003809546939,0.0585553149669818,0.07390661707958557,0.03524599986505576,0.05053469360044906,0.003947517077570301,-0.004091166796939051,-0.0018973961783844194,-0.011481778291402215,0.07978233694915046,-0.00018613759488087162,0.1004875670593687,0.06346815067109285,0.0850865202526348,0.08246380140825552,0.09911050058064033,0.06495952347343417,0.08201181541599181,0.02594350932484319,0.022474468581132896,0.01920733264141796,0.014878660885477854,0.09967428733975174,-0.0004899375602963348,0.11602034289447584,0.08732634441451081,0.10411848402151103,0.10868711969259154,0.12059674465170589,0.09565001471698772,0.10764713313837153,0.041886571754359087,0.03626567186110645,0.037515849517568325,0.031242486523457128,0.09116138586655517,-0.0006255772712968317,0.10099171908655723,0.08499731998803024,0.09493592078029664,0.0977697797365378,0.10423091948019517,0.09217352231940674,0.09870035737028364,0.03401558810206271,0.02939410390828924,0.03376363443887116,0.029083482971728893,0.17870105089978705,0.2502930011716395,0.34233270292117707,0.0,9.930845205207374e+295,23.48186085603114
Liquid LFM2-8B-A1B,Liquid LFM2-700M,race,GLM,hc_values_per_expert_standard_1_new.parquet,4.711842984309264,5.0,5.1730404636801905,6.0,0.0009569723561381651,0.0,0.05540861201513751,0.009148454907844352,0.08862744418485519,0.06337424066313499,0.011856327979128832,0.09870202701260736,-3.472719446629812e-05,0.002137171354092606,-0.004158688365046737,0.05544333920960381,0.007011283553751746,0.09278613254990192,0.022242654881185358,0.06925515901875902,0.025650524721149332,0.07601375162533036,0.00029080264762225503,-0.005010074468880589,-0.0012256664962149535,-0.005386628888969984,0.08503321919272014,0.01954450243718337,0.10853638462191902,0.051360164932877324,0.08288365031690628,0.07454284637359265,0.10313335445810673,0.04427613914299279,0.08148318512455208,0.010325944772665204,0.03206356140166462,0.004514945284653389,0.030955944262313927,0.11333031444730055,0.024952075937682228,0.13427751488259035,0.08255690735919384,0.1083393116277456,0.10631739270350024,0.13297014326229395,0.07814979847999247,0.1102045705432613,0.018479579970855788,0.037465647060521336,0.01505903239420549,0.036722212141025466,0.12224964186795315,0.06832782146552323,0.1289528439567215,0.029486063939706382,0.05434267425755986,0.12675048678633036,0.13824736030402518,0.029718948938473783,0.0635305994290078,0.0405942519573675,0.052576706746471025,0.007871770006410261,0.033168979775899034,0.135510853021796,0.06553929172600262,0.12805844552337817,0.04048652488698189,0.038086941762661315,0.14360680966916084,0.13530104107416688,0.04395575072702164,0.04030323655691644,0.048167001457302835,0.044656193310862985,0.016392174573195074,0.013227720800345249,0.12005450970500625,0.06260369295739564,0.11138673666092135,0.03902088975063715,0.031013296907483164,0.1255531521491254,0.11620405112916385,0.03890005819483313,0.030749200661303357,0.03828930533686861,0.034947430799560406,0.008464141482395306,0.006388105577134394,-0.4143605918288615,-0.5820132570384269,0.12693615803727962,0.0,9.028041095643066e+294,9.325722099182327
Liquid LFM2-8B-A1B,Liquid LFM2-700M,race,GLM,hc_values_per_expert_hat_1_new.parquet,5.076855713847209,6.0,5.590442915696152,7.0,0.0009569723561381651,0.0,0.036130759332606815,0.009148454907844352,0.08327577705073874,0.04289667585867152,0.011856327979128832,0.0928860444132053,0.002395725478037322,0.002137171354092606,-0.003685957489678425,0.033735033854569496,0.007011283553751746,0.08696173454041717,-0.00024806034587179635,0.0624553247935221,0.0019648083764808844,0.06861497848808244,0.0034532349482819112,-0.004418873739348225,0.0015157870838759472,-0.00488143551764497,0.06931730026699896,0.01954450243718337,0.10328130774845456,0.034938407113281326,0.07676979681210326,0.05547208663795834,0.0976487776670554,0.02360552735207701,0.0750724874003641,-0.00409845467277022,0.029349997619581947,-0.012298423859044437,0.027728333931122246,0.09576201616352062,0.024952075937682228,0.1289522345196497,0.06498949148590201,0.10247975352052555,0.0841208064138633,0.12826971315873503,0.05510442458638569,0.1050039793045035,0.00290503945642773,0.03725403757900532,-0.002371724390657826,0.036420976825442125,0.10988535299312555,0.06832782146552323,0.12524599758736202,0.01836255564732529,0.047033290820489966,0.10948953898237786,0.1352238544024302,0.010557879805496443,0.057544946046720356,0.026958216635010038,0.05310494921125146,-0.012035485860949826,0.034160967313002846,0.12639666503170183,0.06553929172600262,0.12486031119069967,0.033670197123845044,0.03050422816725149,0.13149848206420303,0.13369013783698908,0.031969297436577414,0.03547223470535929,0.0397543316297408,0.047274797296632656,0.004029927878035469,0.017279757871897915,0.11473895170690551,0.06260369295739564,0.10732674310728646,0.03660376854180481,0.021390354055047755,0.11830197979593746,0.113844784034889,0.03405421528160689,0.02408351704808751,0.03315748670032,0.037484128306631316,0.003024479311244487,0.010207288731694467,-0.6243078795447681,-0.6522970648404706,0.10372916440852142,0.0,9.028041095643066e+294,9.325722099182327
Liquid LFM2-8B-A1B,Liquid LFM2-700M,race,StudentT,hc_values_per_expert_standard_1_new.parquet,4.799884441073976,5.0,4.953045158261561,6.0,0.015374753985880145,0.0,0.04121178217625225,0.03447899986277325,0.06396121010585276,0.0440911174387137,0.03928792916527317,0.07003269596106446,-0.004711671334940104,-0.00024906813957019077,-0.004846475029475197,0.045923453511192355,0.034728068002343446,0.06880768513532796,-0.02089102025311491,0.029627778327544117,-0.031188678504268864,0.02857077093300815,-0.01116121978388475,-0.008210744261397354,-0.01608706586819296,-0.013687382230364848,0.07143633241883406,0.048393849476359906,0.0913837859251778,-0.004518629903743102,0.042902761849725815,0.0558393144381704,0.07871048050380605,-0.024242887970806475,0.03125756176691821,-0.007364873436431941,0.007788313360265538,-0.04836211701498165,-0.009735582415106562,0.10114156483308175,0.04421440412201212,0.12317142592413997,0.012463081466037229,0.06267616479733942,0.08783340320484127,0.1141425369523428,-0.009872532488412956,0.05169141326374064,0.0008155564220800561,0.01695541149154042,-0.045663025103202234,-0.005524697444043455,0.11465509531639834,0.04139824049340364,0.12965134611700166,0.0331319965327897,0.06821891932538994,0.11481171088760367,0.13414348599441256,0.02159347367204302,0.06715999399039851,0.029350635912912357,0.04244864529779914,-0.016323243079766608,0.014783958635784281,0.12998863210647904,0.04145747012443575,0.13722372822514786,0.048623088910269584,0.06987160777503852,0.13584480663064985,0.1439540024412946,0.043406162982152975,0.06902782234764768,0.04217093819317627,0.04567571611137408,1.2173144238156951e-05,0.013959650897657015,0.11757992832821543,0.04328814276141393,0.12303670886010376,0.051726281231860516,0.0665600341983382,0.12232932737455171,0.12968915452865423,0.045478611587291,0.06628156705707239,0.03620865376054698,0.04130623682957715,-0.0010942462726682327,0.01426177454116113,0.1952365390410022,0.04981842741566097,0.27538756929339747,0.0,2382.3582600207174,13.000045088746656
Liquid LFM2-8B-A1B,Liquid LFM2-700M,race,StudentT,hc_values_per_expert_hat_1_new.parquet,4.993138688767312,5.0,5.2069046458299475,6.0,0.015374753985880145,0.0,0.025635595088276935,0.03447899986277325,0.05477897570731605,0.02806485339506431,0.03928792916527317,0.060294037950655105,-0.0019489064360365203,-0.00024906813957019077,-0.0036657282651281547,0.027584501524313455,0.034728068002343446,0.0584447039724442,-0.03417069071231704,0.01693587968548318,-0.04204985857281758,0.015240771531124627,-0.004495915211353849,-0.0063679493618644285,-0.009917724488812051,-0.01184500980987588,0.05824062010998346,0.048393849476359906,0.0833895143659603,-0.013640352497133523,0.032303686673279056,0.040989470694076116,0.07059134597603313,-0.03319632620444067,0.020574231847059234,-0.016727118208383875,0.004190541304799637,-0.051732042124858435,-0.014310862907751704,0.08330404292030699,0.04421440412201212,0.11377046283437463,-0.002832166178525263,0.049943095712123874,0.06699205568819935,0.1048657587154073,-0.02595084906473965,0.039281206137150707,-0.01122747698635206,0.014405002509579018,-0.0519748414917741,-0.008623528901883011,0.10048985488159173,0.04139824049340364,0.12194338674002908,0.020609892223599033,0.057668911095082466,0.09674706161961522,0.12662248655826633,0.006188890211384109,0.05698625115393246,0.01739872780093485,0.04089924623801221,-0.02559672657355018,0.012950681626301478,0.11770617720582494,0.04145747012443575,0.1305511806705323,0.03732511396714334,0.060718433039319536,0.12090782944419456,0.1384778403441112,0.03040443700819551,0.06175942482384439,0.033749038871952804,0.046672322291576675,-0.006101406010880023,0.015849094466968142,0.11069171846713004,0.04328814276141393,0.11716234483375076,0.04593975528424551,0.05830389231959644,0.11207290247351367,0.12518143629918316,0.036988309370720625,0.06012320860136782,0.027812148915984936,0.04275456901616718,-0.007842142461618993,0.01665858789045357,0.025231684247543348,0.04926801088765676,0.22224257156038452,0.0,2382.3582600207174,13.000045088746656
Liquid LFM2-8B-A1B,Liquid LFM2-700M,race,StudentTSkewed,hc_values_per_expert_standard_1_new.parquet,4.811945903977755,6.0,5.270082877417258,6.0,0.003096618095805572,0.0,0.05399479171444434,0.003197013750329219,0.06505823257974674,0.06307569112776881,0.004944068841859023,0.07414258708657812,0.0019949649987916025,0.001978985288754475,-0.00045394343410129685,0.05199982671565274,0.001218028461574744,0.06551217601384804,-0.035906363028601715,0.014153672380479163,-0.03956353657630534,0.0150485105356459,0.0023902009084970184,-0.0017801794066826778,0.0004379153426006095,-0.0023295365498385828,0.0843851680400182,0.016476518927714887,0.08882364097671808,-0.017778091876195366,0.02225541080344869,0.07485226967569408,0.07840274111940868,-0.029014660913142587,0.012593041818298421,0.012321999476054871,0.012056082373136833,-0.03378525753684149,-0.013570236490519123,0.1155787470701439,0.03802779892766576,0.12528980517382024,-0.0012724463480044287,0.04608197858431929,0.11177014727373465,0.11902233717121716,-0.011728523622999445,0.03603048554887605,0.026281332809725534,0.02373314517549832,-0.02345513561103376,-0.008440676608126058,0.12449840052073918,0.027186835877432362,0.13158181686758758,0.02034779584965717,0.05509967262098751,0.13249202402048949,0.13485322345745204,0.016813624548322217,0.04841540412880188,0.048658042376405766,0.040317749296389,-0.002468924588249531,-0.000543573562169978,0.1377235827814795,0.026522724326697427,0.1367134649303718,0.039411091479246506,0.05579928285228515,0.1501509077520769,0.1398523596676339,0.04168155932302844,0.04621856937703592,0.05782122192978549,0.03797453104183325,0.013571290535531745,-0.007559415453120145,0.11364567164579133,0.04550370099317508,0.11113793807475719,0.02387975625704126,0.03790636243488725,0.12489123386534942,0.11515251146684034,0.026351829327083347,0.03094044730381785,0.048512569656007795,0.03326097625208116,0.010286739660536899,-0.005638553510222185,-0.4282334847458322,-0.6197365061447927,0.15698963438998773,0.0,115.40438639161829,10.058848747424236
Liquid LFM2-8B-A1B,Liquid LFM2-700M,race,StudentTSkewed,hc_values_per_expert_hat_1_new.parquet,5.246655110774064,6.0,5.7191286134734485,7.0,0.003096618095805572,0.0,0.03661558371275339,0.003197013750329219,0.05822403609324425,0.043686929981590863,0.004944068841859023,0.06844392072175118,0.002758139185224954,0.001978985288754475,0.002809334403259073,0.03385744452752844,0.001218028461574744,0.05541470168998518,-0.04960194161353717,0.0010215622013560735,-0.054609410693219125,0.0031467434264262676,0.0033703036827348915,0.003029744882009992,0.0017319926886167271,0.00184197044458664,0.06936834914818471,0.016476518927714887,0.08345992975249411,-0.027826976774868173,0.010556605189112148,0.05763857529464619,0.07471616150058855,-0.04117202500941034,0.0032133708423746216,0.0009242078223408154,0.013805524276657918,-0.04289313222845655,-0.012934682534394986,0.09774828466357552,0.03802779892766576,0.12011856180308453,-0.015419385160256144,0.03356925776150475,0.09041107627028233,0.11684730830877822,-0.029640694873149936,0.027555666250846662,0.013073417767169929,0.028841252380112273,-0.03598344787370319,-0.0032607909672934428,0.11005791367155658,0.027186835877432362,0.12429871098687403,0.007460113513812348,0.03918544732811169,0.11430760313315597,0.13071142486675444,-0.00047134594944915154,0.036362879597342836,0.036970094596062104,0.04521523111220783,-0.015027922625135064,0.003723382870368275,0.12509315250722808,0.026522724326697427,0.12952660774961205,0.02592611315177509,0.03896247524096319,0.13556395340408178,0.13632752005667667,0.02591240477122264,0.03362687802732726,0.050793554522197436,0.044060079616193557,0.005773686278910353,-0.002444708928008422,0.10636010879688347,0.04550370099317508,0.10484595885343723,0.02090736015921102,0.021702158007713277,0.11446147887988946,0.11073099187005966,0.018669314957685885,0.016259138078619288,0.0404812528018996,0.03563813222206114,0.0001257032875950607,-0.006163017806401894,-0.6548548532324788,-0.6979134574928032,0.13049424196147794,0.0,115.40438639161829,10.058848747424236
Liquid LFM2-8B-A1B,Liquid LFM2-700M,race,KDE,hc_values_per_expert_standard_1_new.parquet,4.757479732047741,5.0,5.18251087878952,6.0,0.0017243558492678259,0.0,0.026645770936689205,0.003161417447017265,0.06075691160812279,0.03364178448266478,0.008816877828674189,0.061658430676098844,0.0048538481995685934,0.008000725767429188,-0.012090661793054888,0.021791922737120613,-0.004839308320411923,0.07284757340117767,0.022404357324790656,0.05886757214246125,0.026497690499521477,0.05690862978222436,0.0013213622233901993,-0.016086576900753356,0.003344214797223977,-0.01378958553339995,0.0602715620514735,0.009598105866706544,0.08574870103052941,0.05446932804924097,0.08135657144870041,0.04406266575666543,0.06798145921499048,0.03786543569741451,0.06323097681816352,-0.01342388658718541,-0.00658331477020659,-0.016745630112659594,-0.009236175343907445,0.08891524044963006,0.008081621955210436,0.1129426246346437,0.08322733317066998,0.10838358524699554,0.07365431135054143,0.09402474107594817,0.06677836708604144,0.08812896142390526,-0.007203042506256303,-0.008111053632870565,-0.011557651986482922,-0.01245892430625912,0.10520900249590238,0.0040626490332262375,0.12700916763278025,0.10086821051102321,0.12375923524261655,0.10116976981413009,0.11783380648462723,0.09499507768238638,0.1123365196745935,0.017956860876920798,0.012452621060645028,0.012881452380475816,0.006760608048647733,0.12410702909670658,0.004433323814847566,0.13480112221454607,0.120576208085782,0.13208922771125656,0.12608029245103033,0.12697905128603884,0.1211723971965828,0.12215163273392372,0.032622553779219875,0.014388955409835924,0.028852004343455397,0.009251786698725431,0.11100423845370769,0.008817841712580932,0.12233438009494874,0.10733690773746324,0.1199799227710045,0.11032976796168559,0.11253133360347875,0.10547518324989309,0.10796858629190287,0.023708026810523558,0.007728933724897337,0.020434923579941165,0.00268344838784748,-0.2995387598022545,-0.44572999343109027,0.15307139564450029,0.0,6.319628766950147e+295,10.436203189707413
Liquid LFM2-8B-A1B,Liquid LFM2-700M,race,KDE,hc_values_per_expert_hat_1_new.parquet,5.087590054709929,6.0,5.600184172038351,7.0,0.0017243558492678259,0.0,0.011031734633166097,0.003161417447017265,0.05282285085864402,0.017739458529025948,0.008816877828674189,0.05367567477518261,0.007873950598941557,0.008000725767429188,-0.010405560539554833,0.00315778403422454,-0.004839308320411923,0.06322841139819885,0.006106916185343278,0.05046070887040378,0.010177815948514113,0.0485960632541277,0.004906130850907702,-0.01407455205808354,0.006629141334512719,-0.011855229416246858,0.046370084601064496,0.009598105866706544,0.07856855389683376,0.0404312332675205,0.0740060738591319,0.02995742027866858,0.06031581176225874,0.023763248090209133,0.05546540430870083,-0.01964857271512042,-0.010697421098681374,-0.022695749455646567,-0.013253470855709841,0.07205974092237058,0.008081621955210436,0.10551998526705263,0.06620379944282222,0.10073100921604063,0.056624636870010195,0.08632393185390104,0.049863121077415334,0.08044790751638617,-0.012658280344900536,-0.010961393961189319,-0.016431313305188412,-0.014821274874877496,0.08781604573424265,0.0040626490332262375,0.12061422022304052,0.0831507467943132,0.11686307867164775,0.08291367769317076,0.11138057238302074,0.07675882823004472,0.10580266606843305,0.011703310848355665,0.010709247963758571,0.007293493721492911,0.005795784754085332,0.10663861726262025,0.004433323814847566,0.12948292707002035,0.10274698011146272,0.1261109503760031,0.10893037340209538,0.1224726967913336,0.1039627990223142,0.11747057910025638,0.029289953371405983,0.014884017005842994,0.026079759528784465,0.010621881551209255,0.09779028770175854,0.008817841712580932,0.12079151666852818,0.09404187014365012,0.11747304737229089,0.09697702502912145,0.11049478448005004,0.09237685725045436,0.10567692634737491,0.020440900965446637,0.0063777726653940145,0.017835009582860446,0.002554806074036095,-0.4834469467711787,-0.48462127281700507,0.12513669030473887,0.0,6.319628766950147e+295,10.436203189707413
Liquid LFM2-8B-A1B,Liquid LFM2-700M,race,JohnsonSU,hc_values_per_expert_standard_1_new.parquet,4.703483018254699,5.0,4.995946409548056,6.0,0.0006048787534080855,0.0,0.026192178631225735,0.011299128867816387,0.058883940421034356,0.032262690989938066,0.01440549269823292,0.05936923891385206,0.003530405324821978,0.0022732389145593414,-0.01231561348494773,0.022661773306403756,0.009025889953257045,0.0711995539059821,0.004606582075781149,0.05531033909113637,0.0011242481514341322,0.04865027635281008,-0.00637845720503432,-0.022528649911422196,-0.00548069861618737,-0.019780891123115103,0.05946404695451386,0.022565206776605888,0.08391013073791306,0.018721351286292213,0.06197116734694025,0.04347091614553904,0.0660274026087963,0.008887762896421764,0.04965395962842541,-0.013247345130387878,-0.007615902793968631,-0.015477233078241424,-0.0034374104030088634,0.08871257794467635,0.02684790888337508,0.11344032977977489,0.01662535391631158,0.072499990583439,0.07382924360989954,0.09444719937011863,0.0025599095038765524,0.055972478894643525,-0.006424287323984564,-0.00812874236241388,-0.026169453423739174,-0.014788408136881752,0.10375156582984149,0.019645790576824855,0.1250963259564835,0.021792912772608444,0.07604752966555084,0.10043043198713605,0.11667810090875375,0.013867749906111856,0.06500845867426538,0.019128921768010718,0.013593202554580549,-0.011431969382297087,-0.004417621513234967,0.12254014474789321,0.023367375863268116,0.13182552817896692,0.02589740932782307,0.06838747544252766,0.12536282879098343,0.12559369180962898,0.02147910367257854,0.055640246894690736,0.03405708269084852,0.017064926442824903,-0.0033981780282138457,-0.011236938647736951,0.10988109488450656,0.0014292197810734327,0.11981477886876876,0.02026654261650014,0.061678489335917415,0.10994692525464007,0.112235766638992,0.010853499858161772,0.04773216238370765,0.024957729220217384,0.011676392077694614,-0.014466490892554343,-0.014352448901289208,-0.26843496588480764,-0.42434251538816076,0.16843165150005832,0.0,1602.397193378321,10.93632356508026
Liquid LFM2-8B-A1B,Liquid LFM2-700M,race,JohnsonSU,hc_values_per_expert_hat_1_new.parquet,5.054800209450553,6.0,5.453045158261561,6.0,0.0006048787534080855,0.0,0.008576301120623579,0.011299128867816387,0.0506017079594,0.014587809728185838,0.01440549269823292,0.051102221663738456,0.007347381172156053,0.0022732389145593414,-0.010454938055699747,0.0012289199484675252,0.009025889953257045,0.06105664601509975,-0.029754748030357048,0.04447752926794838,-0.031984080561682796,0.037522057275952925,0.0031815337632353164,-0.020576499461027804,0.0009874901003463804,-0.017945330549063523,0.043699111354924915,0.022565206776605888,0.0762232653757599,-0.011900062031815291,0.051555704687587446,0.027210787588740105,0.057945655578096944,-0.022150596157889484,0.03876401503460135,-0.020930875764085047,-0.011725090843837785,-0.029140133811158986,-0.008870460926218378,0.06938913850233935,0.02684790888337508,0.10513101293041255,-0.01705079936663696,0.06063797648004343,0.053841569606812995,0.08605657845523104,-0.030731116989487866,0.043910231089469204,-0.01371134274462699,-0.010807891228367401,-0.035464660861469606,-0.018807121325875097,0.08504794913252216,0.019645790576824855,0.11790671542050603,-0.010191096293261967,0.06536834291979492,0.08013426903218637,0.10970184376023029,-0.01982386412977847,0.05438280632243504,0.010978544250053462,0.012231611075707732,-0.023131842623313005,-0.006992561257686321,0.10451597066240474,0.023367375863268116,0.1254432145993463,-0.003176957562930385,0.05796651133577284,0.10655396733603038,0.12030167716848181,-0.007793353378026665,0.04626776695596456,0.02826738619360574,0.017904046917094033,-0.010395792338550846,-0.011398477364935647,0.09494455236817032,0.0014292197810734327,0.11585711886469727,-0.0028081879952591518,0.0548612779927405,0.09391292088125347,0.10862221788038931,-0.0120617215016758,0.040974398005400474,0.019354525902661988,0.011481126605657902,-0.019306750305987087,-0.015757586649923595,-0.4612726572976829,-0.4666077473772572,0.13632708378234498,0.0,1602.397193378321,10.93632356508026
Liquid LFM2-8B-A1B,Liquid LFM2-700M,mmlu,GMM,hc_values_per_expert_standard_1_new.parquet,3.717883731981625,3.0,4.292887692063995,4.0,0.10787264375099002,0.0,-0.00378770567347741,-0.00406959920942226,0.02662718756851506,0.01762058653538587,-0.0013890941872097586,0.037040630482334816,0.033302604595644894,0.004600861215623807,0.0127855600519757,-0.0370903102691223,-0.008670460425046067,0.013841627516539362,-0.006387661342850529,0.02637131480767052,0.013068047777009564,0.03407339391764387,0.0306186664728374,0.008651835591207455,0.031939857975264496,0.011155587513864158,0.05626744305516028,0.00834287208781749,0.07930155623910302,0.04772565944300598,0.07221314802659232,0.054943301370377715,0.06921857269321578,0.04832357450465536,0.06351549821783109,0.022256223349399102,0.013395652729017568,0.022648318090579288,0.013275514978172127,0.09186327677867613,0.01487115073959508,0.11650592984230404,0.08090446873911222,0.10702423178523711,0.08544768244263398,0.1014733116507465,0.07863838028183488,0.09560901536100756,0.013495615525800472,0.0030942805938028745,0.018833248373919458,0.007806775774043624,0.09217956346636438,-0.020163134596979968,0.11288688610079989,-0.011662374052323052,0.03915030035778045,0.10943202095666758,0.12099334143925507,0.0008287120529342951,0.03698958018268726,0.05543711504778637,0.042498543515618145,0.021481797496485856,0.004904458542383422,0.11155773874865726,-0.0254093585763199,0.14099669629273592,0.0017283850917809863,0.06649055305336063,0.12392441128614418,0.14227496538929815,-0.00019955026126744667,0.04944949578655784,0.0452339356779016,0.03029692869509793,-0.003245091746200707,-0.018819679568738125,0.12123493327165136,0.11964422094502765,0.1750233387941826,0.018722268880477975,0.1212378268507265,0.12890940403504922,0.16050235266651766,0.03905141224189995,0.10035310673544962,0.032884144701696365,0.0020432268894562886,0.038754896120751205,-0.017596971434342776,0.6205853669289599,0.42867096048922865,0.460975695996615,0.0,3.1680658957706317e+296,27.41420724253567
Liquid LFM2-8B-A1B,Liquid LFM2-700M,mmlu,GMM,hc_values_per_expert_hat_1_new.parquet,3.8460319974655475,3.0,4.605100586092191,5.0,0.10787264375099002,0.0,-0.0259374057305317,-0.00406959920942226,0.018168665116157133,-0.0005381042819609782,-0.0013890941872097586,0.029408042994087506,0.04208209428869719,0.004600861215623807,0.015067041036643119,-0.06801950001922889,-0.008670460425046067,0.003101624079514014,-0.029350946166778732,0.0172942920501083,-0.005581879977170909,0.025965087534273807,0.03999356776955628,0.011227867287781959,0.040955850019161286,0.013531478402251789,0.03251932565499936,0.00834287208781749,0.06405560964074355,0.024065396233298685,0.0565260295163229,0.03349735700553709,0.05388428711641682,0.026749897783616045,0.04768019570918184,0.016675736236024693,0.0063872818460977854,0.016630199729136975,0.005936857537580657,0.06473094776160371,0.01487115073959508,0.1035416786449362,0.054123544724327045,0.09370993352575731,0.059711842763122185,0.08841610656096338,0.05253381835299213,0.0819672365338882,0.00849623645271892,-0.0008402428871244656,0.012449190144142681,0.0032840045251833856,0.07067085981202043,-0.020163134596979968,0.10503193196086402,-0.026300818202367595,0.026262258709807043,0.08569098551435103,0.11252954495136705,-0.017904261419961667,0.022989535228185063,0.045998560200381025,0.0394540773622362,0.010154356126918203,-0.0002409116301314501,0.08007286444771866,-0.0254093585763199,0.12822691971518374,-0.02835784813282817,0.04559242061113215,0.09368526579407216,0.1328847369809051,-0.025589986696459965,0.03375009555791176,0.041335674201373754,0.03409797251833086,-0.0003249885989520705,-0.013196558674452477,0.05858285736452642,0.11964422094502765,0.14209610919286958,-0.06504320065623423,0.06721053245377265,0.0751199382604528,0.1394366758528829,-0.03569931555990987,0.06593892866598174,0.038656001455514136,0.01786048937708861,0.04137888942065867,0.008391111691989455,0.3304194084523695,0.4060358324104176,0.32779005546890716,0.0,3.1680658957706317e+296,27.41420724253567
Liquid LFM2-8B-A1B,Liquid LFM2-700M,mmlu,GLM,hc_values_per_expert_standard_1_new.parquet,4.398859496277523,4.0,4.9500237604942185,6.0,0.0002376049421827974,0.0,0.043856432931025424,0.005622323085525428,0.07109976688273717,0.06047959575096515,0.008438838278422966,0.08268003725339568,0.020247831450340356,0.0036474841128316207,0.009243622834348037,0.023608601480685068,0.0019748389726938075,0.061856144048389135,0.03767695443750192,0.06686248609730665,0.05235242851683275,0.07643207409366698,0.01797676103342181,0.006637158223894878,0.019478713489344105,0.008392554856544913,0.08276983118951835,0.01529043305731586,0.1078117052751496,0.07543152717791977,0.10162876081299714,0.07570951519901875,0.10350823118159377,0.06937561632330594,0.0984018615566871,0.021557135238444686,0.038780919174448224,0.020483805649537123,0.03837993396056887,0.11098266408407498,0.015347928629506633,0.13414428604344775,0.10538238779370725,0.1292558338525538,0.09557745693346614,0.12978949047031402,0.09205948857476576,0.12747189903526954,0.0007409652402703467,0.029901281329976364,0.0034147649753069865,0.033778878434731874,0.10128481786405735,0.10705743054768774,0.10947375562426201,0.04167116391616339,0.06159692499584236,0.10289111386309079,0.12006133098066371,0.01587465411246763,0.0637531451593963,0.02708009347500793,0.04652970272766892,-0.04035873693610642,0.018553730593638677,0.11711722851856582,0.11501397386649875,0.14323204096809872,0.04361302399380063,0.0937945556569065,0.11463501263127551,0.14651314315420294,0.0035361738439702545,0.08333369950222884,0.018529663239061533,0.03448960457299944,-0.06610485120878291,-0.0012768449760025221,0.10926543670301989,0.11777680408915765,0.17546898165211566,0.07700067211349011,0.16791013746220326,0.09762906162361015,0.14750737737488528,0.011977189081065613,0.10946270239903604,-0.003287053046259118,-0.021737779349501198,-0.10287315229459412,-0.07706487447095406,-0.3596402179718879,-0.5400049404730904,0.12134194868529923,0.0,7.920164739426579e+295,10.432263363473199
Liquid LFM2-8B-A1B,Liquid LFM2-700M,mmlu,GLM,hc_values_per_expert_hat_1_new.parquet,4.7802946301283065,5.0,5.4355298590210674,7.0,0.0002376049421827974,0.0,0.022999936541567467,0.005622323085525428,0.06766477297599532,0.03780138453158466,0.008438838278422966,0.07819595555603401,0.019953337384744238,0.0036474841128316207,0.008045781699578801,0.0030465991568232285,0.0019748389726938075,0.059618991276416525,0.016131823910027557,0.06326885723110355,0.0290012664827554,0.07174625822405065,0.017797405022116283,0.005394218041704146,0.019277673430887626,0.007227264707098033,0.06374947355294665,0.01529043305731586,0.1004028224957295,0.05647183472182665,0.09410208846563067,0.05343267341610826,0.0972513946020975,0.04694807308785183,0.09201476915665484,0.005932249090969628,0.03798877257653245,0.004426748830322884,0.03750625429442913,0.09347419511676718,0.015347928629506633,0.13021211370464786,0.08798528018236604,0.12527041626915963,0.072617448415376,0.1280592847094666,0.06879276243854886,0.1255388368430303,-0.015401976905991243,0.03324246113441973,-0.013551010994615214,0.036797398391441215,0.09486046481920918,0.10705743054768774,0.10624392342360066,0.03115069221134414,0.05585837414791145,0.09092830337546778,0.11999095797930663,0.003476056803258995,0.06251197309064224,0.014761174830294398,0.0519269562924384,-0.046458708186236826,0.02594594449003038,0.10196495439016001,0.11501397386649875,0.13874532376740617,0.018137944636777096,0.08666932255680358,0.09363419479830312,0.14658587302051623,-0.020547318972329975,0.08220836201127725,0.004579633391378577,0.042139230589018285,-0.06845501303056839,0.00850415561901088,0.08028882571937543,0.11777680408915765,0.17114688982034168,0.012294225927435747,0.16580451821670641,0.07056734883523061,0.14946824396046843,-0.02960974161183832,0.11382722871275978,-0.004493420849213208,-0.011274801087547791,-0.07212206700724665,-0.0659612907557857,-0.5618091205339321,-0.6008815271669751,0.09828903506385481,0.0,7.920164739426579e+295,10.432263363473199
Liquid LFM2-8B-A1B,Liquid LFM2-700M,mmlu,StudentT,hc_values_per_expert_standard_1_new.parquet,4.53342309520038,4.0,4.759543798511009,5.0,0.007444954855060985,0.0,0.02275973466692536,0.026351279336602126,0.03609279976176624,0.03783273080770104,0.033190633584344285,0.04730279168782663,0.02039879581973727,0.007334631380407785,0.012872835297487251,0.0023609388471880904,0.019016647956194344,0.023219964464278993,-0.0558087749342013,-0.006721513775243021,-0.05451994181693867,-0.007579691778071463,0.008746701129890268,-0.0004975672570200823,0.014943273063844765,0.006210017383873555,0.06462248762384268,0.04333772217299492,0.07824880668877846,-0.03076755171067378,0.017666726333279714,0.05685231204358683,0.06984978180251997,-0.044802182435752874,0.006549949989438909,0.011892421563585522,0.01660817677418444,-0.04430485828646209,-0.016358937799320773,0.09696753787139249,0.04486292629481274,0.11832137278913253,-0.005862889691541532,0.05067105494951055,0.08120603336478827,0.10776174702192917,-0.02687420041539383,0.04182680586766184,-0.004032620944750124,0.012713659686877609,-0.044170172863227386,-0.003262068930543094,0.09901808806784934,0.09083006964258374,0.10758823205706955,0.02681745201978654,0.053144388061872355,0.10227071472641985,0.12162657326065614,0.020297505072295108,0.06572251188760671,0.02975447657418044,0.05281285057860236,-0.006376890735878273,0.03683953112869008,0.11248761986951662,0.08841048110522419,0.12950522295249672,0.025587497987602216,0.06790045858422486,0.11279036261884848,0.14754388242223285,0.015126880832492645,0.0875631328143771,0.022828286471991387,0.05940653807987878,-0.014457106460043999,0.04983027533285293,0.09448633806183834,0.09893833646065563,0.1562490298832609,0.044430580216908176,0.13908464456172925,0.08953348844845961,0.1579596994692058,0.01948314225414187,0.13277117362771274,0.006225092244658151,0.02786469229859199,-0.03712246961718803,0.010686986411177785,0.24772115426682342,0.08334336680365899,0.2673366655429878,0.0,578.7029031433467,14.604014021630386
Liquid LFM2-8B-A1B,Liquid LFM2-700M,mmlu,StudentT,hc_values_per_expert_hat_1_new.parquet,4.692380801520672,5.0,5.030571835894187,6.0,0.007444954855060985,0.0,0.010596979450554732,0.026351279336602126,0.034680114863164815,0.025661484639519186,0.033190633584344285,0.04558872297939286,0.021844090493726903,0.007334631380407785,0.012579779925507318,-0.011247111043172171,0.019016647956194344,0.0221003349376575,-0.05961672745909145,-0.009142966873573554,-0.056667807702830114,-0.010543358784481417,0.011749665498189198,-0.0010335017505721587,0.016908721746459705,0.005916786274151295,0.05367785496641951,0.04333772217299492,0.0734652136754442,-0.032031895016147456,0.011564561497185018,0.04509640871218118,0.06440159885765785,-0.04494352038709995,-0.0003978359468898655,0.005225619279496737,0.013016264941221187,-0.04242040062371212,-0.02092176184844863,0.08162983459379658,0.04486292629481274,0.11507272517595704,-0.015295135269267492,0.046444738798614035,0.0629705411689279,0.1043158913396936,-0.03784225238130503,0.037341474941788196,-0.014355896273650418,0.011374107383589675,-0.04999629658068319,-0.005004999115124662,0.08681716643234613,0.09083006964258374,0.10208164331602494,0.013639730011223775,0.045015481750240754,0.08756934248045564,0.11808820303369516,0.0050533849942575775,0.06045273402078724,0.021993828912036197,0.05534887825710204,-0.01346945691884794,0.04048544451467526,0.09675649307492425,0.08841048110522419,0.12075497328522883,0.008821495623201477,0.05456974907208047,0.0923067095017633,0.14312983431106602,-0.006855505820862841,0.0807416480466596,0.010815990526295591,0.0657943805993216,-0.027433103555404827,0.05933247856249551,0.06262268462299228,0.09893833646065563,0.13987656745736604,-0.006638162401288054,0.11586138667170663,0.05835382697973718,0.1508180848758061,-0.025048341518874053,0.12289689187039332,0.0023755803569438447,0.041644139697399454,-0.03358802707534806,0.03063715500837191,0.08320802740930537,0.08250329686213571,0.21170601890302077,0.0,578.7029031433467,14.604014021630386
Liquid LFM2-8B-A1B,Liquid LFM2-700M,mmlu,StudentTSkewed,hc_values_per_expert_standard_1_new.parquet,4.478377950261366,5.0,4.3514177094883575,5.0,0.0004752098843655948,0.0,0.03474817687970168,0.007254164308010892,0.04048072911241808,0.05523505429265113,0.010289648011989894,0.04710587854995434,0.027268324346815198,0.0037878060969959906,0.0053118286973323735,0.00747985253288648,0.003466358211014902,0.035168900415085705,-0.06750859404334643,-0.011720900591365643,-0.05890468003995305,-0.02157411316524031,0.021381099854323134,-0.013637793361164573,0.020471480247621812,-0.006854299887040178,0.07663130726824592,0.016761725062662113,0.0828334098196995,-0.04089948033587334,0.012867927996190588,0.07229664042429697,0.07226520496599287,-0.052407214022875674,-0.0028706034887734156,0.024774607962819613,0.013913176523100519,-0.0432614496309211,-0.028548896380296254,0.10796406934265926,0.016592748767857577,0.12031699195532192,-0.014256069036985551,0.04240688860655273,0.0972086234626605,0.10788603599302914,-0.03319457817836173,0.02752888026237052,0.009323156916169424,0.009485265968340508,-0.04233863249755248,-0.017843272886311295,0.09697877713734787,0.10235577274841444,0.10036641797754012,0.009850928651482321,0.039206963046138445,0.10508749280094279,0.10207469314052353,0.003074490901844508,0.02932338641199555,0.03874163021514844,0.02706180500545686,-0.01084816093344307,-0.01003533530492295,0.10914787551917499,0.10631116611309555,0.12934001916678617,0.020825824703392386,0.07248084241199963,0.11097343027305775,0.12392883573262539,0.005177998150841948,0.055400318428984074,0.025018809108556403,0.015464081314141124,-0.025054285667390312,-0.01764857977936806,0.10090164449223328,0.09639159195204927,0.17628764782276182,0.05592825890946958,0.16582487038564225,0.08940228464360031,0.14185331786385405,0.016779760767679053,0.11133515668529856,-0.004372962461400464,-0.03309423575671314,-0.06038783607029552,-0.07018062846897577,-0.3332520058990832,-0.5534100814161338,0.16508670636035566,0.0,111.03127790497605,10.972178695668758
Liquid LFM2-8B-A1B,Liquid LFM2-700M,mmlu,StudentTSkewed,hc_values_per_expert_hat_1_new.parquet,4.87913828607635,6.0,4.785759543798511,6.0,0.0004752098843655948,0.0,0.01923905107034129,0.007254164308010892,0.04394753434629377,0.03936908123567008,0.010289648011989894,0.05101171742436955,0.02858034029772267,0.0037878060969959906,0.005569800727806812,-0.00934128922738138,0.003466358211014902,0.03837773361848695,-0.07161318663552467,-0.012200009868380012,-0.06341874442187752,-0.02354143656443932,0.02125511769872982,-0.015854947617855587,0.021801201948540856,-0.00828372626833482,0.058358130003366926,0.016761725062662113,0.07764674029974454,-0.05181880960613485,-0.0007101032476889806,0.05313252008909341,0.06836444609321919,-0.062251526716711664,-0.015576132424273735,0.014657582907104474,0.01440717671330247,-0.045779361357663015,-0.032690952793399106,0.08664959721343055,0.016592748767857577,0.1168496884071687,-0.032237717111793456,0.03198885059532247,0.07193082489476357,0.106037199171484,-0.05411297466895391,0.018820148231427813,-0.004893419237740823,0.011774329144222728,-0.05343988643151681,-0.01738837939820859,0.08395989455988406,0.10235577274841444,0.09001417993036874,-0.00297606188455295,0.018433574018914645,0.08777006137865026,0.09339590601109518,-0.01444130854379112,0.009401067003655629,0.027281308308551952,0.027877330911727536,-0.022930689654502942,-0.013224352766229608,0.08957741763116799,0.10631116611309555,0.11814482740345855,-0.005974800676836316,0.051877356981521724,0.08599703663969002,0.11537430637984253,-0.02645263177961949,0.03643163640543975,0.01102319882426319,0.018193175455215416,-0.03926657594405937,-0.01862397691236912,0.05493225689513565,0.09639159195204927,0.15095416350779675,-0.03409107412222009,0.13456069258043998,0.04608996113494075,0.12186029353941898,-0.058012262819945704,0.08260304760756461,-0.006962533111426838,-0.027642660866852256,-0.04766241114183112,-0.07063382415425598,-0.5602015167191255,-0.6260285410276294,0.13230635532782922,0.0,111.03127790497605,10.972178695668758
Liquid LFM2-8B-A1B,Liquid LFM2-700M,mmlu,KDE,hc_values_per_expert_standard_1_new.parquet,4.44392523364486,5.0,4.969507365753207,6.0,0.008553777918580707,0.0,-0.005643340286834624,0.02396274500515243,0.03493663292496592,0.013716837028829506,0.009270763825660798,0.04206724692762007,0.030382509922733014,-0.02541623269258288,0.006752144515665075,-0.03602585020956764,0.04937897769773531,0.028184488409300844,-0.028765088085480763,0.03736177846065325,-0.019129820349685828,0.03226998547036865,0.01824683357819336,-0.012310991990979401,0.019375600096933607,-0.003588895842055584,0.06220704624220443,0.03161254202485361,0.08978468819992355,-0.007730031275985238,0.05401002151769629,0.05478816207895544,0.0747621779892691,-0.017135134969975006,0.037389048318639914,0.011581021521134709,0.007278136966023344,-0.023970882923139914,-0.012159247402617205,0.10453385011883728,0.031217517297826337,0.13298748699702384,0.01970001547672632,0.08363693618400918,0.08822861336762328,0.11264665960819478,0.0037563894859585253,0.06501008748281724,-0.002952189779236534,-0.0029371196273332437,-0.026554810698441764,-0.01349454157816161,0.11834733560892359,0.015007417365363533,0.13081275788601443,0.04575004558521298,0.08284405802864883,0.12136237385098887,0.12493823542223062,0.035689782546469574,0.06893060429792366,0.033861397887845715,0.019474165964014217,-0.008835322877780879,-0.00766002907445564,0.1344661505956329,0.04618870404589216,0.15160297312119098,0.05204315522449616,0.09699288266177122,0.13274941476988456,0.13834989719279311,0.024498908668860203,0.07016169187157513,0.023396389778648424,0.005186019067232104,-0.041094089284239174,-0.031098092461470578,0.13507162290551977,0.07561223783436896,0.21917548257062971,0.06717336913799746,0.18823545319752324,0.1242547330249005,0.17084101096309653,0.04138986269224332,0.12423426918813889,0.0022679721395876566,-0.05094639230315068,-0.03486101614789977,-0.08314866234777532,-0.2336198065614743,-0.3733998842607743,0.14396250495097168,0.0,113889586.36954153,11.20207278689212
Liquid LFM2-8B-A1B,Liquid LFM2-700M,mmlu,KDE,hc_values_per_expert_hat_1_new.parquet,4.7324568351021705,5.0,5.457468715349279,7.0,0.008553777918580707,0.0,-0.02493665754924813,0.02396274500515243,0.02465064360373887,-0.004131659678878508,0.009270763825660798,0.03212584064247534,0.03491269621831965,-0.02541623269258288,0.008514163296149591,-0.05984935376756778,0.04937897769773531,0.016136480307589282,-0.054787006723093244,0.023819978695600836,-0.04250826708114046,0.01905461356989937,0.02543597373559725,-0.010179586642558022,0.025579266856584296,-0.0017864296136567042,0.03974368479564361,0.03161254202485361,0.07914640711316287,-0.03759127112546504,0.03979142987758824,0.03346455968071611,0.06298956285862545,-0.04418208475499066,0.02154685246560489,0.004032431888240751,4.1680974271044585e-05,-0.03115809762591229,-0.022047796771002357,0.07487729939257247,0.031217517297826337,0.12865776827792536,-0.022557538038399612,0.07667189158189996,0.05752577125360407,0.10599750675941835,-0.03908434257633262,0.05495088508710932,-0.013647719532633136,-0.008904100186142905,-0.03995365991648715,-0.021767509170909333,0.08893060564487709,0.015007417365363533,0.12385814970350804,-0.0003249719383681652,0.07223745319200738,0.08872444740200268,0.11819919614945769,-0.014011837170387583,0.05786450016274597,0.02062478836118341,0.01825017247848312,-0.026596044965659153,-0.011021293024016554,0.0989862391251165,0.04618870404589216,0.1433095035089862,-0.004750828331284057,0.08441915829527007,0.09599370669093688,0.13478838776930685,-0.030036024932608298,0.0623318406847616,0.013985957812044732,0.012405315663166001,-0.0478576165441829,-0.024717139955092816,0.06661845095690504,0.07561223783436896,0.20307435582276348,-0.054296726390135476,0.16797215354879313,0.0671189218982879,0.16258489723674302,-0.055847740800932334,0.1128045177940175,0.011474218253046708,-0.03958314084040008,-0.011284876904151711,-0.0707719140061867,-0.398257018614821,-0.4004689411712973,0.11393334597434474,0.0,113889586.36954153,11.20207278689212
Liquid LFM2-8B-A1B,Liquid LFM2-700M,mmlu,JohnsonSU,hc_values_per_expert_standard_1_new.parquet,4.310945667669888,4.0,4.680421352764138,5.0,0.0034056708379534293,0.0,-0.0032958504355028017,0.005622238352503351,0.03356352647019528,0.011995655744238545,0.008438754469372239,0.039666627380482475,0.023858156487236583,0.003647495690104502,0.005340185391649948,-0.027154006922739386,0.001974742662398849,0.028223341078545336,-0.00830589793217137,0.045918138789015135,-0.007513961335885238,0.03854115961829077,0.002213403497718496,-0.016838739470647845,0.0028423156917630667,-0.011149092873786966,0.06033470325361964,0.015290442458834996,0.0879297590186905,0.0039813002660639175,0.05944477513469311,0.049166224867449426,0.07154385816447653,-0.00899091724457618,0.04290867106540933,0.0025430251748256114,0.0034669781282431742,-0.026545185892454665,-0.009540889693242894,0.10581194708795225,0.015347940636624455,0.13287283702859407,0.029085955007027604,0.08589709421321681,0.08521213723491483,0.110268011743477,0.006895052429955017,0.06566159500601128,-0.011315031881376104,-0.007573600490653946,-0.03649910798925709,-0.01608787741898432,0.11837456270235222,0.030553933490864046,0.12452469533816479,0.06076692658618439,0.07832981988844262,0.11924359606437669,0.12031740788176835,0.039560437494932016,0.06379862712671568,0.029683145520065513,0.0212385065062548,-0.026969612538403884,-0.009930683779562452,0.14172146605601885,0.014658238848524028,0.1501232309786683,0.08176083076909048,0.09810773857305714,0.13908073472419658,0.1392649273270791,0.04912302900165459,0.07318895671059479,0.02310204435632298,0.00937738089979163,-0.0448239107783543,-0.02731273491353066,0.14255648750055244,0.025386063801742836,0.22277978721890626,0.12399659223155933,0.21003261538091816,0.13110807157251353,0.17863537002851593,0.08413120166655962,0.14591674026778792,0.002336651989862759,-0.042937944335227955,-0.05090529815723645,-0.08020565853365835,-0.17116118739025374,-0.31306382153039913,0.16149745588986145,0.0,1512221.0989632937,11.905742354305627
Liquid LFM2-8B-A1B,Liquid LFM2-700M,mmlu,JohnsonSU,hc_values_per_expert_hat_1_new.parquet,4.593537145572628,5.0,5.169016315539364,6.0,0.0034056708379534293,0.0,-0.02366748883812164,0.005622238352503351,0.024272780467448053,-0.007326612462117488,0.008438754469372239,0.031230282434002325,0.027910863124424097,0.003647495690104502,0.0077651283765352965,-0.05157835196254573,0.001974742662398849,0.016507652090912758,-0.043697741361619476,0.032757454275417965,-0.03926160444980143,0.026810907538558592,0.012058751732208082,-0.01306210372922425,0.010250427052218888,-0.0074491574232815935,0.03750485081540548,0.015290442458834996,0.07705975991836528,-0.032623666884216675,0.04530875509793542,0.027665614847312524,0.060078047688510695,-0.041856620182063785,0.027980683641483997,-0.004754957249047464,-0.002695213924816738,-0.0347389256741112,-0.017587328729981026,0.07736936218660154,0.015347940636624455,0.1266868267867897,-0.016207548002325434,0.07740500719328701,0.0556193027730099,0.10212828121331888,-0.038296304071163995,0.05454989412180825,-0.021871209706287992,-0.013333283912815196,-0.04940953959305213,-0.02385028695428733,0.09241665599979337,0.030553933490864046,0.11355695146739112,0.009774863392028614,0.06305887574045599,0.08971915593977248,0.10952873214060857,-0.014667758564364052,0.0481863109798364,0.016590937944887377,0.018994469105106056,-0.04512791628826476,-0.014151128366571218,0.11033048041481994,0.014658238848524028,0.13685100129273642,0.018499881153055533,0.07948223391885173,0.10665720926586028,0.1299881636065561,-0.01049686174452933,0.05895599809119389,0.014956312139563253,0.014232293085261024,-0.05030739618429211,-0.022756059030522236,0.07683531261599218,0.025386063801742836,0.20113546693447854,-0.017725267147182252,0.18274632778587216,0.07549015536889433,0.1642662758386143,-0.03131994655163737,0.1269532648412761,0.00982247437357985,-0.03346668833130586,-0.02678318025641801,-0.06979773237497273,-0.33676558593428624,-0.3326952966129433,0.1267473624612308,0.0,1512221.0989632937,11.905742354305627
Liquid LFM2-8B-A1B,Liquid LFM2-700M,pg19,GMM,hc_values_per_expert_standard_1_new.parquet,3.8011545988258315,3.0,4.4131702544031315,5.0,0.057534246575342465,0.0,0.016736807421262136,0.014475265564214183,-0.021322941221680526,0.05233900797791026,0.011239712158079257,-0.0032367373683178497,0.043683124883119887,-0.008441204191643691,0.030528091571449152,-0.02694631746185775,0.022916469755857875,-0.05185103279312968,0.000531539403214323,-0.03687664391069007,0.03431507425513082,-0.021637254391890764,0.04567256344094761,0.03099604320631504,0.0454286745095006,0.031576255597885246,0.02567266388087338,0.010163698149442627,-0.019121763175453978,-0.024376836070812896,-0.06813426385832345,0.005738930253251314,-0.03666663170663883,-0.0328795535649704,-0.07538059625767944,-0.03215565837041641,-0.04424125027572799,-0.02723761426758692,-0.04138857230094655,-0.00672991578495863,0.0030251038678182065,-0.03711386039524423,-0.09207564754406042,-0.10222153499787431,-0.04357430448708251,-0.06834407233564038,-0.09051750152228609,-0.10169928954988318,-0.07288092850919127,-0.06894128345200155,-0.018206087961009778,-0.02255701734962891,0.009537755555990832,-0.004471622409896064,-0.010754197885930149,-0.07042477546524922,-0.06796048153116369,-0.016475828974896238,-0.03411822936979665,-0.06147141745285787,-0.06547205932590514,-0.04626557364302038,-0.045124093315327546,0.003370610180142721,-0.008121047533918666,0.014307885191436246,-0.011827695473846423,0.0003768650422367806,-0.054141377380249385,-0.04692349038142389,-0.00402097385789277,-0.018628558180139688,-0.049605635698016466,-0.05007224783903442,-0.030765902582002763,-0.03425520930027389,-0.0007046404553708536,-0.013398089410220028,-0.0015048115883747812,-0.015744791495020238,0.008348076258442357,-0.06894391566841862,-0.028277932181834248,-0.01593069971220851,-0.006492766376551107,-0.05072990692643789,-0.021825206540224268,-0.024969274545597626,-0.023869391220569042,0.018434210783423763,0.005817228408403773,0.3846162058789694,0.15363766646722787,0.49045741542790744,0.0,2.348336594911937e+296,20.732960351409197
Liquid LFM2-8B-A1B,Liquid LFM2-700M,pg19,GMM,hc_values_per_expert_hat_1_new.parquet,4.137103718199609,4.0,4.882426614481409,6.0,0.057534246575342465,0.0,0.026573200772794753,0.014475265564214183,-0.023126672522479866,0.06640022866797446,0.011239712158079257,-0.002371490874832857,0.046672606483163764,-0.008441204191643691,0.03465775489018391,-0.02009940571036901,0.022916469755857875,-0.05778442741266378,0.012457338973880927,-0.03959960617519918,0.0507038770504616,-0.02162574096532175,0.04838628113012413,0.03546738347417307,0.04839740430309017,0.03584739710527047,0.035427426160277706,0.010163698149442627,-0.01368752036831708,-0.006283642324782955,-0.06365645845804452,0.016913979766771586,-0.034412519595070606,-0.01400536370533931,-0.07447132189293337,-0.025438669680706842,-0.04885978657977194,-0.01865125418372963,-0.04717512398018283,0.0009878076613115657,0.0030251038678182065,-0.033884321158443836,-0.05804989118087945,-0.1026164514426421,-0.03265297417715462,-0.07004120912719555,-0.05668596083214454,-0.10800908929706698,-0.06491676488322472,-0.07774454143828884,-0.010737264772892673,-0.034133015500500664,0.008838099536820444,-0.004471622409896064,-0.007165208635102973,-0.054041281927997765,-0.0671337307893445,-0.01211206833332033,-0.0358946568283475,-0.04234906124240092,-0.0710964761249803,-0.03704640435393754,-0.05436683596092899,0.011501378303477526,-0.019893789280420626,0.01008388683733666,-0.011827695473846423,0.005068609049263158,-0.047333898743725684,-0.04354239022298512,-0.0034539015993788843,-0.018663599187772148,-0.038299797735577054,-0.05271783291737938,-0.022802635796346758,-0.04202626120962684,0.00853885152326566,-0.023727729713442426,-0.018708314588681996,-0.015744791495020238,0.015471905949514957,-0.08199697926146074,-0.020710254164170855,-0.029098648364837415,-0.004335347461432499,-0.06291566829378571,-0.01997906145927459,-0.021222219011637428,-0.03106162125910421,0.017502731729476736,-0.0025826250839389013,0.011365946863271982,0.15077046250138965,0.32162544172920476,0.0,2.348336594911937e+296,20.732960351409197
Liquid LFM2-8B-A1B,Liquid LFM2-700M,pg19,GLM,hc_values_per_expert_standard_1_new.parquet,4.2626614481409,4.0,4.832720156555773,6.0,0.00011741682974559687,0.0,0.06045791060256888,0.0013903941623413804,0.02183597577847178,0.09665537692167925,0.0014966789536693535,0.04087431116291833,0.032270910158078814,-0.0002442642207455855,0.019757777411989197,0.028187000444490067,0.001634658383086966,0.0020781983664825837,0.038126141642625164,0.006062219334987552,0.06689844444424911,0.018960324239057143,0.028257662101013173,0.01576801612816319,0.032056025531240304,0.019410142633585627,0.06597034218427951,0.10274348099575267,0.005197521296734805,-0.10804316722771683,-0.06944856364377858,0.051004450801921425,-0.005441281719494415,-0.10944729104796769,-0.07192080792183511,-0.0063008279148143685,-0.020410949721711095,-0.044330847072015546,-0.03178344375212343,0.039933039775787535,0.07246930574968428,0.0010364410350399418,-0.10413629804239861,-0.051992899517993386,0.013026116160583953,-0.015263844613992229,-0.10339837805324381,-0.05285590790742612,-0.042992498866564116,-0.03132747675707726,-0.022675850113810382,-0.013704043074753801,0.03943791675873986,0.04356890408632906,0.020833549595059904,-0.09265885393433607,-0.02423501828899074,0.023848002849647942,0.010081387756138172,-0.08411865493681617,-0.024454331660342943,-0.02149446140643415,-0.016001058041624668,-0.001568859952943287,-0.0049325862693048094,0.03903821096788623,0.0354219766315807,0.026180736090207657,-0.09467814128887334,-0.017676288411165725,0.03298830637401656,0.015491077416533617,-0.08450303646362466,-0.02380525900069089,-0.004569188797607159,-0.01503975539320297,0.0028324726942302357,-0.013933750187820846,0.014314895787574158,0.020487566379036974,0.04667733183524897,-0.09600529632181698,0.021835173363185773,0.013474623006495727,0.03013735820104762,-0.07838917265868853,0.007384448165126203,0.0011916205694225586,-0.019735988132613198,0.012441719888994661,-0.020687675591402315,-0.4937487959842132,-0.5795889567034966,0.10589627298776837,0.0,1.9569471624266142e+295,11.115059473183257
Liquid LFM2-8B-A1B,Liquid LFM2-700M,pg19,GLM,hc_values_per_expert_hat_1_new.parquet,4.773405088062622,6.0,5.35665362035225,7.0,0.00011741682974559687,0.0,0.043223040761006595,0.0013903941623413804,0.014443522422393447,0.07803285872404957,0.0014966789536693535,0.03377031171249874,0.035203402247000325,-0.0002442642207455855,0.02221592764820031,0.00801963851400627,0.001634658383086966,-0.007772405225806862,0.01897200531152014,-0.0022445843413830095,0.04624896964258985,0.010760371183779855,0.0316168535930533,0.018248067515299136,0.035014911672129306,0.021870247527138634,0.04926784427353595,0.10274348099575267,0.003913479105465837,-0.11380429944814519,-0.07233837682868988,0.034467465741148416,-0.006457638765171015,-0.11590730614918139,-0.0743678447171385,-0.01233391986923816,-0.020338014383063804,-0.048001870077273655,-0.03196294452970583,0.024742634335562022,0.07246930574968428,-0.0019132669101368815,-0.11087782070417825,-0.05650190302887747,-0.0015284825696079722,-0.01862407071877406,-0.11131741418591995,-0.05759999200308246,-0.045226795755987925,-0.032795339391034566,-0.026514431683933064,-0.015202522474347278,0.02412773684939975,0.04356890408632906,0.017515234769209204,-0.10163274545252475,-0.028909023157519528,0.011866039655440152,0.006744895186512955,-0.08913011006864312,-0.02898568325486535,-0.018179253623183185,-0.016647905993526207,0.004059334549116167,-0.005542927479461794,0.025375751480934298,0.0354219766315807,0.022255458727332963,-0.10068735609058975,-0.022998856914507457,0.02339562465693,0.011933012265071964,-0.08424728142335033,-0.028639165169422384,0.0005553064598803371,-0.015015666109622757,0.013134430148865292,-0.013924671791321811,-0.00812440983942674,0.020487566379036974,0.043324871448061124,-0.12356315461873191,0.01757331865159589,-0.004449596043032158,0.028334818925745922,-0.09985161772000967,0.00493280197680541,0.004797576274194334,-0.017698896334535107,0.017789231543063926,-0.018377302486718136,-0.728595760277308,-0.6606628862730386,0.08967940651036528,0.0,1.9569471624266142e+295,11.115059473183257
Liquid LFM2-8B-A1B,Liquid LFM2-700M,pg19,StudentT,hc_values_per_expert_standard_1_new.parquet,4.3620156555772995,4.0,4.75174168297456,6.0,0.008493150684931507,0.0,0.05225846251103769,0.027080704324462763,0.011228773294661615,0.08723463166684764,0.03396580513282289,0.03165745641589453,0.03290381226356319,0.0017830604059400961,0.024611297929133264,0.0193546502474745,0.025297643918522666,-0.013382524634471649,-0.10737716733927231,-0.06937937426241575,-0.11335508971738485,-0.07479636300950807,0.0226818835018896,0.012570971953126507,0.032781847239184134,0.02201536877390709,0.05799360326762769,0.02744460095520039,0.002366776873640373,-0.1372032310928698,-0.09859448684666668,0.040076436133637566,-0.0124833949610028,-0.14561490385733106,-0.10552580090940107,-0.015561517937800915,-0.030358251123856317,-0.07008577295138012,-0.05221582943876364,0.033039080286743655,0.017470659221521828,-0.012371263768255748,-0.13068661363851958,-0.09221988110816794,0.00045815918385434676,-0.04036964598781667,-0.14521700971368626,-0.10605759423861977,-0.05555240487958668,-0.05703848618934816,-0.05841361123428845,-0.048139854819716665,0.038912501439955255,0.009376022441998852,0.010391646534330161,-0.10011040017854354,-0.05580335139324536,0.016982205565166504,-0.010167018515023944,-0.10892970835839498,-0.06689213721454074,-0.03329768080828727,-0.03603645639553072,-0.0349817057020996,-0.0308620698150322,0.04267727990486708,0.009146484757374097,0.016800291405908434,-0.09102721126088306,-0.04592152971119083,0.03167196368075964,0.0020946466077790974,-0.09260098877553263,-0.05581187139140727,-0.012924407594061518,-0.023818044158730678,-0.01775446120765058,-0.025319806623609095,0.02455682917397349,0.0013148100078606804,0.03601599488716083,-0.086096142864543,-0.0070495165832945034,0.017928645892309473,0.02053573680774206,-0.07696500901948981,-0.01725091822200085,-0.006833917140825138,-0.01988076046951583,-0.00030535204484249685,-0.018728648455721097,0.09536444784891952,-0.0026817470329565086,0.26682722217486615,0.0,313.79098574327304,15.572393904778126
Liquid LFM2-8B-A1B,Liquid LFM2-700M,pg19,StudentT,hc_values_per_expert_hat_1_new.parquet,4.657651663405088,5.0,5.086262230919766,6.0,0.008493150684931507,0.0,0.04139657904552636,0.027080704324462763,0.0032182572890572863,0.07754437991236654,0.03396580513282289,0.024286775801386537,0.037531420858452146,0.0017830604059400961,0.02771951743397698,0.0038651581870742177,0.025297643918522666,-0.02450126014491969,-0.11305637108995435,-0.08209036320294863,-0.11422372204701223,-0.08755983856665707,0.03075602721529299,0.016134497676874252,0.038126268788627585,0.02530477468701427,0.049613397316934635,0.02744460095520039,0.002326519784310309,-0.13395399526841853,-0.10063357665969061,0.032921299203197855,-0.012879392339251979,-0.1401123272514999,-0.10790300425968737,-0.016184335308899817,-0.031122535292921853,-0.06413535196278786,-0.05370255397669494,0.026111432941358665,0.017470659221521828,-0.013962163924697246,-0.12820204570723343,-0.09624697338939396,-0.0035961897863840955,-0.043165971514938284,-0.13757173559422056,-0.11132400468031946,-0.05156898484248095,-0.05973561704602643,-0.04787291372085272,-0.05146809590594652,0.028947676022653995,0.009376022441998852,0.008389527268423454,-0.10485323045839871,-0.059963819962571205,0.012141990308600286,-0.01324107368999924,-0.10423156395699297,-0.07220739334720268,-0.025677908202475976,-0.038385578101287926,-0.01849116814838731,-0.03376689120934904,0.03230085288093573,0.009146484757374097,0.015290621994092557,-0.09787991992299289,-0.04939843306274324,0.02611702457273289,-0.0003106837490545844,-0.09070251135288304,-0.06031475824037004,-0.005907710226125972,-0.025681010452518374,-0.0031359048682387597,-0.02773541350654782,0.003546708105309369,0.0013148100078606804,0.035183187003549596,-0.11414981883011838,-0.009118366746819656,0.002276155890953508,0.01957203328596856,-0.09641166515856335,-0.019397762042573326,-0.0015232087044000347,-0.020257817242659557,0.009215497113549206,-0.01924403539460076,-0.10066612693617774,-0.0026834038617367874,0.21543126291564424,0.0,313.79098574327304,15.572393904778126
Liquid LFM2-8B-A1B,Liquid LFM2-700M,pg19,StudentTSkewed,hc_values_per_expert_standard_1_new.parquet,4.169275929549902,4.0,4.137358121330724,5.0,0.0004892367906066536,0.0,0.08023856144694907,0.010942937311843473,0.05362913118470075,0.11643446772530107,0.009472765525190656,0.0713475036536842,0.026739753405434386,-0.0050557957470946865,0.009078022188842466,0.05349880804151469,0.01599873305893816,0.044551108995858284,-0.0878044123830503,-0.022644748821797574,-0.08562123351553841,-0.02863171333991333,0.027936047784101265,-0.0015798576556973613,0.02509501452674048,0.0031074163944948188,0.0808010737860608,0.006674327371439811,0.0334641875983234,-0.11284510763179817,-0.05800376835484494,0.07404058700279392,0.0220166085052531,-0.11350958870189842,-0.06708989015963523,0.016639541849557106,-0.011313727410602235,-0.0443655269946454,-0.041078780843052574,0.06031551102047579,-0.00012657035775129333,0.02998267808315566,-0.1153101782275938,-0.046450043261183536,0.047390252011293196,0.014890251830759125,-0.12029385403593695,-0.05640382120848611,-0.011268387061276823,-0.022384901394024628,-0.036026084949655396,-0.02982248592901837,0.05373982394465748,-0.004462382671197056,0.04480432108170235,-0.09527082498875855,-0.015112285133585661,0.04927018722287729,0.03255724330788226,-0.09202253408411783,-0.025901737681631554,0.0016799310916886928,-0.014330841828032615,-0.01165342737684055,-0.02263743701895273,0.047724416096330394,-0.010072627960441132,0.04732329601165032,-0.09794841059832356,-0.006579057381630024,0.050485749623348564,0.03669514240144958,-0.09044088979481822,-0.019850277686460305,0.012754490385547426,-0.011487117716678426,-0.002378186181871233,-0.02493674651734669,0.01906204852762873,-0.015347841418083884,0.054475787069654336,-0.12037366180291902,0.01791285117730365,0.027649379174331516,0.036222254212544436,-0.09185750167129123,-0.003294172464477842,0.01820100371551777,-0.021236366311414043,0.026614857105256372,-0.032935169573879576,-0.41620374554580053,-0.5180125458841196,0.13518943641053238,0.0,94.23491310634714,11.51324856930475
Liquid LFM2-8B-A1B,Liquid LFM2-700M,pg19,StudentTSkewed,hc_values_per_expert_hat_1_new.parquet,4.653248532289628,6.0,4.630430528375734,6.0,0.0004892367906066536,0.0,0.05145940541955064,0.010942937311843473,0.04780476283993268,0.08700451435609863,0.009472765525190656,0.06630448259452935,0.03389999971065435,-0.0050557957470946865,0.011767402292420433,0.01755940570889629,0.01599873305893816,0.03603736054751225,-0.11692561709142826,-0.03583581026594458,-0.11292595332000227,-0.042633879522488975,0.03866640703283935,0.001089347353230427,0.03456464913444601,0.005653688829370633,0.055900637750165356,0.006674327371439811,0.037365969921142786,-0.1268378817437545,-0.05810840610585108,0.04874110173738775,0.025340736407543696,-0.12888378548220175,-0.06793660764363334,0.006285746937054525,-0.011039048059112459,-0.052581544694931696,-0.04266942622024137,0.03527466399901921,-0.00012657035775129333,0.0307107397774471,-0.12953098569524796,-0.049877547425647706,0.021695156813664462,0.014109039418761448,-0.13598233761308826,-0.06164031194908478,-0.018247988641115258,-0.025141367746944147,-0.042112666591520666,-0.034093341846805576,0.028317450130912844,-0.004462382671197056,0.04293327318549153,-0.11610465375241574,-0.020920722060835974,0.025488935738750287,0.029251661888886532,-0.11080526893380795,-0.03361675756684202,1.1369330232215277e-05,-0.01732519537519419,-0.011736199244116745,-0.027218238764545963,0.02499085064966678,-0.010072627960441132,0.0449693041002431,-0.11366416800069082,-0.01242514567537997,0.029744275099869055,0.033592002868401805,-0.10367654144657822,-0.0269546522672092,0.012650881206339311,-0.013222975452956899,-0.0004655600252919217,-0.028147827396033123,-0.009702355302420165,-0.015347841418083884,0.05126494650941479,-0.14476120650535304,0.012315337456873233,0.004195782180180414,0.033609812763021246,-0.11205215566929508,-0.00852346570327291,0.022006954904354697,-0.020801977775784592,0.029300674256864483,-0.03333354513575435,-0.6682192199037534,-0.5795528907045144,0.11354771557931906,0.0,94.23491310634714,11.51324856930475
Liquid LFM2-8B-A1B,Liquid LFM2-700M,pg19,KDE,hc_values_per_expert_standard_1_new.parquet,4.478630136986301,5.0,4.959217221135029,6.0,0.008571428571428572,0.0,0.009474630917313737,0.002511644216990792,-0.028421881866808038,0.04315800111206713,0.0030426780854136493,-0.013849296489857266,0.04310652731047751,1.9297895843625086e-05,0.027739536747576333,-0.033631896393163774,0.002492346321147167,-0.05616141861438437,-0.06039526576308496,-0.07543411832603686,-0.05735674181508845,-0.08845757117662686,0.02117542046101695,0.0036558878721578278,0.03985469070356618,0.020001407058431,0.02067880275665157,0.006707759759926049,-0.032132834273528255,-0.06598349372316505,-0.09644491553364384,-0.001549167917181171,-0.043852208146084315,-0.06576390489347451,-0.08926125719540673,-0.038893483840911736,-0.036948584954096524,-0.024877510989648632,-0.02191596730910636,-0.010491845014785946,0.006567843748791655,-0.043420832172647306,-0.058424028210913796,-0.07472564134304953,-0.05128598082966626,-0.06529078051662941,-0.05785184180722829,-0.06282172412197665,-0.08138746231756219,-0.05225488459413524,-0.012240236696586247,0.006049306985101738,0.005964652104052125,0.0052644807549385875,-0.01731279551527938,-0.05340851328578425,-0.050695604746655354,-0.022766835497034336,-0.029096283102485482,-0.04273647959649989,-0.03458055072169419,-0.05194395694273113,-0.024955332389921835,0.009803366689554454,0.020377465474318165,0.012364594722917042,0.006269966972848713,-0.011245335530326979,-0.04671002674558798,-0.044864102673427476,-0.008863504270686245,-0.021882123866256424,-0.04634840254317603,-0.03890059444255868,-0.03631715417785017,-0.021036502425639293,-0.006999017255094382,0.0034243850294334425,-0.0007997454446050187,-0.008774850452459536,-0.0032200054216048914,-0.045872402883068444,-0.021463743139276188,-0.01920733784232264,-0.010854081676839052,-0.04743308287908271,-0.015049168911730105,-0.03165522918296547,-0.013658834459469419,-0.011118943156022354,0.007032640184625361,-0.4046368202799562,-0.5707953645558518,0.1878789629351864,0.0,5393.592798710786,10.236222037155462
Liquid LFM2-8B-A1B,Liquid LFM2-700M,pg19,KDE,hc_values_per_expert_hat_1_new.parquet,4.972426614481409,6.0,5.509412915851272,7.0,0.008571428571428572,0.0,0.013197192771654119,0.002511644216990792,-0.03413816297787428,0.0477949381687088,0.0030426780854136493,-0.019054389969752047,0.04330807617211481,1.9297895843625086e-05,0.03003172482142793,-0.03011088340046069,0.002492346321147167,-0.06416988779930222,-0.03812032667374839,-0.08466484253476182,-0.030011453680473282,-0.09765607762773486,0.02175551054162019,0.006306614911710228,0.038894714782923126,0.0225570284457013,0.025386084391028886,0.006707759759926049,-0.03325244863813209,-0.03912398327317992,-0.0993879666382279,0.002547445532321514,-0.0462819922240381,-0.04285503443072855,-0.09368082957887772,-0.03838054755037256,-0.04013452078454552,-0.022878890942603262,-0.026154339641075275,-0.004107772578505345,0.006567843748791655,-0.043817668755884644,-0.03425131980824698,-0.07611815555538168,-0.04459244779254662,-0.06743871057147358,-0.03845370401132221,-0.06600823940381516,-0.0793317864299474,-0.05573624030244763,-0.015991875948228925,0.0022457283186739876,0.008865518576451795,0.0052644807549385875,-0.018760331877597826,-0.03478279621844721,-0.053409213345753596,-0.01874732097405367,-0.032507925704175,-0.02798512003525157,-0.039343760483032356,-0.04934248627307825,-0.028849151947944924,0.006102260435829372,0.016080840683113332,0.01572363531736564,0.006269966972848713,-0.013291373707328052,-0.028394143909458342,-0.04823803278166531,-0.004103089684378037,-0.025845064090376058,-0.027790953164083403,-0.04452228897196087,-0.03324002235969109,-0.024830751200850168,-0.003561938266752321,-0.0011894186126834125,-0.0003663306110703976,-0.008774850452459536,-0.002671059375881817,-0.035183578422078025,-0.02105975262626782,-0.02126742667453852,-0.012009035908506225,-0.043127817108937296,-0.016675434547144926,-0.03584373629779426,-0.016474551119754106,-0.020082422886068617,0.003630296148977306,-0.6605775095417437,-0.6400553905935826,0.14558088743764797,0.0,5393.592798710786,10.236222037155462
Liquid LFM2-8B-A1B,Liquid LFM2-700M,pg19,JohnsonSU,hc_values_per_expert_standard_1_new.parquet,4.395283757338552,5.0,4.831369863013698,6.0,0.0007632093933463796,0.0,0.008669532061662467,0.005905225973095863,-0.030338900079455583,0.04087229308355991,0.0039060105735818705,-0.017394154764371783,0.04132033504804568,-0.004366310208177719,0.0260641497270809,-0.03265080298638321,0.01027153618127358,-0.05640304980653649,-0.10616666842937152,-0.08551931938582262,-0.11647691782709653,-0.1018472612798108,0.016121565488430575,0.002128519613323822,0.042365754872835656,0.021452172824118942,0.01530835805800333,-0.003552456695267366,-0.03641238955891069,-0.10099374095994343,-0.09737483018473368,-0.006901242339240722,-0.04793871128607116,-0.10700726066594664,-0.0940959477554231,-0.04090669841365681,-0.03817726342347522,-0.05140280472409967,-0.03045976565622964,-0.014056952733843924,-0.007190247228541777,-0.04632533012794819,-0.08691604105182625,-0.07693355042138347,-0.053543215909063434,-0.06631678379878328,-0.09322833632925259,-0.07022184509185116,-0.07966822213983799,-0.049279981331461484,-0.032141377948591246,-0.0045745016869917,0.0019126902749613747,-0.009754742472322202,-0.01816372714985455,-0.06926984185890211,-0.04786338766845812,-0.024686275735220413,-0.028607475014645833,-0.06643355477890513,-0.03773411264805104,-0.04875560602450992,-0.022639067457101796,-0.007635413177643846,0.009826073145867609,0.009159602337760333,-0.012779881503572742,-0.008286464560228057,-0.05539633923863632,-0.03689276328245024,-0.009096272122022193,-0.01838664184313924,-0.05873528643355966,-0.03542864854661316,-0.031472156978188975,-0.019585942650055872,-0.015092499846499527,-0.003390832195185112,-0.007637217025165304,-0.017517723127279148,0.0018502450225214712,-0.053595464739743685,-0.010525669051366805,-0.024086509523884747,-0.00969867067847614,-0.04986433635489761,-0.009781868953301402,-0.029559377216364376,-0.0194283697075443,-0.003472629697939979,-0.0006630873133358929,-0.40049598093774386,-0.5514513378707501,0.19356283658172108,0.0,188310.28181100055,10.726510724730002
Liquid LFM2-8B-A1B,Liquid LFM2-700M,pg19,JohnsonSU,hc_values_per_expert_hat_1_new.parquet,4.915303326810176,6.0,5.426614481409002,7.0,0.0007632093933463796,0.0,0.011511418179977178,0.005905225973095863,-0.03706845415594566,0.04482446355771742,0.0039060105735818705,-0.023756145245009005,0.04203416745413671,-0.004366310208177719,0.028444469134110698,-0.030522749274159534,0.01027153618127358,-0.06551292329005635,-0.08141131072594966,-0.09726195008038588,-0.08520182733588272,-0.11429235203169595,0.01793234287054673,0.004504303615030427,0.042395638007205395,0.02406498455985178,0.020401883363097402,-0.003552456695267366,-0.03858191911317776,-0.0719340554430169,-0.1036014785860232,-0.0027195036147829857,-0.05144067578880291,-0.08053902247529293,-0.10154059152743075,-0.04088010319773585,-0.04181121339313487,-0.045706841708004,-0.03541184140020987,-0.008607593234449104,-0.007190247228541777,-0.048462625839274215,-0.0628005099653727,-0.08181775197752544,-0.048739653938981484,-0.07083645192524635,-0.07206612208334885,-0.07710537351581094,-0.07967555266591278,-0.054380808644453556,-0.032356486535434506,-0.009573256621146184,0.0036623057578712695,-0.009754742472322202,-0.020511690073523138,-0.05502370628485147,-0.052490933614119224,-0.021986921816170096,-0.03360749081832008,-0.0522320639074819,-0.04488817798402398,-0.04667876235368953,-0.02796944401651269,-0.0050693302923949385,0.00429526620132199,0.009714999774256269,-0.012779881503572742,-0.010913900891996448,-0.04561468880262973,-0.04158046272532939,-0.006798775153983946,-0.02322281047523405,-0.04580350727237627,-0.042536799596031113,-0.028236181257429955,-0.024001765617595306,-0.007802956718398691,-0.00852921631232404,-0.012312125003504855,-0.017517723127279148,0.0026370073558482816,-0.05632605300412343,-0.010010262010982672,-0.027966335295770868,-0.010622899835388881,-0.05250065572927927,-0.011053600183142862,-0.02905730278618816,-0.022212533064370057,-0.003813655780384931,-0.003628750871796484,-0.6616232044258932,-0.6242040062331049,0.1493350029965445,0.0,188310.28181100055,10.726510724730002
Liquid LFM2-8B-A1B,Liquid LFM2-700M,competition_math,GMM,hc_values_per_expert_standard_1_new.parquet,3.639027938746825,3.0,4.293997977954775,5.0,0.12039799768204572,0.0,0.11390415666544781,0.009956581535050314,0.0773140292905672,0.05573153736644415,0.008424531699131538,0.026882214471215037,-0.08946098739743406,-0.003627280628265672,-0.07364024294104471,0.20336514406288186,0.013583862163315986,0.1509542722316119,0.04588324052363579,-0.004494764244083118,-0.0011308788674805278,-0.03401781835008509,-0.06366313114565428,-0.034048026550116725,-0.09482655953185103,-0.06651901703857845,0.1044308512323473,0.001546840314943334,0.06972853163970069,0.04733615106892065,-0.001533957428482064,0.05163230810677945,0.027691014662527647,-0.005386855918774997,-0.029533728910585047,-0.02116955260246272,-0.024834172264513878,-0.054784892406007195,-0.04499028921572996,0.11323494542865381,0.0009405303231197329,0.0769680490613639,0.08559765137311418,0.023768812571748246,0.013906369207536825,-0.0005871367145930725,0.012084624893128481,-0.011275969170088685,-0.09969702479496609,-0.08319387533177147,-0.07283907949613307,-0.04277004940236902,0.13283460377661577,-0.02327344127708935,0.08667895650743349,0.09904642656027017,0.023080729769702817,0.01150603718412463,-0.01231829507681574,0.01811426338935236,-0.021330638166740124,-0.12945224734058547,-0.11381589548929076,-0.08233645775118847,-0.057202837878618976,0.15087705690366368,-0.029041884489831454,0.09710356382699359,0.11071205256214225,0.02677073031995734,0.02327012083972552,-0.005029258929142636,0.04217519682583936,-0.008576612564217765,-0.1357107414879507,-0.11638785447035849,-0.0628578336407591,-0.04265902976599924,0.1923311887973469,-0.044007227549659106,0.14021263830690778,0.1429791940576422,0.06593826570344932,0.033818438417470356,0.029012703999118022,0.12688938787676082,0.08189108828639981,-0.16232215289270108,-0.11223634430881582,0.02351387689955257,0.0442820841137237,0.456640766405089,0.3364402726129667,0.40709003350960293,0.0,817175056.9843073,26.502365311111355
Liquid LFM2-8B-A1B,Liquid LFM2-700M,competition_math,GMM,hc_values_per_expert_hat_1_new.parquet,3.8790841614677087,3.0,4.626402485636081,6.0,0.12039799768204572,0.0,0.11089076933597954,0.009956581535050314,0.0872501415855112,0.0519655876172262,0.008424531699131538,0.03496624245017309,-0.08979842050181175,-0.003627280628265672,-0.07764144355722585,0.20068918983779127,0.013583862163315986,0.16489158514273705,0.044970478518017575,0.002951658702317034,0.0011259814350686953,-0.02956324533992614,-0.05975928568793493,-0.038905261034339916,-0.09252885437174202,-0.07273707976898067,0.10463523634067645,0.001546840314943334,0.0781519804156669,0.05058777270642708,0.004672244391943524,0.04615408882849471,0.03221346783505205,-0.0047423891098352005,-0.03032175710334867,-0.030010345907693685,-0.025977472349350758,-0.05695119568238105,-0.05230179586878969,0.11962683416112922,0.0009405303231197329,0.08415801250118696,0.08984777162546939,0.03170897558797005,0.016930661315867544,-0.0007917820342708158,0.015738391037111568,-0.013384379830096821,-0.10188358260032894,-0.09119561849027878,-0.07175058885479225,-0.05450248162439507,0.14250424242496473,-0.02327344127708935,0.09540683820147436,0.10823182062538729,0.03235052581086006,0.021263552841844797,-0.01172534616364174,0.030409514237007117,-0.022357661786723694,-0.12567370081020832,-0.12256286798889622,-0.07417863146166943,-0.0689590526463476,0.1584551112921664,-0.029041884489831454,0.10873474103334631,0.1168719803608551,0.039150845678319945,0.03362155658037113,-0.0017869616686208142,0.05074167136854455,-0.004319756786284737,-0.12919526685319377,-0.12474701337127928,-0.057258097590712854,-0.05035970434153287,0.1931167656099222,-0.044007227549659106,0.15056070049559345,0.1387372476576925,0.07597711688969148,0.04005687268600344,0.02539425627010334,0.11037354350547576,0.08568089263950253,-0.15444850151647316,-0.12857965138822278,0.004573957762382749,0.03860915430007879,0.12264218825574436,0.3217084903953753,0.31541915768591683,0.0,817175056.9843073,26.502365311111355
Liquid LFM2-8B-A1B,Liquid LFM2-700M,competition_math,GLM,hc_values_per_expert_standard_1_new.parquet,4.501331590757774,5.0,4.996892954898528,6.0,0.0,0.0,0.13313467123628056,0.13628496380562605,0.09014546805202205,0.06747530988595651,0.1146246036280503,0.03459710722772176,-0.10180979772555564,-0.050463928428683136,-0.08202277225176798,0.23494446896183618,0.18674889223430918,0.17216824030379002,-0.03764012218211356,-0.010891274782496602,-0.0510675902418308,-0.030105688489452036,-0.00940950830742331,-0.020834482437246966,-0.07554091263878779,-0.05878373793729293,0.11150837971619353,0.11134019372523772,0.05326289924395328,-0.009722092047961981,-0.020415815435704664,0.06059926176270962,0.03252372487447585,-0.04065062017696221,-0.01693214543289835,-0.013980852302747678,-0.0010350384273342256,-0.05441487805021838,-0.006712269576943513,0.12025251813282535,0.09537087520696472,0.054121778864691675,0.025131763441628013,-0.018214398924325182,0.028247863934936526,0.014920091562280129,0.005151632590260885,-0.0017457156500840499,-0.08516138735361622,-0.03493744839037869,-0.018831152286768228,0.016712537348735016,0.14534382869534707,0.10188131695252775,0.05818389877191646,0.03228539216407426,-0.02820986659068897,0.03589836552478583,0.011862463873643434,0.01566718736372676,-0.007853599755358463,-0.10714474499528018,-0.04660454329363964,-0.012131461596494846,0.01928592167247706,0.15776110335548793,0.10503766727131186,0.05472177853875459,0.02288698749903705,-0.04066882113237388,0.04912075252451194,0.00826450709164346,0.023992378803992707,-0.01868222864705902,-0.10591321519304722,-0.0494756857455914,0.009487946371797437,0.01812211853986616,0.1763974335516464,0.0920457848183519,0.06534143407281391,0.011075488004584756,-0.029627470708419538,0.041851652917247954,0.022033845416891372,0.042320526445563195,0.009325943064014798,-0.13371231689757168,-0.040390455094910724,0.04796944659539865,0.04538204021152205,-0.5689114971975862,-0.6447265616418222,0.06475500202896553,0.0,14.15021168939211,9.382805115687201
Liquid LFM2-8B-A1B,Liquid LFM2-700M,competition_math,GLM,hc_values_per_expert_hat_1_new.parquet,4.938648188789979,6.0,5.55286908490124,7.0,0.0,0.0,0.12302712102248478,0.13628496380562605,0.08555143539310846,0.05557639943879397,0.1146246036280503,0.032714464236028605,-0.10207675849368336,-0.050463928428683136,-0.07798369764142213,0.22510387951616814,0.18674889223430918,0.1635351330345306,-0.027850159298320545,-0.018563496367898967,-0.049700734616709194,-0.033716178859119164,-0.02104066735468378,-0.014719614774924403,-0.07450909384985001,-0.054051727918320115,0.10582083439857898,0.11134019372523772,0.05122779721514169,-0.00347674973455617,-0.024233071189585547,0.04473786404198347,0.03013460896942081,-0.05209894149448146,-0.020741157952225465,-0.033408779161032465,-0.002803584888883973,-0.07849613254990699,-0.008978101497239141,0.12432989110534849,0.09537087520696472,0.05394848857905108,0.04173622489216068,-0.019980162917868752,0.02419921234388573,0.01408127981057821,-0.0009105240364728699,-0.0031257156300176546,-0.09574234242459134,-0.0360411750685789,-0.045864872925580204,0.016466250173247925,0.15157555120379462,0.10188131695252775,0.05989032572887972,0.05437376502599831,-0.028047289114677205,0.035839571876498895,0.012067067445618099,0.01546512946992465,-0.00805095686268071,-0.11410372025859253,-0.048183461446461566,-0.03668562227109821,0.018813669585383934,0.16363549127204624,0.10503766727131186,0.05579635563811751,0.04863578097464164,-0.04171464368674002,0.05179467254752252,0.007508829248122874,0.028597798719565286,-0.020290500206548028,-0.1086303907594444,-0.051779991604989875,-0.012535303499163299,0.016940848891259498,0.18296983796194513,0.0920457848183519,0.06623208092923927,0.04310092522685482,-0.03072273278384018,0.04876194857797013,0.021945840380941654,0.04997110071416203,0.008983510488868168,-0.13120629965909003,-0.04148444103689019,0.024049732192160018,0.04608557034781302,-0.7824496702122475,-0.7273022223738892,0.05139994446050244,0.0,14.15021168939211,9.382805115687201
Liquid LFM2-8B-A1B,Liquid LFM2-700M,competition_math,StudentT,hc_values_per_expert_standard_1_new.parquet,4.717197248045768,5.0,5.082238058836584,6.0,0.00016028407269499175,0.0,0.125586038281388,0.0314430384102967,0.08576126977435758,0.054135516656913615,0.026899797172335465,0.02995664750759492,-0.10726435948149857,-0.011106895110337169,-0.08152405122481728,0.23285039776288657,0.04254993352063387,0.16728532099917487,-0.057740701608507874,-0.03568991307418544,-0.08145718662011352,-0.049464793704218385,-0.018175910285891505,-0.010189717088384533,-0.07559634352057724,-0.05264942147151747,0.10659677675614018,0.0206975966842077,0.060301055857324315,-0.02482198267627365,-0.029093660301545393,0.04359795701037261,0.023426625272804293,-0.0662876636778897,-0.03573894891109675,-0.035968937161970846,-0.022297426236742912,-0.08002786245006986,-0.027842989573723626,0.12427796581947698,0.02822118739788208,0.07355447279187079,0.008743545006674033,-0.015140560071883942,0.019370958553110842,0.012390890667147388,-0.020496669527524367,-0.009180840146578901,-0.10310640754768574,-0.05960084945155408,-0.040933723707111964,0.0019534584799215573,0.15495629536623856,0.054228927360861275,0.08817321460564953,0.021001539732143717,-0.0175906218848023,0.029876288682230648,0.011063778181010463,-0.008319655376798409,-0.015401427407739953,-0.12665776146699653,-0.08085699941111525,-0.03543531551112995,-0.0036588796194577567,0.17066158870357223,0.05615917547907188,0.09030999154609765,0.014624754363772124,-0.028083522028600903,0.04635418875851917,0.011417822517094667,-0.0007230561092572816,-0.025887895444959542,-0.12442223939004693,-0.08487737009977968,-0.01735432445750011,-0.006552070789565929,0.19846956764821444,0.046125764864861515,0.11386218982732955,0.018972947243639272,-0.006288178769758873,0.05547821004269963,0.04058246505490059,0.03506006556005267,0.017768104977066868,-0.13870287738906323,-0.06732300228196475,0.02916938641174592,0.03196942195033538,-0.014014360227076028,-0.07611940266419553,0.1721795995130617,0.0,21.952196507135188,14.555857016280289
Liquid LFM2-8B-A1B,Liquid LFM2-700M,competition_math,StudentT,hc_values_per_expert_hat_1_new.parquet,4.941767563435504,6.0,5.374867457401425,7.0,0.00016028407269499175,0.0,0.11549018305394856,0.0314430384102967,0.0779757760215046,0.04193856379603777,0.026899797172335465,0.0255133826544719,-0.10789896642525988,-0.011106895110337169,-0.0761573713852681,0.22338914947920846,0.04254993352063387,0.1541331474067727,-0.0481362056997873,-0.04340930474737781,-0.07844576514652109,-0.05341242028703202,-0.027602915018734055,-0.004417396446614985,-0.07663310961156537,-0.04712220588382168,0.1021268615040983,0.0206975966842077,0.05829541837474829,-0.01538343122556109,-0.030367513075087355,0.029532939663940747,0.019776400477752212,-0.0724215091024363,-0.03950414518326402,-0.05375999929698601,-0.026083882415950103,-0.09886460388559792,-0.03252117411653064,0.12848996757319905,0.02822118739788208,0.07454955051348897,0.02916260369766868,-0.013000934440167602,0.01564711684703817,0.011486617645589248,-0.02061545025139323,-0.01014300488507919,-0.1133321674975961,-0.06205434988025355,-0.06285555363478054,-0.0018089957677332067,0.16067167352977607,0.054228927360861275,0.09042722860518912,0.045001423457165686,-0.013842592193588868,0.030853710081627173,0.010264145767739083,-0.0009051144448819321,-0.016213135898306624,-0.13151369258394469,-0.08452608356471973,-0.050709896759539144,-0.008979735317132842,0.17571242587886748,0.05615917547907188,0.09300532556524699,0.04095569035290565,-0.02382194033715683,0.05140492618381748,0.0112202385866505,0.014978042257635089,-0.025874021105276167,-0.1227634716189678,-0.0881921696556783,-0.02374199325159468,-0.011280723065937583,0.20355660204735393,0.046125764864861515,0.11726897364350816,0.04702561090943033,-0.0017629106582936372,0.0643939977138318,0.04197268682501873,0.0506877662067861,0.01950727543761232,-0.1317713096853801,-0.06909105256327977,0.02099465204617493,0.029543093102270882,-0.16126751127594183,-0.07792374361607733,0.14153982052890018,0.0,21.952196507135188,14.555857016280289
Liquid LFM2-8B-A1B,Liquid LFM2-700M,competition_math,StudentTSkewed,hc_values_per_expert_standard_1_new.parquet,4.444948585801297,5.0,4.207777476388923,5.0,0.0,0.0,0.0831166511648347,0.047245069960858393,0.023160061772872945,0.031201142754714598,0.061638288164743996,-0.010494200423680433,-0.07645140650833068,0.008351781874548693,-0.043946137491855525,0.1595680576731654,0.0388932880863097,0.06710619926472847,-0.05141214204403758,-0.054570871117971174,-0.05703522261330075,-0.056141369806046094,0.002443698077280305,0.007793533574534901,-0.0920430469653067,-0.037320508774868526,0.07855928521822758,0.049453400059376706,0.014932897174675863,-0.024580415139673066,-0.045688900385970996,0.03312557334508944,-0.004567438332833488,-0.042431411485817055,-0.04141160543566164,-0.024939112925531248,-0.02187487253668105,-0.042785153471539286,-0.020536011748079872,0.09841187499420781,0.055612202569698926,0.030725580974130466,-0.010646881941735188,-0.03534450766490561,0.019906829344930484,0.0017245572186767389,-0.022935018815064274,-0.01811589976719392,-0.07462778933577333,-0.03020061817492189,-0.02397482850199243,0.009753679227632879,0.12043501989252915,0.061872266696705105,0.029104745828034677,-0.013530624890005411,-0.05296353828281359,0.030926629927453944,-0.002435270117373994,-0.022881533157826928,-0.030458162827101863,-0.08703527776719278,-0.035699236244899554,-0.01912414448463971,0.012871069718400716,0.12785937636778172,0.05682207299131717,0.02781566248516653,-0.02762526731189057,-0.06282342086638258,0.047174529061962595,-0.00411178063077068,-0.022112810297556008,-0.04318474833099219,-0.07514722180496627,-0.03721778055919217,-0.001366648579075055,0.007219011983494836,0.1370891794030754,0.018971940598815625,0.04071582279452834,-0.03828121179010884,-0.05166133111125201,0.0755979110992698,0.02094950394519746,0.025452017619881296,-0.0181966008634074,-0.043641157643117594,-0.015065168200305918,0.0769287438847708,0.03023869352978438,-0.5526884123897104,-0.6178047812696261,0.06989094446107853,0.0,14.529954835915877,10.384968967264843
Liquid LFM2-8B-A1B,Liquid LFM2-700M,competition_math,StudentTSkewed,hc_values_per_expert_hat_1_new.parquet,4.919438759154686,6.0,4.753211846225927,6.0,0.0,0.0,0.08118875119196285,0.047245069960858393,0.024466163955326706,0.022025360359070566,0.061638288164743996,-0.009587159526372329,-0.08465206728708263,0.008351781874548693,-0.0446557185730153,0.16584081847904547,0.0388932880863097,0.069121882528342,-0.03279792239998091,-0.055775622586567195,-0.05770908267587398,-0.05686582653467936,-0.02365175622876626,0.008574419486115049,-0.09729787381498763,-0.038035581709879474,0.07870610607889042,0.049453400059376706,0.015054944839129947,-0.009616293072026296,-0.047555859799097426,0.021274824119567347,-0.004902510351904965,-0.05223076211318639,-0.04312075405356458,-0.04377380310382699,-0.022523242090037573,-0.07285197437184715,-0.02140188824826273,0.10401358048279569,0.055612202569698926,0.030864809622802157,0.014029507604899058,-0.0366927632197088,0.012319177847373467,0.0014661952973355208,-0.030842189934153438,-0.018909757662240137,-0.09227689320776661,-0.030746501706737647,-0.06243577158394311,0.009967439887404065,0.13139954560779551,0.061872266696705105,0.030818630482149282,0.025496453707954562,-0.05271454033832765,0.028683543049296004,-0.0014456095749654126,-0.018685646410099337,-0.029939917083307947,-0.10244616165108947,-0.03612445357895498,-0.055692114091372806,0.013367220633166806,0.14124666083484605,0.05682207299131717,0.029801416614346474,0.02107548912493972,-0.06247671798034308,0.0504821936528662,-0.002111447461813722,-0.004730077832194301,-0.04173574710385959,-0.08538428876053382,-0.03654440684727199,-0.030363029026424952,0.008939450131571441,0.15402702658878087,0.018971940598815625,0.04082763413401708,0.02022416824380435,-0.05326340998224905,0.07896437279603678,0.022943688001487276,0.034232626557006866,-0.016578077364433456,-0.05739297968573009,-0.012396420080101112,0.026123168818185924,0.034233038099398656,-0.7659794680727637,-0.7125852644130177,0.058276250205159,0.0,14.529954835915877,10.384968967264843
Liquid LFM2-8B-A1B,Liquid LFM2-700M,competition_math,KDE,hc_values_per_expert_standard_1_new.parquet,4.15557418686657,4.0,4.791408773703548,6.0,0.039232609178112596,0.0,0.1027954627070719,0.004677973635490375,0.01829926311080521,0.047297669732828826,0.004906039288140559,-0.005988244922196831,-0.08427463465979546,-0.0005856754088529761,-0.03200457796461015,0.18707009736686736,0.005263649044343351,0.050303841075415356,0.08063558331824543,-0.0031408587399213202,0.028962429085336246,-0.02114994922843377,-0.07556511805459849,-0.020679173017320703,-0.0848401711700657,-0.030633788583245915,0.10152775581299711,0.0014286287503052562,0.020321166340333645,0.08701667856385871,0.004049781071435904,0.043878190948256575,-0.001174194114549493,0.03159799111632951,-0.012253766071914392,-0.030546736091744405,-0.021817093730056865,-0.03556697351331259,-0.02328863240463206,0.11571438600342902,0.0023544866726702544,0.02971257315760531,0.10508594555929579,0.014046733306189734,0.013256556080853788,-0.005065952749562498,0.011458317521223244,-0.007703224501605225,-0.10334652678536327,-0.03955252732924861,-0.09469484058247736,-0.026861801920006194,0.13786257545360195,-0.013307539421490955,0.02868375591628492,0.10607273626275679,-0.03264673041660788,0.012003507199927807,-0.018126701410890227,0.011761964731099386,-0.026782658901665608,-0.13426050189657363,-0.05845912023937908,-0.09947242587096068,-0.0038328870960133445,0.15201614218878262,-0.017126338328909068,0.019285453997410988,0.11425336008848923,-0.051878058606985154,0.016997946658956244,-0.02783295286668788,0.024102260865353765,-0.03754906238421448,-0.1460966038325222,-0.0620743668345381,-0.09320375604159321,0.0034355643014516066,0.1952136778255136,-0.024377591757112967,0.028710891940739138,0.1616230691518087,-0.05884031078120926,0.00452171851368972,-0.014794476232921459,0.06807603127859752,0.008430054310918823,-0.2064614705323143,-0.0519989096407139,-0.08101045985597675,0.07683630219261556,-0.2805388477749107,-0.3954689408395608,0.0971023434449422,0.0,3.6988632160382703e+295,11.111546134782781
Liquid LFM2-8B-A1B,Liquid LFM2-700M,competition_math,KDE,hc_values_per_expert_hat_1_new.parquet,4.5433506768919685,5.0,5.242497472443469,7.0,0.039232609178112596,0.0,0.10889052286957938,0.004677973635490375,0.023361782465392708,0.045430983445697674,0.004906039288140559,-0.003194231563444124,-0.09478373562628059,-0.0005856754088529761,-0.03560662930111898,0.20367425849585996,0.005263649044343351,0.058968411766511686,0.08837458589240646,0.0013757879638926379,0.027872411630586055,-0.018841478110962148,-0.08738309073934582,-0.024102205996474942,-0.0954752636319812,-0.03421989298897583,0.10341767460047141,0.0014286287503052562,0.023229866581601696,0.08941128812960804,0.006689120122655592,0.035964457925618316,-0.0006172006149456624,0.023446759091492606,-0.011984123031828334,-0.04488471547080883,-0.02379637987809404,-0.050764959209124313,-0.025453117667732207,0.1231041694927655,0.0023544866726702544,0.0330667343838514,0.11302741408142479,0.01751717164529444,0.011286734548622536,-0.0051497961106717624,0.009245638318325873,-0.007810988681465227,-0.11427445859687374,-0.0432675246677305,-0.10658620560640204,-0.030736854032883697,0.14794786084909572,-0.013307539421490955,0.03195836821866116,0.11550992574699119,-0.029151054132485886,0.014170994733951208,-0.018895427153361247,0.014103489265218976,-0.027817828278925052,-0.14217393696673072,-0.0632079135307744,-0.1063963147752612,-0.009227068747662645,0.16430089401419795,-0.017126338328909068,0.024029263234684902,0.1274473816975704,-0.046035193958627124,0.022979923580140282,-0.02750444780843567,0.030330681182570256,-0.03713702719046653,-0.15121240313639867,-0.06692662502385399,-0.09893181231166723,-0.002530095913884978,0.20781691130874108,-0.024377591757112967,0.03453645267106145,0.16985644409434766,-0.04880855786257434,0.014845394896625166,-0.011137918623372496,0.06769583161997653,0.012169722360268797,-0.20575262293184127,-0.05323203284267969,-0.09062248762993866,0.07111570537606551,-0.48318736878906116,-0.429422347603683,0.08373286549630744,0.0,3.6988632160382703e+295,11.111546134782781
Liquid LFM2-8B-A1B,Liquid LFM2-700M,competition_math,JohnsonSU,hc_values_per_expert_standard_1_new.parquet,4.144107710896851,4.0,4.727677360491209,6.0,0.0004192044978176707,0.0,0.10949797219101437,0.005257678655338304,0.038044024663892145,0.04851378308895629,0.008845011637694668,0.002392058436904711,-0.09197366958170876,0.003272536695175166,-0.049023299853840366,0.20147164177272314,0.0019851419601631375,0.08706732451773251,0.008897381306523507,-0.02723079167974311,-0.012635639782297902,-0.03327401042293145,-0.02703772054513467,-0.0023435804194652434,-0.09021905234914938,-0.03539390931686691,0.1042227781728852,0.004996225946208244,0.032298549502285584,0.025833705321867007,-0.02170498770306181,0.04510918734934865,0.007852078438112808,-0.010886105889576381,-0.021568317308857325,-0.03125308175617132,-0.019348864770003388,-0.04239952641300884,-0.012756902526542368,0.12058792632544299,-0.0016853967641557743,0.04356562887740181,0.060177331559108836,-0.00907218887436354,0.01610506841244532,0.0018547269205420897,0.021172205108417896,-0.0028568711238943297,-0.10417983901918831,-0.04372872904884867,-0.03159987901593321,0.005281265980196221,0.1439094245356716,-0.006753566349160509,0.04468357088150883,0.06825857346153201,-0.02059169898526143,0.015722256229128487,-0.0088216031159669,0.027987088299484177,-0.013490830973621344,-0.1354246526877578,-0.06233070108316095,-0.03352413499869162,0.002575973921619533,0.15732494335211655,-0.008272381305222282,0.04263390188333645,0.058148467729425994,-0.031470905260902175,0.0213851181752236,-0.012732143558232318,0.022689983344239353,-0.022221619519212213,-0.14569102653302174,-0.06638000876509298,-0.0320139800619064,0.002742784085484294,0.19670005789618478,0.040108989764015,0.06214665604526745,0.060398395344167154,-0.022136602188197626,0.008979531493777691,0.017684689481892443,0.03474637959063273,0.021343856273707162,-0.20184348691895204,-0.04299417814261404,-0.016405652524501727,0.05478619223596954,-0.3398859908341445,-0.3979526516336337,0.0880097266378078,0.0,32.53993949039709,11.586737730711604
Liquid LFM2-8B-A1B,Liquid LFM2-700M,competition_math,JohnsonSU,hc_values_per_expert_hat_1_new.parquet,4.595997830000247,5.0,5.192155944073188,7.0,0.0004192044978176707,0.0,0.10982364626520426,0.005257678655338304,0.04475962201308411,0.0436206132040475,0.008845011637694668,0.005766205344554671,-0.09819173634869748,0.003272536695175166,-0.05419355872150079,0.20801538261390173,0.0019851419601631375,0.0989531807345849,0.019324282589472185,-0.02211077384827511,-0.014437242237134051,-0.03099500590350331,-0.043340409469241226,-0.006607036805854768,-0.0955187073698341,-0.04036166787144195,0.10399776568101096,0.004996225946208244,0.036565592362154245,0.030343004408475465,-0.019350942812252397,0.036145113513513356,0.00992095949960754,-0.021695665952149022,-0.020665412128846802,-0.045169723929186945,-0.02027822256066105,-0.06383402958418043,-0.013635751718099618,0.12598760127284164,-0.0016853967641557743,0.04715390067693754,0.06937516135662063,-0.007035099936811708,0.014233951631097499,0.0019750500474106604,0.013482049845633554,-0.0029200232710596473,-0.11282833474572034,-0.04738028663181851,-0.05330332582373691,0.003007212099329711,0.15173845633285124,-0.006753566349160509,0.0480186063273597,0.08315017450307952,-0.019057366524852386,0.01768512181922573,-0.009832351513988888,0.026647679175244465,-0.014889398734042669,-0.14115288202832632,-0.06750433125668297,-0.05195475771667793,-0.0012052145671340993,0.16560350963050666,-0.008272381305222282,0.04595862164385524,0.07818521941950375,-0.030024361232954114,0.025022339253555608,-0.013577793612788616,0.02694706191959742,-0.023578247976449328,-0.14971049431186387,-0.07134275079038577,-0.048269798949759066,-0.0008717742584499,0.20390037088193214,0.040108989764015,0.0669601511578195,0.08203565417903146,-0.019055703082567828,0.014404795745074396,0.01874155969538438,0.03830174081178386,0.022690147208830835,-0.20210003666713444,-0.046762074525629777,-0.03500941880016493,0.053339501211292766,-0.5479668606020278,-0.4261709870827403,0.07426283342045141,0.0,32.53993949039709,11.586737730711604
Liquid LFM2-8B-A1B,Liquid LFM2-700M,structured-wikipedia,GMM,hc_values_per_expert_standard_1_new.parquet,3.5512355691250836,3.0,4.152848010686003,4.0,0.05987024138918042,0.0,0.1204088003685112,0.027704300234630847,0.10392881722229852,0.12954916070634465,0.021001415547786978,0.15053298904316464,0.017661308472599495,-0.008269518969035692,0.06946591889804596,0.1027474918959117,0.03597381920366654,0.03446289832425256,0.1045880465474777,0.08789826648920677,0.11551243370245355,0.13784840859839823,0.01952224996236857,0.07338201048344985,0.020245760976220873,0.07287661023234811,0.13469637458113543,0.03272718355188083,0.1134241620881335,-0.022139704621570742,-0.009758614236373196,0.1560992839509867,0.19623492660810257,0.01220195467733733,0.10380872677345272,0.09218016818548522,0.17969707707563523,0.043966452239996706,0.17254237200155753,0.14068697905359767,0.04236530472134852,0.11421853053517401,-0.008089756668498557,-0.010589363195534501,0.20220809851087213,0.24819979501547051,0.08034964237144115,0.16471216280812215,0.13499079417149112,0.23164105813743552,0.12399885333421361,0.2475062794957314,0.10139584401780836,-0.018608753903570214,0.07989415556476823,0.014915429793885557,0.002966496041674022,0.21347121888015413,0.2664066877181384,0.13318684875350925,0.20947256449979382,0.19098609807851397,0.2878990933714451,0.16918481413263986,0.28790234034106804,0.0914744446394338,-0.018217960828609638,0.07280757356928097,0.04740977566217064,0.022813404847976664,0.23668346241230562,0.2840835828737114,0.1747905554280514,0.23165371722422692,0.22994367462749926,0.31539932336568083,0.1901027514781324,0.2950043282807033,0.11165067379619181,-0.02122444330653236,0.12007745264270045,0.06719420029222442,0.07813194568314033,0.2508202125094901,0.29597695593785844,0.16473630320716331,0.22917075176524304,0.2297992074106351,0.2829849726434752,0.1554306296819845,0.23194756942832734,0.4317560264860749,0.4069481961900542,0.4059233974996703,0.0,9.541074324968991e+295,25.930968988614186
Liquid LFM2-8B-A1B,Liquid LFM2-700M,structured-wikipedia,GMM,hc_values_per_expert_hat_1_new.parquet,3.7860414082625704,3.0,4.63223929014407,5.0,0.05987024138918042,0.0,0.11587035127190905,0.027704300234630847,0.11248368146091359,0.09491791043445587,0.021001415547786978,0.13645036853855386,-0.02466819448329175,-0.008269518969035692,0.0381063825602747,0.1405385457552008,0.03597381920366654,0.07437729890063888,0.1020113089193459,0.09766987854859015,0.0814487655839748,0.1237457123883832,-0.02458583063954404,0.04041504358696729,-0.023578521332823465,0.040464769815801174,0.13040704721281196,0.03272718355188083,0.12732041801977667,-4.075464012629233e-05,0.0029654463857366037,0.10426153710059549,0.17640436703623014,-0.045897320278210856,0.07124442495553121,0.015405118924474562,0.1325909402841618,-0.07137274589551333,0.10751438056777021,0.1444081379205774,0.04236530472134852,0.13653924134333917,0.023635387532282365,0.012967510802098495,0.14113887912549367,0.2304641747107436,-0.0030051489316741246,0.13647109617628467,0.042100101553872726,0.18070667781894684,-0.030656725830238266,0.18082532129641143,0.10936300531354035,-0.018608753903570214,0.10072768897167533,0.03969798966663738,0.02754118795492164,0.14789316710463024,0.2481777907296535,0.021347442617291882,0.18529592807867384,0.09076105632155991,0.24025966066338605,-0.012595214279409073,0.22815014357507585,0.10435124175802554,-0.018217960828609638,0.09304726936204545,0.06961745832600646,0.051137057351637365,0.1734651829097178,0.26969126815951516,0.05546732838855549,0.21517008134895227,0.12877575658195795,0.2739272058731893,0.0016121227229199961,0.24179315448029776,0.09958529907272776,-0.02122444330653236,0.12627359996232468,0.042283080394722915,0.08984194657752066,0.1834810182641533,0.28623012771463385,0.030758779539041447,0.21764643406667986,0.1499799951378316,0.2633945584745334,-0.0014479820205835392,0.20425943561349244,0.108878039294079,0.39227985370674756,0.29237953574400233,0.0,9.541074324968991e+295,25.930968988614186
Liquid LFM2-8B-A1B,Liquid LFM2-700M,structured-wikipedia,GLM,hc_values_per_expert_standard_1_new.parquet,4.102757370479916,4.0,4.683617975384029,6.0,0.0,0.0,0.14105647342548797,0.11389323609226323,0.12632629051565797,0.1376753732203133,0.14091578318717057,0.18104991795628428,0.0009577987208483595,0.04244314352099354,0.08174156775379021,0.1400986747046396,0.07145009257126969,0.04458472276186776,0.05171197080872354,0.0549619401180251,0.03295320197274708,0.12406226923741022,-0.023999811667505394,0.09805716568947458,-0.05968082018940684,0.07162021992433108,0.15772354781394513,0.11837326477080731,0.13159252674832045,0.051094240268445494,0.046353181403110566,0.1504051931483279,0.22190947413359635,0.03746887967738705,0.16825692842527976,0.056923275996283926,0.1994084501313404,0.0007255452136015204,0.21028771963273812,0.15392862466050045,0.09372037337963356,0.11787658924647297,0.05974085392982187,0.03288064782242652,0.16759538899913967,0.25232044029886536,0.08341829902820709,0.2076435668314747,0.06978561702153163,0.2334996224884354,0.053193969780828125,0.26191884940076887,0.11472680827365396,0.05747307144708013,0.06959086106458828,0.04736756551478209,-0.0008074481248462796,0.15379024924340584,0.24401827549481736,0.09807200136537468,0.21402700161765228,0.09331445302862959,0.2675173567355989,0.08624642944468051,0.29854243863393676,0.10125324121573673,0.03517314163886322,0.05472853038884426,0.04252339498327418,-0.009197236537485219,0.1649103542146067,0.2524172515559297,0.12993968973358508,0.22426446930312552,0.12024260438856221,0.29085721124488667,0.1335507896795251,0.31840016299199614,0.1069304747649671,0.007599449204025043,0.09506980037259705,0.09055083533835635,0.05288425757081643,0.1904719076108372,0.2715247892443019,0.13361472837097899,0.22944126555009536,0.1521012848415766,0.274873438287747,0.08980587755135971,0.25858382453026935,-0.4519197968381509,-0.550876729231127,0.10790207061566082,0.0,20.88974493545485,10.952000680100285
Liquid LFM2-8B-A1B,Liquid LFM2-700M,structured-wikipedia,GLM,hc_values_per_expert_hat_1_new.parquet,4.522087587062304,5.0,5.335893521610533,7.0,0.0,0.0,0.13448600600346428,0.11389323609226323,0.12737742155413495,0.11403102350883319,0.14091578318717057,0.18390487197062913,-0.02322013492952866,0.04244314352099354,0.084310327976838,0.15770614093299293,0.07145009257126969,0.04306709357729695,0.041601514692002226,0.054014067649321346,-0.00628447956697316,0.12711454661827254,-0.06481955454359886,0.10357122869944554,-0.08366363434821156,0.07499392380546925,0.15243712579201038,0.11837326477080731,0.13421469990251855,0.045626870255116206,0.04713493253286896,0.12228597805895147,0.2253191287071717,-0.011676582015885171,0.17280925765791835,0.018655419011216846,0.2017871896010044,-0.06982368160488904,0.2165113642807572,0.158306136905995,0.09372037337963356,0.1192920543142463,0.07046037194480614,0.03146218633176085,0.14628662461800834,0.2567118200950367,0.0339985231775327,0.21472829109616562,0.0339004481798397,0.23828087160130923,-0.029879658580495613,0.2736958849290405,0.13075235727725204,0.05747307144708013,0.0730122992255433,0.08132752495034198,0.0016141734221665116,0.14520066687227642,0.2467078110637613,0.06749216724645951,0.2191755117928017,0.06427071804072987,0.26764599623880186,0.007750890617136542,0.30313901957763023,0.12646696784440198,0.03517314163886322,0.059600830331192706,0.09651554224364953,-0.004659081600560347,0.1674423448914967,0.2534818836858728,0.11393729533641311,0.22728294850168185,0.09688228745247922,0.2871389379699246,0.05406343836806293,0.31772372922254877,0.13060796073067232,0.007599449204025043,0.0950231066565022,0.12897614119008938,0.052468164660222194,0.1921129057637398,0.2722390117402073,0.11891041796865767,0.23121588042624228,0.1303841932135324,0.2758967734767257,0.030701261205254095,0.2614231396844202,-0.709291214644474,-0.6284244843057062,0.08988099834843938,0.0,20.88974493545485,10.952000680100285
Liquid LFM2-8B-A1B,Liquid LFM2-700M,structured-wikipedia,StudentT,hc_values_per_expert_standard_1_new.parquet,4.210046751264192,4.0,4.539643163820246,5.0,0.008253029291098177,0.0,0.13678741535166364,0.06499877027713108,0.13637847736711864,0.13554050478915125,0.08017527857006537,0.17250195439273305,0.003774524151473032,0.023878801219653793,0.05609693386144009,0.1330128912001906,0.041119969057477286,0.08028154350567855,0.045204503870365835,0.0686972628421004,0.024267364055076363,0.10846775194112676,-0.027310814735730406,0.05778420850006486,-0.03892120621492116,0.038134767960966584,0.1537865539818663,0.0719530631543395,0.15127078425444165,0.05211958787253408,0.07577633234720522,0.15044035530141503,0.21242811767805636,0.035086938988194885,0.1521741172762678,0.06147279162305411,0.1620074687759924,-0.004221148501097187,0.15181081236570956,0.1564668826138922,0.060396962357860635,0.14795905997364672,0.07993101715702096,0.08038360661363064,0.18096168589367106,0.255864069709918,0.1044519350414485,0.2100047700163071,0.0863350997246079,0.2047153148938146,0.060775156256060864,0.21215086153753943,0.12372318863349974,0.04028394397968234,0.1062346322224702,0.07832574602580158,0.056317500975736144,0.1843482517458257,0.27030533013118835,0.15199315227083848,0.24470921840351634,0.1265160160983301,0.2653717331670002,0.12844706840596032,0.28079159163690864,0.11919266605270035,0.02818867746918411,0.09535955310070475,0.08363916018361561,0.04913467250274232,0.20614623244583702,0.28615367307475514,0.19948425613762,0.2650083928577495,0.15817088313603733,0.2942358998244802,0.18549765055681341,0.3124097272588336,0.13173086638651116,-0.017440555807630806,0.12487551144954095,0.1411815941261973,0.09833292069598037,0.23607639856105228,0.2971922913292161,0.20851154115376208,0.2575024469070803,0.18933015727442876,0.2797906418833529,0.14019621231185317,0.25062435120270493,0.12203757916085634,0.014438485305296076,0.24434383802046497,0.0,183.67289689556716,15.852236588033065
Liquid LFM2-8B-A1B,Liquid LFM2-700M,structured-wikipedia,StudentT,hc_values_per_expert_hat_1_new.parquet,4.442705848678561,4.0,4.970995134052094,6.0,0.008253029291098177,0.0,0.12874632777709275,0.06499877027713108,0.13795354118519904,0.11019323617744392,0.08017527857006537,0.1655353074969992,-0.020788110101371736,0.023878801219653793,0.04419745357244362,0.1495344378784645,0.041119969057477286,0.09375608761275542,0.03703541874119095,0.0700797349691637,-0.009990308988839815,0.09871841939086827,-0.06380604656892518,0.04239800804691652,-0.06275363936273752,0.02456766846863222,0.1460800968267636,0.0719530631543395,0.15754031288276454,0.04464442792053142,0.08269772319604249,0.1175198727361553,0.20461022173846236,-0.01436004021050613,0.14131806768367602,0.018402939981304274,0.14253349639988072,-0.07296240234444912,0.12702514948338445,0.15707803516234586,0.060396962357860635,0.15951176383411536,0.08087516340495428,0.09406242123206635,0.1512455453190196,0.2526842722548717,0.04680212310698208,0.20652061572150554,0.0424877159784507,0.18706653273248297,-0.02323604798999164,0.1918170497318849,0.1322461712434722,0.04028394397968234,0.11984794528262022,0.09052099140406232,0.07271031305793978,0.16055357667398107,0.26900534435748225,0.09485801541247066,0.24562769794060607,0.08416659312009393,0.24909070872520092,0.036016055534793416,0.2646891695647425,0.13304298052841987,0.02818867746918411,0.109094026214965,0.10483881102742189,0.06563064499326768,0.18595019935885426,0.2857312074030416,0.14302615050330988,0.2675605891946794,0.11547783222745091,0.27901875848043556,0.08522731996280838,0.2983602957473126,0.14040840705514468,-0.017440555807630806,0.13107620823178395,0.14608736435452196,0.10731235323186822,0.2144527195169476,0.2985514463212058,0.14981254551076795,0.2614984589038349,0.15099739292556708,0.2753735019028557,0.05521617414185479,0.24691620310771864,-0.07609462465387394,0.01441338804531834,0.19940516765507715,0.0,183.67289689556716,15.852236588033065
Liquid LFM2-8B-A1B,Liquid LFM2-700M,structured-wikipedia,StudentTSkewed,hc_values_per_expert_standard_1_new.parquet,4.301116305696022,4.0,4.1318576471710715,5.0,0.00019082148649937983,0.0,0.12009658459232846,0.07583040858880159,0.11515288986526509,0.1353858742935598,0.07980248335963845,0.17737915347458172,0.02626056028747218,0.008623662157890401,0.09179837863433497,0.09383602430485627,0.0672067464309112,0.023354511230930117,0.005098937992669592,0.04052672059321854,-0.013818423183039651,0.10259165216534363,-0.02602328541870802,0.08738993608251608,-0.030479345014745824,0.07541342492495136,0.14298363184090884,0.10563928463906828,0.12971210774144754,0.030556547494351615,0.04673707962829941,0.1610443491471295,0.2299653260079854,0.002389000060238584,0.15555063793485363,0.09051122742145279,0.21424711503732138,-0.03101006395902616,0.18971919648832547,0.13470862726958616,0.0948616498338491,0.11639423829329801,0.057820110313425536,0.043716204904664754,0.17632760944123688,0.25355287203827076,0.05735507705087936,0.1938682115426381,0.10414658398562628,0.23696152271395485,0.017496337619235056,0.22993021592736074,0.09793298748169912,0.05200795986691084,0.07625410780291589,0.050915293192242646,0.02210119156529019,0.16631144839096565,0.2588595144942323,0.08208951679899018,0.22120061213154313,0.12867573636277596,0.2812055610515367,0.06012023789163753,0.28463947611509416,0.08624446319963076,0.029207416691367283,0.06354925095726141,0.045573010209753004,0.0135606234804602,0.17401332722567298,0.26506199157588584,0.10492995803821288,0.23092342601439078,0.14882501529603254,0.29895087520498076,0.09588018862855914,0.30386889676277484,0.08547449624703292,-0.010418385746011264,0.09396264830135673,0.045414279974269764,0.05693516036800627,0.18460556495403962,0.2740282129934756,0.07443701229676211,0.22629406867911683,0.16579586280170858,0.27941506705386526,0.05509862083975612,0.2503901677994159,-0.4494749647361369,-0.5939641941868683,0.140530108270933,0.0,35.05009134589847,10.251714942513589
Liquid LFM2-8B-A1B,Liquid LFM2-700M,structured-wikipedia,StudentTSkewed,hc_values_per_expert_hat_1_new.parquet,4.75846770346341,6.0,4.675985115924053,6.0,0.00019082148649937983,0.0,0.11226192417648576,0.07583040858880159,0.11690109248131725,0.10839763025023266,0.07980248335963845,0.17630886786197808,-0.0008811130827813879,0.008623662157890401,0.08792151786157981,0.11314303725926714,0.0672067464309112,0.028979574619737436,0.005646037453352388,0.03783492973346014,-0.04213914350406114,0.09772660017631393,-0.0659888663448774,0.08428518211751619,-0.05874333710873713,0.07062780246797773,0.13600252115563843,0.10563928463906828,0.13335658596468739,0.02832783915326703,0.04603434144939868,0.12716592098893603,0.22772045548788616,-0.0404478606666109,0.15066947101660202,0.04510412414217027,0.20655007118115426,-0.09535567094452425,0.18289737729326244,0.1382919749369153,0.0948616498338491,0.12004237340113284,0.06530508112574379,0.04381649142774196,0.15094073560217625,0.2518474255528433,0.013138910083841913,0.19352496069259198,0.06323435969961193,0.23036979292818066,-0.05459360842493116,0.22932309930606104,0.10912049052135865,0.05200795986691084,0.08024986838268378,0.0704767984137259,0.023656408899555958,0.1498765783871321,0.2509476583628871,0.04405646581998767,0.21551775777682466,0.09379401156090145,0.26588989829375576,-0.01371270054524841,0.2750646946485889,0.10260705510874418,0.029207416691367283,0.06583097022486542,0.07608611525031907,0.012822508678778485,0.16342169163145884,0.2537445477696233,0.07116818435461983,0.22066723473112268,0.11674100125828032,0.2808646668801368,0.01666191552129029,0.29051835143934296,0.09624327972280192,-0.010418385746011264,0.08932821516011047,0.064795996504683,0.049007020830545964,0.16929787024496856,0.26496744515948284,0.039624830930237685,0.21719271359940395,0.13397860108994603,0.2717219419066641,-0.012170807205201795,0.2460801650424694,-0.7295630541950986,-0.6726702067592639,0.12131588976847774,0.0,35.05009134589847,10.251714942513589
Liquid LFM2-8B-A1B,Liquid LFM2-700M,structured-wikipedia,KDE,hc_values_per_expert_standard_1_new.parquet,4.184858315046275,4.0,4.735044365995611,6.0,0.003100849155614922,0.0,0.1215045410881562,0.0177832451020853,0.08283497957077951,0.11806300061759387,0.017152181831840998,0.1387758115453441,8.401360036213931e-05,-0.00016608280727004163,0.08169096427521338,0.12142052748779406,0.017949327909355342,0.0011440152955661254,0.0020518242076844875,0.009609876800006634,-0.0007216801015415122,0.07890622191549534,-0.003766728842686054,0.09657479105022837,0.0029225255655521737,0.08746216139824536,0.1427856204318664,0.03390659706743783,0.08669151781463728,-0.007821675485469904,-0.0021356181584646972,0.1422722934931438,0.18792723149897245,0.008472715200416325,0.1251555240200409,0.061161527819394476,0.1971237200758018,0.022029774720185566,0.19751455456945272,0.15416693539690796,0.049102812428844254,0.08895441152501322,-0.008378885258654111,-0.013584545270026567,0.18878847857350112,0.24161882571696647,0.05961617911529047,0.1710365126934973,0.10029646814015813,0.2505793484220299,0.09466560035940802,0.25995556370998674,0.11140691920850598,0.04197986933704553,0.05443121915047123,0.01488916571655042,-0.016123414372340616,0.20449275784921186,0.2689801253969902,0.11151596475722285,0.20850956896605344,0.16778764769671045,0.31855037221646765,0.13896740141092195,0.30658418690261713,0.10860971940813262,0.015718221953555628,0.055887039307379184,0.049926762349228805,-0.00577868005788659,0.23807223677892794,0.28913881553021487,0.14381667974384446,0.21459102637827043,0.2136087708873622,0.34041934426325726,0.1441566153392689,0.3015292623495059,0.12206822519754973,0.053013055317990596,0.1110267627318769,0.04747313359702353,0.04331065482077812,0.2554346780955084,0.298761619869115,0.13173313568812983,0.20202719196795066,0.22556378054056103,0.2959491880430686,0.13013825714362504,0.2298097698625147,-0.4042576633266155,-0.45083354407136,0.11984197903852767,0.0,12279248914.43113,10.95003644658189
Liquid LFM2-8B-A1B,Liquid LFM2-700M,structured-wikipedia,KDE,hc_values_per_expert_hat_1_new.parquet,4.609817765480393,5.0,5.3680469420856785,7.0,0.003100849155614922,0.0,0.11985463159286228,0.0177832451020853,0.0819760333546887,0.09538870941899913,0.017152181831840998,0.12897732452804833,-0.02942817411624514,-0.00016608280727004163,0.06913606587797172,0.1492828057091074,0.017949327909355342,0.01283996747671698,0.010936273341367625,0.007894612223952109,-0.030638392306327936,0.0665913606775516,-0.05726485064051256,0.08179274775401148,-0.03460782990645081,0.07421174658271822,0.1413138560597818,0.03390659706743783,0.08920329619127194,0.005122403368924112,-0.0007684296100767354,0.10874506507072534,0.17890235046723207,-0.04217957726660977,0.11348279464486467,0.010018773691824948,0.18003762835967405,-0.07153131914138249,0.17777587691512123,0.15917926093392715,0.049102812428844254,0.09534757446552507,0.01939297008264081,-0.008202169405725837,0.151233565276269,0.23919268644296698,-0.0074645832164869615,0.16711635796513255,0.04010028446965139,0.23984473001370682,-0.03227144339612592,0.24835289999084256,0.12420189305629045,0.04197986933704553,0.06185730595912476,0.048818474154077925,-0.008695578526870458,0.165922688240902,0.26895298406590284,0.026747210237787828,0.20810494273793376,0.10022518913728273,0.3106233485390344,-0.014781047614780727,0.298124317908192,0.12567400857579863,0.015718221953555628,0.06237474142811973,0.08705964593058005,0.0014667898790477047,0.20267243518184214,0.28937005018635187,0.05404703373998829,0.2145343428920419,0.14646038665966454,0.33382718969469993,-0.019359449810603408,0.29365017257537906,0.12444725980596878,0.053013055317990596,0.11517670424845697,0.05302066894924949,0.04884618566649677,0.22340804740666173,0.2998029692165687,0.04593479749440709,0.20342325778957385,0.17938751963156024,0.29317292452929133,0.008004290427747255,0.22603128789223975,-0.6329149013424122,-0.4963997221419608,0.09869054595815462,0.0,12279248914.43113,10.95003644658189
Liquid LFM2-8B-A1B,Liquid LFM2-700M,structured-wikipedia,JohnsonSU,hc_values_per_expert_standard_1_new.parquet,4.025236141589543,4.0,4.48316000381643,5.0,0.0014311611487453487,0.0,0.12421503819158897,0.030046959198355053,0.08833870594711105,0.12070980928351427,0.02264505189317678,0.13415721864809585,0.00010421347801269683,-0.009153979613108933,0.06773633514506824,0.12411082471357628,0.039200938811463984,0.020602370802042802,0.013592772314779341,0.02022878273691233,0.014917806101441283,0.0782992266309214,0.0023958745124904148,0.08150230082757874,-0.006560400981602713,0.06892995660444692,0.14178115046398565,0.03338537352724988,0.09184678426486717,0.010367851383052835,0.014029479573640606,0.14189078322239704,0.17975599763126826,0.02855264699970337,0.12387633693233992,0.06170706341196172,0.17836499823748742,0.03287012266709848,0.1775839398673463,0.15277841730331207,0.0374247310651285,0.09848223700345823,0.016877586404929087,0.009949750409776588,0.18704785246201994,0.23624645999348073,0.07786060335872928,0.17175625886560308,0.09933462998903181,0.23203012168468684,0.09284560705136426,0.2352640927903039,0.11180905840004139,-0.010902966389597049,0.05983880657791345,0.018691541521623934,-0.006165037556621326,0.19962654363879245,0.262608236931971,0.11979429466702642,0.20627589751363484,0.16055130632654702,0.3038896917665552,0.14648458322259986,0.29297967793754826,0.10900478946968259,-0.012680983950667751,0.05776006317009246,0.03222963443577415,-0.0074538355002454135,0.22999434128684232,0.2810813221561881,0.14804934031195235,0.21257504223753865,0.20201382518853475,0.3272780039152428,0.16886298174426514,0.3000516888529185,0.11972793670601438,-0.009263408325570932,0.11093955248654502,0.05776457468303024,0.05032823853358167,0.24975432292605412,0.2952739446602374,0.14412986838301883,0.20725651689011845,0.22016896852771792,0.291271042420048,0.1366273112042746,0.22999086468775584,-0.3414121585204126,-0.3687713614663726,0.13123025270655347,0.0,101.574067957919,12.106761384424374
Liquid LFM2-8B-A1B,Liquid LFM2-700M,structured-wikipedia,JohnsonSU,hc_values_per_expert_hat_1_new.parquet,4.413987214960405,4.0,5.168781604808702,6.0,0.0014311611487453487,0.0,0.12012987181968082,0.030046959198355053,0.08789891947916777,0.09382100529757607,0.02264505189317678,0.12632068078199712,-0.03199819189916802,-0.009153979613108933,0.05735910066644639,0.15212806371884885,0.039200938811463984,0.03053981881272138,0.013315392047717655,0.019600662489297226,-0.03189879303585264,0.06880274928572314,-0.06227162002293437,0.06915599100692157,-0.04847096397156677,0.057915806270852674,0.13843666180877495,0.03338537352724988,0.09426300002427127,0.012477163803656204,0.015600801801457757,0.10418274719794124,0.1725959773686613,-0.04512347259478547,0.11467983064705918,0.006115100296765618,0.16432611587848922,-0.08456149338892363,0.16144761710753122,0.15621384104116917,0.0374247310651285,0.10433618442299208,0.03412026789298463,0.016084445903673063,0.14441643554627426,0.23580604684782633,-0.01373794829256142,0.1708246075759784,0.03354425107393033,0.2247876565018115,-0.057791438831957385,0.2270800887908723,0.12358054674981188,-0.010902966389597049,0.06819575620984644,0.05025532102729551,0.0024642764768712556,0.1563654285119103,0.2650457278273222,0.01435525353823301,0.20898119206365284,0.08751211545930583,0.29842245120471095,-0.03346040800524749,0.2875679697142519,0.1258789052669358,-0.012680983950667751,0.06489915209542063,0.0737026100000798,0.00038187441319635765,0.18872677661072773,0.28249627249660414,0.04110482358175753,0.2140790148337833,0.12695125987118527,0.3216292767115042,-0.022524106872913605,0.2937192315738702,0.1210901852366806,-0.009263408325570932,0.1153629113360707,0.05888474113579724,0.056262559800274815,0.21007131907501644,0.29667134611140555,0.031648061411807156,0.2092244400615155,0.16455811104797935,0.2887046971199874,-0.017310243725051012,0.2265870969436116,-0.5734672936692913,-0.39961495117310775,0.10789638574591985,0.0,101.574067957919,12.106761384424374
