Big Model,Small Model,Dataset,Estimator,HC_File,Avg_Experts_At_Max_HC,Median_Experts_At_Max_HC,Avg_Experts_At_Max_HC_Pmin_rm,Median_Experts_At_Max_HC_Pmin_rm,Avg_Significant_Pvals_Per_Token,Median_Significant_Pvals_Per_Token,Pearson_Max_Per_Row_Big,Pearson_Inverse_Min_P_Big,Pearson_HC_Pmin_rm_Big,Pearson_Max_Per_Row_Small,Pearson_Inverse_Min_P_Small,Pearson_HC_Pmin_rm_Small,Pearson_Max_Per_Row_Diff,Pearson_Inverse_Min_P_Diff,Pearson_HC_Pmin_rm_Diff,Difference_Pearson_Max_Per_Row,Difference_Pearson_Inverse_Min_P,Difference_Pearson_HC_Pmin_rm,Partial_Pearson_Max_Per_Row_Big,Partial_Pearson_HC_Pmin_rm_Big,Partial_Pearson_Max_Per_Row_Small,Partial_Pearson_HC_Pmin_rm_Small,Partial_Pearson_Max_Per_Row_Diff,Partial_Pearson_HC_Pmin_rm_Diff,Partial_Pearson_Max_Per_Row_diff_p_min,Partial_Pearson_HC_Pmin_rm_diff_p_min,Pearson_Max_Per_Row_Big_Q50,Pearson_Inverse_Min_P_Big_Q50,Pearson_HC_Pmin_rm_Big_Q50,Partial_Pearson_Max_Per_Row_Big_Q50,Partial_Pearson_HC_Pmin_rm_Big_Q50,Pearson_Max_Per_Row_Small_Q50,Pearson_HC_Pmin_rm_Small_Q50,Partial_Pearson_Max_Per_Row_Small_Q50,Partial_Pearson_HC_Pmin_rm_Small_Q50,Pearson_Max_Per_Row_Diff_Q50,Pearson_HC_Pmin_rm_Diff_Q50,Partial_Pearson_Max_Per_Row_Diff_Q50,Partial_Pearson_HC_Pmin_rm_Diff_Q50,Pearson_Max_Per_Row_Big_Q75,Pearson_Inverse_Min_P_Big_Q75,Pearson_HC_Pmin_rm_Big_Q75,Partial_Pearson_Max_Per_Row_Big_Q75,Partial_Pearson_HC_Pmin_rm_Big_Q75,Pearson_Max_Per_Row_Small_Q75,Pearson_HC_Pmin_rm_Small_Q75,Partial_Pearson_Max_Per_Row_Small_Q75,Partial_Pearson_HC_Pmin_rm_Small_Q75,Pearson_Max_Per_Row_Diff_Q75,Pearson_HC_Pmin_rm_Diff_Q75,Partial_Pearson_Max_Per_Row_Diff_Q75,Partial_Pearson_HC_Pmin_rm_Diff_Q75,Pearson_Max_Per_Row_Big_Q85,Pearson_Inverse_Min_P_Big_Q85,Pearson_HC_Pmin_rm_Big_Q85,Partial_Pearson_Max_Per_Row_Big_Q85,Partial_Pearson_HC_Pmin_rm_Big_Q85,Pearson_Max_Per_Row_Small_Q85,Pearson_HC_Pmin_rm_Small_Q85,Partial_Pearson_Max_Per_Row_Small_Q85,Partial_Pearson_HC_Pmin_rm_Small_Q85,Pearson_Max_Per_Row_Diff_Q85,Pearson_HC_Pmin_rm_Diff_Q85,Partial_Pearson_Max_Per_Row_Diff_Q85,Partial_Pearson_HC_Pmin_rm_Diff_Q85,Pearson_Max_Per_Row_Big_Q90,Pearson_Inverse_Min_P_Big_Q90,Pearson_HC_Pmin_rm_Big_Q90,Partial_Pearson_Max_Per_Row_Big_Q90,Partial_Pearson_HC_Pmin_rm_Big_Q90,Pearson_Max_Per_Row_Small_Q90,Pearson_HC_Pmin_rm_Small_Q90,Partial_Pearson_Max_Per_Row_Small_Q90,Partial_Pearson_HC_Pmin_rm_Small_Q90,Pearson_Max_Per_Row_Diff_Q90,Pearson_HC_Pmin_rm_Diff_Q90,Partial_Pearson_Max_Per_Row_Diff_Q90,Partial_Pearson_HC_Pmin_rm_Diff_Q90,Pearson_Max_Per_Row_Big_Q95,Pearson_Inverse_Min_P_Big_Q95,Pearson_HC_Pmin_rm_Big_Q95,Partial_Pearson_Max_Per_Row_Big_Q95,Partial_Pearson_HC_Pmin_rm_Big_Q95,Pearson_Max_Per_Row_Small_Q95,Pearson_HC_Pmin_rm_Small_Q95,Partial_Pearson_Max_Per_Row_Small_Q95,Partial_Pearson_HC_Pmin_rm_Small_Q95,Pearson_Max_Per_Row_Diff_Q95,Pearson_HC_Pmin_rm_Diff_Q95,Partial_Pearson_Max_Per_Row_Diff_Q95,Partial_Pearson_HC_Pmin_rm_Diff_Q95,Avg_HC_Max_Per_Row,Median_HC_Max_Per_Row,Avg_HC_Pmin_rm_Max_Per_Row,Median_HC_Pmin_rm_Max_Per_Row,Avg_Inverse_Min_P,Median_Inverse_Min_P
Gemma 4 - 26B-A4B,Gemma 4 - 5B,lambada,GMM,hc_values_per_expert_standard_1_new.parquet,6.348133399701344,3.0,8.065256346441016,3.0,0.5716525634644102,0.0,0.10565096446884789,-0.0703771759412756,0.06365199938112862,0.11589782521968281,-0.07776036756753674,0.0751214052857436,0.04019566651942691,-0.028605907592121456,0.04160593340952986,0.06545529794942098,-0.04177126834915414,0.022046065971598756,0.11343299543537966,0.0672915932998295,0.1247430163768685,0.07929581346868982,0.04398202056594616,0.04345465859230282,0.04203255465643635,0.04142539624242852,0.1132160341442762,-0.04980826731941135,0.07619126047976864,0.11946002543484469,0.0799407620481465,0.12579603605586992,0.09016463624020579,0.13369216617823934,0.09504996098514507,0.07496453816431276,0.06973842780028472,0.08236947601814831,0.0746837413922089,0.034540492962800484,-0.043045717968906536,-0.00369282618125486,0.0434598758268107,0.002925655978513569,0.06324220270939272,0.02783282208212947,0.07404364599703855,0.03595666504598999,0.0972811110318525,0.09734641731352686,0.1050912082447838,0.1034839143299589,-0.011621434644269815,-0.03888380951354824,-0.0422485657629524,-0.0025000442553479614,-0.034920264971239436,0.019204650061407178,-0.0075649447741079155,0.030623210918510644,0.0017928715920820977,0.08854002098418334,0.09455877686406539,0.09680606825916414,0.10174284930657271,-0.03451860814447049,-0.03547188057496001,-0.06297135703818488,-0.0261919768722904,-0.0561793447466682,0.0014933001457580544,-0.022440073116838606,0.012071526960353322,-0.013604410931577486,0.09638445727626714,0.10491412347523521,0.10390105545300307,0.11162443743110281,-0.06382453981987007,-0.038711612514567985,-0.09416851404580327,-0.052839508428832754,-0.0849718826714345,-0.02976028931723699,-0.05467469652367034,-0.017527295452880325,-0.04427862562446047,0.08281011491404122,0.09345317241774637,0.08742708797584624,0.09770145752611403,1.6256286568272431,1.2767150889922805,1.2378378193896904,0.5976012323282274,3.58636137381782e+298,1756.0641700038973
Gemma 4 - 26B-A4B,Gemma 4 - 5B,lambada,GMM,hc_values_per_expert_hat_1_new.parquet,7.651020408163265,3.0,11.178148332503733,5.0,0.5716525634644102,0.0,0.08597037645824558,-0.0703771759412756,0.04118286228242707,0.09418206534310421,-0.07776036756753674,0.05253550636030484,0.0322930348280811,-0.028605907592121456,0.03982946506831182,0.05367734163016448,-0.04177126834915414,0.0013533972141152456,0.09364244754023583,0.0432286772707071,0.10290043060277723,0.054891559384988464,0.03605014461678682,0.04087308259037791,0.03489707372746115,0.03898602452359968,0.09224527860436176,-0.04980826731941135,0.050600405080247136,0.09710476315490654,0.05296842350071851,0.1039946137077549,0.06577517012580533,0.11022631859152751,0.06891106760940159,0.06633095287147056,0.0669609205138581,0.07239399585027154,0.07026072034621487,0.050548010260547685,-0.043045717968906536,-0.0053068955769254265,0.05734066370716348,-0.00044049982388752706,0.07220146761496704,0.02509871199690266,0.0801979042312766,0.030971688105610025,0.07898378276796282,0.09348939072108597,0.0841993295261123,0.09767880152184075,0.014218246062371735,-0.03888380951354824,-0.0376782920192457,0.02117228243581027,-0.032001435159488875,0.035970603281628995,-0.004611366879282555,0.04421704033569902,0.002390385527124195,0.06636738930297237,0.09060236549264356,0.07130949656708867,0.09543263409370217,-0.008267774653292197,-0.03547188057496001,-0.05552050796283793,-0.0017248030186510863,-0.04998287219304148,0.016536379736142526,-0.017791463784281036,0.024227556136063335,-0.01095736298693419,0.06868018227023295,0.09811851759898883,0.07283484164777511,0.1025413611960132,-0.014204007111413921,-0.038711612514567985,-0.07898513287550474,-0.004859438894364159,-0.07092671295131743,0.0058356389813540716,-0.046162911943487504,0.01556993478806106,-0.037456177484842354,0.051674578981448165,0.0775745638356187,0.053834163454167104,0.08022902229060838,0.7863257247731975,1.0039292882210824,0.7908527188406493,0.5573357253956377,3.58636137381782e+298,1756.0641700038973
Gemma 4 - 26B-A4B,Gemma 4 - 5B,lambada,GLM,hc_values_per_expert_standard_1_new.parquet,9.908486809357889,2.0,13.837008461921354,20.0,7.466401194624192e-05,0.0,0.004741681842560097,-0.0043077613327407865,-0.05522599948066792,0.009510144414280847,-0.00456315768212059,-0.05149492977355473,0.015951115409767135,-0.0011056684131922159,0.008826872210653109,-0.011209433567207038,-0.0032020929195485707,-0.06405287169132103,-0.040637641567944624,-0.0816353101371551,-0.03896541185995577,-0.07974639392730747,0.003046625674316925,0.0013130677483987913,0.016572540472875548,0.009084822428587127,0.028265903112833828,-0.0016304674938645688,-0.026936441586459782,-0.01811549149303085,-0.04943695839647975,0.03175836579499385,-0.024123039914841164,-0.017059870524268078,-0.047817043583374054,0.019947704443763262,0.0025012024481966552,-0.001209832102172098,-0.007699262235125921,-0.024557971517462758,-0.010500543419126152,-0.052419288545929185,-0.11140848096558328,-0.08219461165485002,-0.011807531676481544,-0.04540316318281849,-0.12650327792463756,-0.08673877484170352,0.03410493995155922,0.00988307533960972,-0.07180068485798341,-0.0324120315845216,-0.0484333723261946,-0.009071009466539492,-0.054416704006662396,-0.10004190239553219,-0.06755006226110262,-0.0385956205677211,-0.05093079645128061,-0.11850860664492133,-0.07522254861660421,0.020497416192257402,0.0007999261758639708,-0.07148155240714768,-0.034137088951838514,-0.05274341531144173,-0.0016694099167610566,-0.05066928461448818,-0.0864522064836123,-0.056819185746467306,-0.04605275988174032,-0.04805863539693295,-0.1127732549645507,-0.06646002595598227,0.011057340626815916,-0.0001341909702467681,-0.08709379565908754,-0.03558152861446162,-0.07593273977748483,-0.01502939781328172,-0.06158563316493037,-0.06996818012757312,-0.051967945337848466,-0.08409132244715482,-0.05709254272774213,-0.10803172527315578,-0.05523798144702806,-0.03139348552270486,0.0041849392347287516,-0.11073303683896323,-0.015422042169511947,-1.3638856824553816,-1.3559463781773418,0.04523379585852331,0.0,4.977600796416127e+295,22.666101511131487
Gemma 4 - 26B-A4B,Gemma 4 - 5B,lambada,GLM,hc_values_per_expert_hat_1_new.parquet,15.19855649576904,25.0,20.765107018417122,26.0,7.466401194624192e-05,0.0,-0.005448155338025956,-0.0043077613327407865,-0.05851989944750882,0.00248522851280544,-0.00456315768212059,-0.05511792233770544,0.025711289380535362,-0.0011056684131922159,0.007542083225118161,-0.031159444718561316,-0.0032020929195485707,-0.06606198267262699,-0.04747637598777354,-0.08194617248691766,-0.042051614955121226,-0.08021018511275267,0.014907772049045094,0.0007945674426224039,0.026237882318390714,0.007703794476523735,0.009537364808754643,-0.0016304674938645688,-0.028168489663626225,-0.03515018587366725,-0.05025416753325154,0.019272588926993538,-0.025469007570874072,-0.026985881133544536,-0.04873017012882932,0.036700532361508484,0.0017659022741920239,0.018984098947555816,-0.008254470628681976,-0.03793518759342493,-0.010500543419126152,-0.05506207053533569,-0.11754889536971803,-0.08383880447183194,-0.01900455685951174,-0.04691915941083413,-0.12067856217480073,-0.08678179726279031,0.05029920578222226,0.01278910926015081,-0.03584572325032996,-0.02778306229867015,-0.0606625819606922,-0.009071009466539492,-0.05736185324117496,-0.10840138524563979,-0.07005751743262859,-0.044240515768010386,-0.05265507376074098,-0.11433839143600978,-0.0760148198455285,0.03771823303829687,0.003875480037528864,-0.0360024379341368,-0.029513190143586353,-0.07646918595629243,-0.0016694099167610566,-0.054722979194286606,-0.11337319958774597,-0.06078859937225611,-0.0631694587277285,-0.050590698564843925,-0.1266717175982111,-0.06836466520866678,0.026175032408959027,0.0035547003629739816,-0.05420236186927476,-0.030322702391131093,-0.09061328272433468,-0.01502939781328172,-0.06311580294867451,-0.08831132158326961,-0.053656793340226154,-0.09923775436022969,-0.05758999682562339,-0.12315023438632385,-0.05574965946821779,-0.034497115218195984,0.006746765522675603,-0.10447268503702627,-0.012492830991402682,-2.226203736896106,-1.8359059815012198,0.04088358891533101,0.0,4.977600796416127e+295,22.666101511131487
Gemma 4 - 26B-A4B,Gemma 4 - 5B,lambada,StudentT,hc_values_per_expert_standard_1_new.parquet,9.39641612742658,2.0,11.952264808362369,4.0,0.017645594823295172,0.0,0.08225539542069378,-0.0006798883774625567,-0.03868063280240955,0.09542583530857979,-0.0001174258717160277,-0.030875436490656487,0.0483446456622644,0.0018046790629594974,0.023229979226319013,0.03391074975842938,-0.002484567440422054,-0.061910612028728565,-0.15540793082204454,-0.16767537332391746,-0.15422452558237873,-0.16788050918522213,-0.004043180243964255,-0.00912209888133146,0.05157710756792992,0.01963140999976516,0.08506057048780012,-0.0010490591964120036,-0.01817743458612416,-0.1413349107804113,-0.14522019087933513,0.10079365939016431,-0.010049657873488146,-0.13135023863134312,-0.14348934164275104,0.07832272741505916,0.023505441885034423,-0.00239382771150302,-0.031809342796688136,0.02345301794577468,0.0010183568149348756,-0.06257830185861929,-0.05542755099583138,-0.11329609546638773,0.053451305368944664,-0.0435542834671405,-0.055435261269458934,-0.11329447131922343,0.09878773388624197,0.04496311163056955,-0.012232309052119276,-0.024949014634740387,-0.014359995534108893,0.0001884839994451135,-0.0792758073143407,-0.05434584217859871,-0.10358735717131176,0.017171211870419714,-0.06011552151848088,-0.05618097727389774,-0.10468420855202366,0.09013632547573716,0.042533054741310375,-0.014665155313749866,-0.020861374192607612,-0.03217096249972547,-0.00021474872892226983,-0.08376927157381048,-0.05407358884443123,-0.09541189582604911,0.002419750953240158,-0.06270706584115804,-0.05816086654890372,-0.09685820251895323,0.09272637439507747,0.0469717751286748,-0.019521036868662703,-0.0180820889356973,-0.07398023885641733,-0.03423156253342897,-0.10607635445178874,-0.0437541822015882,-0.08823633123782913,-0.046862403520055246,-0.08140774997217587,-0.059297738802339406,-0.08393776097533497,0.06298700423943362,0.05238390648367682,-0.047471825662425686,-8.165996469557989e-05,-0.8375508276557342,-1.0791410195802495,0.16981141176484058,0.0,42156634.51880014,28.25859171062656
Gemma 4 - 26B-A4B,Gemma 4 - 5B,lambada,StudentT,hc_values_per_expert_hat_1_new.parquet,13.51254355400697,11.0,18.323519163763066,26.0,0.017645594823295172,0.0,0.07828481168355252,-0.0006798883774625567,-0.04317348303358565,0.09273273764018841,-0.0001174258717160277,-0.03491985143983796,0.05229306462850884,0.0018046790629594974,0.024423849492999337,0.025991747055043674,-0.002484567440422054,-0.06759733252658498,-0.11558117372061498,-0.1689940104845798,-0.11081588481073042,-0.16847834732909517,0.009471369011981015,-0.006873585220837101,0.05308894277057623,0.021034284089427636,0.07815827691560995,-0.0010490591964120036,-0.02099718320989766,-0.10611013872651268,-0.14363526170517882,0.09690006869677618,-0.011610521959272176,-0.09150257345287162,-0.1402130486307531,0.08697651695220296,0.027144946988068394,0.022676178650693445,-0.025576423978889287,0.028785755354679265,0.0010183568149348756,-0.06426613102408757,-0.03097587831303202,-0.11254110696081089,0.058866750422419074,-0.042425304787966744,-0.0265110507693342,-0.10852788135543007,0.10026300119049784,0.05335093205705081,0.007125012084314069,-0.012250931954121948,-0.008687523356608948,0.0001884839994451135,-0.08044202517950616,-0.035429178483003164,-0.10344110304863155,0.020411156368123996,-0.05805420220045908,-0.03612282731394614,-0.10007787384092644,0.0839745021819919,0.05181209939958855,-0.008075749493574407,-0.007663613532249173,-0.03071964784879981,-0.00021474872892226983,-0.08505797434728482,-0.04403164739293649,-0.09583403138794915,4.909282203663834e-05,-0.05990063195175416,-0.04817238513542133,-0.09167995858343207,0.08216994392658658,0.058322072844320796,-0.01820163691308389,-0.002250442781542849,-0.058352005706523394,-0.03423156253342897,-0.10815965833707673,-0.02016421934033909,-0.090759703002644,-0.04252592554896968,-0.07735583576919892,-0.04551775855847615,-0.07893228130343644,0.034836148371300266,0.06849136390102337,-0.07069123167451702,0.019789868536128755,-1.6326754660570637,-1.39467255663358,0.14459061796963055,0.0,42156634.51880014,28.25859171062656
Gemma 4 - 26B-A4B,Gemma 4 - 5B,lambada,StudentTSkewed,hc_values_per_expert_standard_1_new.parquet,7.675111996017919,2.0,10.962667994026878,3.0,0.09773519163763066,0.0,0.011784862922223527,0.0055118750112092335,-0.03713656347337936,0.0139619940066615,0.0030294863033529075,-0.029969847776023077,0.007879217385468429,-0.007809127823893093,0.021229275650350526,0.003905645536755098,0.013321002835102326,-0.05836583912372989,-0.029719023447659722,-0.06794749109201326,-0.02794462345340739,-0.0606666635439255,0.003983337938788436,0.01967204651768469,0.014708531504395888,0.023773715742359834,0.007335451079246436,0.021564831744692092,-0.033501447661892184,-0.10494305112206878,-0.09752695627356439,0.008138676450408052,-0.025322700337496583,-0.10089254504181172,-0.08628497145295211,0.004815558313726773,0.019501097079805567,-0.014464494104851637,0.012666872706207966,-0.04759582869676511,0.02982406126474769,-0.08235995512199568,-0.04981362957150531,-0.0842017663807722,-0.035309134908920396,-0.0649181967045468,-0.053297181199147906,-0.07505590423217572,0.02740014102926016,0.035518109744264385,-0.02228705330614362,0.009207829646331645,-0.07519553747521744,0.03720060971253795,-0.10545383238375548,-0.05147168648095833,-0.08976024245266871,-0.060466908401042345,-0.08818625079102721,-0.05633760909901551,-0.08354307813777251,0.030222273935980315,0.03243148338325454,-0.02338005556957545,0.0024542717264142023,-0.08770167930057554,-0.0002808585895272723,-0.11612114063594217,-0.04687733399298513,-0.09001187360100495,-0.06928087300504722,-0.09787127937421372,-0.051927949229231544,-0.08560842371849964,0.03894642786209121,0.03426284704354167,-0.02137853869705956,-0.0012809363038672576,-0.11021831201321522,-0.026974429943209317,-0.13824552037302737,-0.02938552640871787,-0.09097168179050626,-0.09711946064903638,-0.12363223174428077,-0.035181777063737305,-0.08640702224531302,0.02098579746770985,0.021475159253019772,-0.019271772960234423,0.00018291656908007504,-0.14730049087139044,0.031866623791099044,0.2305396763556956,0.0,7.46640119462419e+295,69.30129787823891
Gemma 4 - 26B-A4B,Gemma 4 - 5B,lambada,StudentTSkewed,hc_values_per_expert_hat_1_new.parquet,10.04151319064211,2.0,16.16254355400697,25.0,0.09773519163763066,0.0,0.011204173170527774,0.0055118750112092335,-0.046603931750156424,0.013284429121640502,0.0030294863033529075,-0.039092079980324115,0.007525127531822112,-0.007809127823893093,0.021775545957216418,0.003679045638705662,0.013321002835102326,-0.06837947770737285,-0.023223841883538116,-0.07738629738043412,-0.021550415450830265,-0.06974819457017303,0.004052689595682485,0.020261198311317737,0.013289021318854519,0.024149126471059868,0.009452330425788753,0.021564831744692092,-0.040440045660674134,-0.070647507374949,-0.10447963887856722,0.01154969062871936,-0.03133565861216463,-0.06574864113456688,-0.09220869629480734,0.009926035910453134,0.020849139031002516,-0.002153474475977644,0.014364294753826827,-0.031401419871167305,0.02982406126474769,-0.08688709884844038,-0.020985833393825416,-0.08918693680868493,-0.02112239048793835,-0.06690882487322034,-0.024024737836463375,-0.07681546235856411,0.024844877873826037,0.042384609839054795,-0.014289036665236392,0.01812275948488566,-0.05698771341554644,0.03720060971253795,-0.11017179239258626,-0.024413627156589228,-0.09538753704758551,-0.04633476134627172,-0.08948958125325521,-0.030944740357867068,-0.08478132086117919,0.02140814372095058,0.04164396812833949,-0.023505540291011033,0.014366070618849681,-0.07384912493677523,-0.0002808585895272723,-0.12148227748809307,-0.029339496062123622,-0.09669876259371091,-0.06118018728012358,-0.09910593158623562,-0.03786322870925811,-0.08693807710615305,0.024784730661692306,0.04509937825807986,-0.028504287499868778,0.012809951157914872,-0.07838293967470827,-0.026974429943209317,-0.14441325264930105,0.007091502549248899,-0.09901765387737772,-0.0739563057671141,-0.124878751655194,-0.007739443393114992,-0.08830496496002391,0.0018789188823066568,0.033825503104865824,-0.03849964459713925,0.015471643766180791,-0.6300982931862713,0.031866623791099044,0.19348908112322266,0.0,7.46640119462419e+295,69.30129787823891
Gemma 4 - 26B-A4B,Gemma 4 - 5B,lambada,KDE,hc_values_per_expert_standard_1_new.parquet,9.277551020408163,2.0,12.029193628670981,5.0,0.003658536585365854,0.0,0.03578253091153866,0.010098931707183094,-0.05721730590726104,0.0429274110765046,0.008110174079725353,-0.052645865616594414,0.025678553978671935,-0.0059039051455238,0.011462747981622085,0.010103976932866722,0.016002836852706894,-0.06868005388888312,-0.01114054788751495,-0.08990100071441266,-0.004919991715265963,-0.08627662276770622,0.019665094088753925,0.006394139393926468,0.02677159121647124,0.011810869209066899,0.05359209166386209,-0.002792102991586588,-0.018706355499725713,0.0031052530854706285,-0.05344352952646054,0.06226722267395646,-0.015120674133986135,0.010133365961039432,-0.051551598305845825,0.045012851269119275,0.007452575881807125,0.025368215952705598,-0.007851858876452648,-0.002438079624111734,-0.005503690157582847,-0.05061644958193379,-0.01198459972208182,-0.0575522956137465,0.018192012353347477,-0.03835992810932026,0.005054295282847642,-0.048188915235052275,0.06369767732612486,0.026616444017484787,0.05036326802227242,0.01607542923042632,-0.03587779895056731,-0.008191388126957619,-0.06370251709298265,-0.03624087952309176,-0.06391319963435393,-0.01771157986559903,-0.05415521618307471,-0.019898761322964288,-0.055960003693305276,0.0471417075551449,0.016995218334109954,0.04172872096773127,0.012275521647296847,-0.05435586138683741,-0.015193654429531592,-0.07104971860281334,-0.070553940073628,-0.07212344002867571,-0.03494125155462301,-0.06104342448990218,-0.07543124812238325,-0.07513037074677736,0.046677335656732676,0.0176948146487279,-0.024250869570998212,-0.019197555622049264,-0.07388320180823577,0.0035850781810506833,-0.07734930309794441,-0.053591675471678896,-0.060978262486901975,-0.06283923195461912,-0.06819869857634286,-0.06801321935937478,-0.06260132595359426,0.020107133667063636,0.01461554801319423,-0.04547402871614921,-0.012229363857312306,-0.6185694559441296,-0.6468775862037031,0.20207332309860604,0.0,7.46640119462419e+295,40.40093829961208
Gemma 4 - 26B-A4B,Gemma 4 - 5B,lambada,KDE,hc_values_per_expert_hat_1_new.parquet,12.153907416625186,5.0,17.167844698855152,25.0,0.003658536585365854,0.0,0.032693011634137736,0.010098931707183094,-0.06320300478994995,0.04015451389197558,0.008110174079725353,-0.05817126831344954,0.026526625165710607,-0.0059039051455238,0.01260300680919297,0.00616638646842713,0.016002836852706894,-0.07580601159914291,-0.010236863781515101,-0.0956426813378095,-0.0036529299554105142,-0.09152242493931997,0.02090821094729311,0.007667112719348738,0.02746644004541659,0.012949533846716993,0.040659964963665605,-0.002792102991586588,-0.025131366210123796,-0.007638709887784252,-0.0593836056681688,0.052133570996454826,-0.020220519106180106,0.0027244875211820314,-0.056040149313049376,0.0512844139994596,0.010340129885571304,0.0341018729696381,-0.004392588634875974,-0.0024274859705990534,-0.005503690157582847,-0.054577407375467166,-0.011113982664420641,-0.06157547078501459,0.020268713478503935,-0.0405681324168925,0.008339747788089021,-0.050368788426067894,0.07013518447813705,0.031171124350871958,0.05808576811465282,0.020903202596976037,-0.030370843923441204,-0.008191388126957619,-0.06932451244138255,-0.030096255563027623,-0.06967934311315531,-0.009415440041681072,-0.0573767410640121,-0.010723223965361435,-0.0592607418797625,0.05629071786453789,0.02307162578652035,0.05170128170648797,0.01851894126956528,-0.05352993051714941,-0.015193654429531592,-0.07409533271184798,-0.06439872958024741,-0.07521351938600324,-0.03331673272561496,-0.06145799899573752,-0.06575504493458656,-0.07486545570168028,0.04905001454847592,0.024659263161443953,-0.01338658231433078,-0.010173923272943206,-0.06495410885322889,0.0035850781810506833,-0.07547044008224887,-0.03904778507898703,-0.059046648512377835,-0.05754047274637569,-0.06497105710394893,-0.05681588827699231,-0.05902446474622669,0.01155136479173104,0.01845278836334594,-0.052534505767833646,-0.0075828598526823275,-1.1827579632361085,-0.7975473946724959,0.16805882768852787,0.0,7.46640119462419e+295,40.40093829961208
Gemma 4 - 26B-A4B,Gemma 4 - 5B,lambada,JohnsonSU,hc_values_per_expert_standard_1_new.parquet,9.179940268790443,2.0,12.140293678446989,5.0,0.12371826779492284,0.0,0.01702813864603442,-0.018874212310641632,-0.048475663485334636,0.018684412623454775,-0.022409281241106572,-0.04345838371835676,0.006494078091952897,-0.01277751229656441,0.013468631879502233,0.010534060554081522,-0.006096700014077222,-0.061944295364836865,0.020146044646773994,-0.047640157703372266,0.022814662084570555,-0.042261044003296666,0.0100066613929323,0.014718679138610481,0.009215706068983672,0.013454570350631254,0.027485747728033923,-0.016213315654516273,-0.019266500290133628,0.02910949693488985,-0.01900747840533841,0.030382976146463615,-0.01498816171578192,0.033485212851375255,-0.014124294405435637,0.017649969925791046,0.009725679533991866,0.023272289493667487,0.011919354419903903,-0.019369415469360295,-0.002213903275976738,-0.051847256439571825,-0.01734723294413493,-0.0510197524466461,-0.0045797499146179215,-0.040482651750466295,-0.0013138901452629417,-0.039268403037367235,0.04164104677746038,0.02355744441939671,0.045975471038102414,0.02495228521856564,-0.04514249245540519,-0.01611752918415917,-0.06949220542643042,-0.033889062316847206,-0.06315424541083048,-0.030181932991360412,-0.060189938370620664,-0.019128759571797084,-0.054548038959861135,0.03611733285375536,0.015270975750177253,0.03745411475921734,0.014298245735854278,-0.06262524163272057,-0.013733476408099427,-0.07571981048414858,-0.04200996074024619,-0.06158369546395764,-0.045412125341665686,-0.06455521513789973,-0.03355004009608663,-0.056679261896230675,0.03925049960821803,0.020268641536561632,0.017566423543107137,0.004618684835325734,-0.08170974220846099,-0.01596396358856037,-0.08633679002781237,-0.0438751122385254,-0.06210492238006985,-0.06788139832980532,-0.07571273934150086,-0.04265893460843307,-0.05851471646436854,0.02654523262510796,0.01740838866574658,-0.002429713893123414,0.001543657040895105,-0.31508031422771693,-0.28941083921596394,0.23828051442053427,0.0,1.8666002986560477e+297,41.87151032755611
Gemma 4 - 26B-A4B,Gemma 4 - 5B,lambada,JohnsonSU,hc_values_per_expert_hat_1_new.parquet,11.802239920358387,4.0,17.076928820308613,25.0,0.12371826779492284,0.0,0.014351801012757742,-0.018874212310641632,-0.05811979011768877,0.016904731189088914,-0.022409281241106572,-0.05302650476620812,0.00927229447249353,-0.01277751229656441,0.01312025973087511,0.005079506540264211,-0.006096700014077222,-0.07124004984856389,0.01713871370758741,-0.057295640842102195,0.02063661469224474,-0.05183037171735713,0.012543739352982567,0.014405078767831174,0.011800208286313564,0.013158684391556149,0.019484367789906892,-0.016213315654516273,-0.028754323262474558,0.02072270601616825,-0.02854198630214223,0.025290592764721728,-0.024076576096839095,0.027944813169847496,-0.023250887026614004,0.025654534041538703,0.008534779356353472,0.0309548253029911,0.010746451212287554,-0.015682158707648355,-0.002213903275976738,-0.06004707499860008,-0.013613110257390051,-0.059325413566523495,0.001486004545947852,-0.04737111717526662,0.004721072791210017,-0.04624369864519706,0.0498910448235297,0.02576944847980053,0.053993853733273,0.027199618927382298,-0.03634198701811898,-0.01611752918415917,-0.07989292653972033,-0.025072912244217337,-0.07390015990567664,-0.01857977283485581,-0.06838655940019744,-0.007386710791060513,-0.06301480013545914,0.04587435444192358,0.01994148277849449,0.04757759444996041,0.019123667840662547,-0.0570730628474745,-0.013733476408099427,-0.0838800179585342,-0.03440956872714796,-0.07077674405184303,-0.038683903657797544,-0.07018605159880106,-0.0237365501203357,-0.06295848114134303,0.04338569186139053,0.026190375298473602,0.024940596945884998,0.011457746290231425,-0.06253066020432624,-0.01596396358856037,-0.08914338370881994,-0.01850909261304471,-0.06556829869014176,-0.051794772885047316,-0.07677015986387017,-0.020340797886004156,-0.059900851925024125,0.020723715630539888,0.021720281385068877,-0.00727726442608505,0.0066348077388548215,-0.8320187256161224,-0.3049880429060302,0.20230768006575034,0.0,1.8666002986560477e+297,41.87151032755611
Gemma 4 - 26B-A4B,Gemma 4 - 5B,hellaswag,GMM,hc_values_per_expert_standard_1_new.parquet,5.671295314818741,2.0,7.929457282170872,3.0,0.7134831460674157,0.0,-0.028983608785890555,-0.010556312143292643,-0.02427720967563623,-0.03475983733653666,-0.015669349728823896,-0.026294801857480937,-0.02516419106269759,-0.021072635130341955,-0.009916678714699735,-0.003819417723192966,0.010516322987049312,-0.014360530960936493,-0.02524278607512448,-0.021232917389750274,-0.03002137213195852,-0.02241446866841723,-0.020903779483017897,-0.006354502115548132,-0.022489612321591062,-0.008212251206150989,-0.014545822768108944,-0.012370700437240919,-0.00961626315224147,-0.010162344912314929,-0.00612401310243221,-0.029636223615756144,-0.02031720052544838,-0.023984387651710404,-0.015736308759379956,-0.07620258353380245,-0.05377699365976979,-0.06864912600911692,-0.04739045840847209,0.01914154189980996,-0.02381882140014497,0.0034041814759218723,0.027000276866768258,0.009459268196506216,0.015379956610882064,0.004895789863215412,0.024847173178121084,0.01239672540701815,-0.011092781960436716,0.007611911798715724,-0.0016864598929319098,0.01578838007464175,0.060408969138621246,0.003071122855648016,0.03361192234795024,0.06202674670771164,0.03420452093197425,0.06325568088708361,0.04071892476906001,0.0670292924183554,0.04301567141927198,0.026081112999605534,0.03799540050106692,0.035636143153297876,0.04540550438714933,0.07930999273535565,0.02912783770762098,0.05155463475003925,0.07509725489583406,0.046833121174339444,0.08125517060336138,0.05785910917006806,0.08006981802674039,0.055858604101665876,0.02530222701636169,0.037395815046359936,0.037062526747247276,0.047754241645151754,0.08443419935372774,0.04730285325147773,0.035496610933172204,0.07476602306276442,0.023997990697876243,0.0898845820273171,0.05153303309582502,0.08390424722893747,0.043964273393907925,0.035883311483346135,0.07044195234267318,0.049264041286233094,0.0844187170163844,1.6558877224599107,1.3172392122207375,1.216923393099246,0.5450633903521014,5.496078015687936e+298,4410.654035578503
Gemma 4 - 26B-A4B,Gemma 4 - 5B,hellaswag,GMM,hc_values_per_expert_hat_1_new.parquet,7.1676383294466826,3.0,11.009804960780157,4.0,0.7134831460674157,0.0,-0.017726135910624212,-0.010556312143292643,-0.020667751592608287,-0.023532726104734163,-0.015669349728823896,-0.02272636124858093,-0.024387913568028014,-0.021072635130341955,-0.009791566752950218,0.006661777657403802,0.010516322987049312,-0.01087618483965807,-0.014183354338651737,-0.018152932781148462,-0.019096696564110876,-0.01953802901466024,-0.02056214043659949,-0.006916220236401839,-0.021612619263197994,-0.008573094456690912,0.0010478482385256503,-0.012370700437240919,-0.0024491251253031033,0.00515119290235766,0.0003670424175112723,-0.012442743867455808,-0.013489387675436941,-0.007171648334449558,-0.009799618731341912,-0.06289470320444161,-0.052701543997423966,-0.055924211435289924,-0.04758122626182957,0.03595881980571582,-0.02381882140014497,0.012968768120592451,0.042185433696907734,0.017482808055847707,0.030520955512984456,0.013615451689527092,0.037973221791537434,0.019171659076758753,-0.01361408260285534,0.0066589932053616845,-0.00639806806102195,0.01258626738692761,0.07333018845530148,0.003071122855648016,0.04337223698616566,0.07461118263887075,0.04377756440452492,0.07326481425888694,0.04948454818228891,0.07622574126864193,0.05109389390544189,0.01668877892739816,0.03602433536532616,0.024131309717374955,0.04125960166649458,0.07946928224179081,0.02912783770762098,0.05559025090556303,0.07592152788241077,0.05214956211364905,0.07923662653033735,0.06396848072937555,0.07776447312616332,0.06235542160320883,0.01628486910395761,0.0468912492480754,0.024225644634922144,0.05382330863958415,0.0863453583021862,0.04730285325147773,0.04164437571497984,0.07947429552016134,0.034094094174035534,0.08244029285216296,0.05485580702760626,0.07758130366037062,0.049591697603380475,-0.0014791780538378745,0.060079119620610084,0.005616900202916464,0.06810189057466437,0.8176375568885668,1.0039292882210824,0.7606000624567576,0.529868525126021,5.496078015687936e+298,4410.654035578503
Gemma 4 - 26B-A4B,Gemma 4 - 5B,hellaswag,GLM,hc_values_per_expert_standard_1_new.parquet,9.24316302734789,2.0,14.996926012295951,24.0,0.00052999788000848,0.0,-0.14325902496350174,0.005167137283332497,-0.15149390304514934,-0.15109767948954533,0.0019744538458265266,-0.15398864235862048,-0.042424708527154235,-0.0122218469416964,-0.02193481808738318,-0.1008343164363475,0.017388984225028895,-0.12955908495776616,-0.14241548861387474,-0.15032327341323712,-0.14933971386051498,-0.15183445679283744,-0.038670035598937724,-0.017881448718591354,-0.040672924753495265,-0.020348271887928215,-0.1281940355257536,-0.004852641487007571,-0.13040117455534622,-0.12478058013466227,-0.12695050853790132,-0.14507660440426629,-0.14097193777674843,-0.14040071759062256,-0.1360326577663771,-0.1269035622866791,-0.09811612738742703,-0.11961461742068771,-0.08974331863646215,-0.06429359417499471,-0.11260301450122015,-0.11897071210986977,-0.06237202445138412,-0.12653906256819336,-0.07223148675380546,-0.1237164456333173,-0.07360581347547444,-0.13069222223772295,-0.05400397576229618,-0.05582274300935183,-0.06800061762163197,-0.05532426597568713,-0.013325797677638064,-0.0810502384800919,-0.08374146768590571,-0.026149014839836286,-0.10725909429719767,-0.014468281171836536,-0.08461737176811801,-0.03919081323574928,-0.11389224276884218,-0.007941007750388885,-0.02309993119222187,-0.061525548645444905,-0.05302945696035884,0.004928018177914133,-0.05089223471022279,-0.06928482140762668,-0.03630841426051257,-0.10788363619215799,0.003700230125035214,-0.06904365726049858,-0.05021620367493501,-0.11325646759835833,-0.004033356074906632,-0.014038573944591118,-0.06565362450637431,-0.0456434002519504,0.00898171256186777,-0.043713515447770725,-0.057286440223460806,-0.0377328255993715,-0.09397644665722307,0.008049464070664383,-0.04593667009870402,-0.05784055277700194,-0.0889197438804122,-0.002272425039001647,0.036256811339200154,-0.08716281382102711,0.005061509207003745,-1.0407923099686927,-1.3087152210488378,0.12850001865307506,0.0,4.769980920076319e+296,26.05650424448626
Gemma 4 - 26B-A4B,Gemma 4 - 5B,hellaswag,GLM,hc_values_per_expert_hat_1_new.parquet,14.527718889124444,24.0,20.72376510493958,26.0,0.00052999788000848,0.0,-0.09698903066255507,0.005167137283332497,-0.14400293539000658,-0.1022688572299077,0.0019744538458265266,-0.14648493243853342,-0.02861512994498825,-0.0122218469416964,-0.021287902079379785,-0.06837390071756683,0.017388984225028895,-0.1227150333106268,-0.09413819566785561,-0.14250322405401347,-0.09850051896983697,-0.14403443739925575,-0.024712070630935487,-0.017341477713318686,-0.02705308052921962,-0.019825963479390463,-0.08068505765331463,-0.004852641487007571,-0.12043398974889928,-0.07540086201302233,-0.1165266103315296,-0.0926321511646169,-0.13144827638968803,-0.08600184396133544,-0.12615592548901047,-0.08607080166889161,-0.09648744395669073,-0.07773257351861551,-0.08844091290232868,-0.025403409635190964,-0.11260301450122015,-0.10919212301607617,0.005833878611805803,-0.11279931927627374,-0.028244034878385414,-0.11388120738954241,0.004404107751274413,-0.11686487448393022,-0.02002577581661961,-0.05271358794966228,-0.004637473963877261,-0.050928082642845984,0.006195306070839734,-0.0810502384800919,-0.07180561812778347,0.00852847864488298,-0.09130358683298964,0.00924191149394303,-0.07267716258604902,0.004864232397301446,-0.09780067422372372,0.014387380043365677,-0.020319741613794996,-0.013613629210045438,-0.04875945274431105,0.024286235707929118,-0.05089223471022279,-0.057203688014935555,0.0023652382293634553,-0.09203256732571091,0.028432553792811448,-0.05755435859248127,-0.0002929976237314727,-0.09802921088732765,0.022506003984654417,-0.013875796377695017,-0.010537989561238028,-0.044811270600175236,0.0112832905989406,-0.043713515447770725,-0.04645397416238352,-0.024624232080363306,-0.0798922711938777,0.013263623600918241,-0.03542935327156325,-0.03599434952164717,-0.07511137016547491,0.00983740526845453,0.03673479509846209,-0.049822798115053184,0.006245111175713797,-1.7716823434118454,-1.6564112794755221,0.0978382843273238,0.0,4.769980920076319e+296,26.05650424448626
Gemma 4 - 26B-A4B,Gemma 4 - 5B,hellaswag,StudentT,hc_values_per_expert_standard_1_new.parquet,9.078227687089251,2.0,12.486644053423786,5.0,0.009963960144159423,0.0,-0.06638727277653389,-0.0011897633970998859,-0.003732778639796363,-0.07036864469822711,-0.0017571579569319634,-0.0024397254527087327,-0.02104042973011739,-0.0023398929507525766,0.004819314928080066,-0.0453468430464165,0.0011501295536526907,-0.008552093567876428,-0.07855487213115495,0.016423057153207396,-0.08063508444655168,0.020335851749092238,-0.014446717625191586,0.016776017002813656,0.0071444856481655775,0.01803153087747963,-0.05087581511533854,-0.0018540102316028327,0.018882013800557505,-0.06679781604206445,0.037811303813811155,-0.0640836182959354,0.01315439159838909,-0.07334087063581343,0.039098000513617566,-0.08089138747587268,-0.0198415074851851,-0.05554442728766334,0.02008711049133581,-0.002766882160395913,-0.01529297405790351,0.005924572342596017,-0.04148889443012639,-0.010038717694871772,-0.005323082954393805,0.009418621979767663,-0.0468686002216854,-0.005976060246064394,-0.012148364071692716,0.01723166906539735,-0.035980235811476954,0.015085469752802439,0.03588104526861563,0.022204856522262936,0.024204783885272436,-0.009538581096710685,-0.0065996224702703065,0.040644688807127835,0.03188644843069866,-0.017401809672877723,-0.005069769666464769,0.028556627430683514,0.03826224863381288,-0.03561301024997912,0.004992451256671694,0.04724428917309427,0.023023415749759194,0.03395951692758992,-0.01691609937945832,-0.011145460592166565,0.053143527522693926,0.03934759894181686,-0.02054228054649043,-0.011846377487416515,0.03477576658389728,0.029767225535251796,-0.0186715363778589,-0.005295487823744667,0.04099384725526963,0.024240773578283262,0.024944137308852057,-0.011799698655551003,-0.013256674876286147,0.05171834134765091,0.04064531279143324,-0.015433411597182404,-0.005419445393222252,0.049955958306317896,0.0673505117292655,-0.016532697315172585,0.02942575563182555,-0.7250257060049992,-0.8137491284485493,0.14390620515118602,0.0,2429912.9545099884,32.881204220197795
Gemma 4 - 26B-A4B,Gemma 4 - 5B,hellaswag,StudentT,hc_values_per_expert_hat_1_new.parquet,13.424210303158787,11.0,18.080347678609286,25.0,0.009963960144159423,0.0,-0.053469812420178696,-0.0011897633970998859,0.0005815420722627917,-0.055290336187406655,-0.0017571579569319634,0.002167886018470319,-0.011461455064388362,-0.0023398929507525766,0.006323396169950759,-0.04200835735579034,0.0011501295536526907,-0.005741854097687968,-0.04773065185535876,0.02099813510590332,-0.04636731263247497,0.025175070009940414,0.0016134794235926522,0.018182943993184018,0.014432847498493986,0.018659810991584452,-0.03601129617360415,-0.0018540102316028327,0.027694017718342998,-0.032971090905794864,0.047863424110888196,-0.044310746208547816,0.022132565374725584,-0.03181752334103447,0.0491642603552018,-0.05233440633218969,-0.015782637295554548,-0.006826247576664951,0.023886803424108642,0.0071254696691956925,-0.01529297405790351,0.012113264823963925,-0.016467673370230185,-0.0015148033921072545,0.008788196070405697,0.015727524408973122,-0.01437436440922926,0.00261466423025861,0.009458587752371416,0.01957362188095604,0.004473052475434145,0.01787199916148176,0.031170334561719727,0.022204856522262936,0.029326695129371073,-0.009382149169744287,0.0015056780379576172,0.03911269707388,0.037449532091956714,-0.009733160889392583,0.003908290916594686,0.04098236902885449,0.04132316179826809,-0.0036408052258526113,0.010558938675255267,0.0445768847293763,0.023023415749759194,0.03945526400135118,-0.008735899257130043,-0.000924364329229794,0.055190015263341045,0.04651937280956514,-0.003251207880975618,0.0009183688704853014,0.053789504005067726,0.03792652013571979,0.020891900047758913,0.007449756341251917,0.03095863762600966,0.024240773578283262,0.022360575566833286,-0.01724828494105661,-0.013905281510304667,0.04220265986799153,0.03841618348066895,-0.01754011590584939,-0.0052683059486616605,0.050392366766410054,0.06835162525693064,-0.003952347666725736,0.03254186965399798,-1.3329484501653825,-1.0250601856383732,0.11969220721444927,0.0,2429912.9545099884,32.881204220197795
Gemma 4 - 26B-A4B,Gemma 4 - 5B,hellaswag,StudentTSkewed,hc_values_per_expert_standard_1_new.parquet,7.3768814924740305,2.0,11.699226203095188,4.0,0.08040067839728642,0.0,-0.07630817500338599,0.03188618758711868,0.012055744515205635,-0.08572373284769304,0.029463551508405343,0.012150764803168337,-0.0433332369859126,-0.007047204307939633,0.001335973204857855,-0.03297493801747339,0.03893339189505832,0.01071977131034778,-0.09661984004788718,0.009087972410698596,-0.10288998927217542,0.012387542093884768,-0.03253495485832248,0.013787458993034204,-0.038936557507353205,0.0038309383269474894,-0.058809698883632695,-0.0069704422339870505,0.03477893175827472,-0.08618042487098523,0.055548107267719436,-0.07952571331982686,0.027802766951704305,-0.09377890546333384,0.061571968443604914,-0.11906514137515084,-0.019782451912717165,-0.06781047928765924,0.04901303852975115,-0.013671629227647522,-0.020548473074851838,0.020114375083821877,-0.0571208824179333,0.010974349280152005,-0.024497795291867155,0.020837397943255474,-0.06170285380670441,0.019102868133133295,-0.05202226451405157,0.00908599246126727,-0.037078976032740886,0.03930027480395647,0.033262391882535255,-0.026997879609601302,0.03694226276444937,-0.03211037506900811,0.0031393050558473153,0.02633586727352892,0.03878472054566075,-0.03726581447904746,0.00907582801930576,-0.021755002328757836,0.016381498087555665,-0.029345157122420112,0.02593542970937138,0.053990474896868874,-0.021634795447005035,0.049667678874282015,-0.040357192379142294,-0.007002434789044139,0.04932058773848019,0.04897339597748611,-0.04217008757146825,-0.00432848365861011,-0.0076891796444979715,0.007896574416987923,-0.01629936045745069,0.009550820906870521,0.058908505354601355,0.009686538616260029,0.023015729687114305,-0.01092414003093113,-0.030440437884085115,0.05988422282627735,0.03408935072142974,-0.009714260610112898,-0.016624961867725135,0.013650148659666256,0.04839542789949581,0.0030627200855628746,0.05047873237738712,-0.17311888466428224,-0.09272449438801189,0.18707649141319743,0.0,1.0599957600169598e+296,77.29661839486073
Gemma 4 - 26B-A4B,Gemma 4 - 5B,hellaswag,StudentTSkewed,hc_values_per_expert_hat_1_new.parquet,9.438573245707017,2.0,16.198484206063174,24.0,0.08040067839728642,0.0,-0.0895631567386107,0.03188618758711868,0.013271517224103298,-0.09841288404359685,0.029463551508405343,0.013541191865136425,-0.042149747998972524,-0.007047204307939633,0.0021238826186231684,-0.04741340873963818,0.03893339189505832,0.01114763460548013,-0.10742040125227066,0.010444426034749982,-0.11330004723833917,0.01386498383028285,-0.031851317684299475,0.014374701812107706,-0.038028618521806834,0.004422258841151907,-0.07068267537233718,-0.0069704422339870505,0.04025425627898465,-0.09032649981041928,0.06158184544557209,-0.08878284935164732,0.03304362911123375,-0.09514615314968981,0.06700759617652507,-0.11121267425991742,-0.018844692426667912,-0.056260182193689605,0.04843694556537913,-0.022231366160171143,-0.020548473074851838,0.022381226141958553,-0.0579378312493572,0.01398579588600913,-0.030281117557842446,0.022152851025394257,-0.058606995777214836,0.020609240947277598,-0.042207266532150824,0.005527935344643361,-0.01994851416694252,0.03350136851306574,0.01746334109930129,-0.026997879609601302,0.039280265909817244,-0.04418008484157745,0.0073429111943434065,0.013418831671202173,0.03995403697024354,-0.04445216749557079,0.01163045226737076,-0.013156384136240654,0.011953282255773941,-0.01141257002124892,0.01990977725529911,0.03874397579894735,-0.021634795447005035,0.054605809735960506,-0.043813717049873864,0.0024237827359017577,0.03770646435842543,0.05425225138972863,-0.0401967180996346,0.005300944770006295,0.004098568989832293,0.010384772536344313,0.0054393945584576536,0.01244563969653099,0.040356668561714854,0.009686538616260029,0.021746663914530895,-0.026962364834253877,-0.028167170873650515,0.03941792117338605,0.0320080197563013,-0.028897395164365937,-0.015748211412796365,0.002878626006149479,0.04491472502742637,-0.012204641988193722,0.04524400420814605,-0.5464383560458541,-0.0963605356944045,0.15524340154226912,0.0,1.0599957600169598e+296,77.29661839486073
Gemma 4 - 26B-A4B,Gemma 4 - 5B,hellaswag,KDE,hc_values_per_expert_standard_1_new.parquet,9.540597837608649,2.0,13.659158363366547,16.0,0.119249523001908,0.0,-0.05770853033862678,-0.09034330426393272,-0.04422574934054849,-0.06214638806514711,-0.09241403038945897,-0.042959413020683346,-0.02215564636615186,-0.015387679581174601,0.0014891979148873033,-0.03555288397247492,-0.07495562468275813,-0.04571494725543579,-0.032704862418822575,-0.023148711678564297,-0.036768184684460616,-0.021372823212565954,-0.018570221411047565,0.005177197612836566,-0.018679286883662806,0.004902114717110449,-0.034435528401974246,-0.09445656889392062,-0.00810150209815772,-0.008009069687966018,0.013629293778014934,-0.04712224627168944,-0.015591407300350198,-0.019590803389047586,0.007247014848720562,-0.07232875613155473,-0.03815025852538656,-0.05710120317441039,-0.024820100718636693,-0.007738939733278948,-0.07214894882505551,-0.021492906187757704,0.010190093405121272,-0.006154235657531889,-0.00945317489958032,-0.02046740357054723,0.009678622658039876,-0.004007484042546605,-0.009866379324409546,-0.0017321301208981011,0.0006911427226625248,0.0077181306317812524,0.037072621605201694,-0.052364816246410435,0.006248380594612867,0.05015760928742841,0.01644366935837177,0.04193370957640884,0.00889845909320992,0.05519597212298282,0.01918523344362997,0.029246654564322544,0.01271365666551537,0.03297855813388991,0.015438816717195132,0.051046580779032395,-0.038410923098638194,0.01635243130470501,0.06363445111832919,0.024549370529054683,0.05642535789785501,0.01801240247624758,0.06650442567011786,0.024263188153025316,0.033437958134327685,0.010449423879229116,0.02583121152003286,0.0041733679517121335,0.03544304434740086,-0.05827905073392424,-0.00247365539197234,0.04870933036522095,0.006478263893125689,0.04146080554116209,0.011855972866224484,0.05327953444218902,0.01985595170029342,0.030084257136187235,0.057302535813400425,0.026487431989891185,0.054900958679337766,-0.5902698165166723,-0.7600927044519394,0.21172779966851418,0.0,1.4892940428238285e+298,41.86816468873745
Gemma 4 - 26B-A4B,Gemma 4 - 5B,hellaswag,KDE,hc_values_per_expert_hat_1_new.parquet,12.889230443078228,6.0,18.73319906720373,25.0,0.119249523001908,0.0,-0.04562816160080713,-0.09034330426393272,-0.05952517105397431,-0.04933199098192416,-0.09241403038945897,-0.0582224414166068,-0.01828918738269936,-0.015387679581174601,0.0004149326398296396,-0.027338974218107766,-0.07495562468275813,-0.05994010369380395,-0.025766855336956912,-0.03561338358924379,-0.029136238317398394,-0.03370675506939356,-0.015292603459812745,0.004713716550897569,-0.015480070842892166,0.004491054351972093,-0.02313614906543795,-0.09445656889392062,-0.019990806110202555,-0.0022974071468221794,0.005269137722510934,-0.03359672643260007,-0.027228581220506344,-0.011767701026090711,-0.0006841035593980121,-0.0576808492893258,-0.04139208371275251,-0.04512509232207377,-0.025893699364505487,0.007860551809249558,-0.07214894882505551,-0.02837890103046098,0.021849373249553283,-0.012140666850529787,0.008866978677540664,-0.02764949038600298,0.023839905612023992,-0.010216474756363213,0.006761967322301226,-0.005058115195120917,0.015147980625909259,0.00499679997875613,0.04744350492814012,-0.052364816246410435,0.0006460386366578166,0.05784270706150151,0.011262262366067664,0.05521652076828228,0.003374583879596017,0.0657875858373203,0.014090709890117637,0.044027518141450755,0.011751051724273402,0.04709455384839052,0.014610833739639277,0.0651306987283525,-0.038410923098638194,0.010920917892341075,0.07599531068268246,0.019746471623060778,0.07509917453622958,0.014008014596223226,0.0839213338769839,0.020753348230446726,0.05557206344789526,0.01520200227698444,0.049548416723834116,0.008499109729179853,0.04364746293980368,-0.05827905073392424,-0.00889812855362533,0.05458938080010922,0.0010836360747054148,0.05073382007292193,0.005820919734283739,0.060479270152433665,0.014761946648196607,0.035741710884259585,0.0578107632908156,0.032774818514054435,0.05521342930598076,-1.0922189691848965,-0.9206725984975483,0.18427440431131806,0.0,1.4892940428238285e+298,41.86816468873745
Gemma 4 - 26B-A4B,Gemma 4 - 5B,hellaswag,JohnsonSU,hc_values_per_expert_standard_1_new.parquet,9.169175323298706,2.0,13.628789484842061,15.0,0.12735849056603774,0.0,-0.06394614583237672,-0.039275975865401866,5.188606494958706e-05,-0.06948981965077261,-0.04294945464843233,0.0010227715911115547,-0.027028001654415074,-0.017663275663889443,0.0038458802175925693,-0.036918144177961645,-0.021612700201512423,-0.003793994152642982,-0.05681553781416209,0.00019126257903148345,-0.06163003725359319,0.0011771415916751152,-0.02351979473185035,0.003913142707395659,-0.02390341001032253,0.003531450456591621,-0.0444654069318554,-0.03748062496243082,0.025434944395860394,-0.037124825579283996,0.025765737132771152,-0.05908030475551209,0.018025390579189553,-0.050705473973637186,0.018407501342819342,-0.08510648229656734,-0.02529282910175254,-0.0774794715836558,-0.02495781595219464,-0.019775790390076927,-0.033264271234278345,0.006452564699801074,-0.012521697530785773,0.006988744767131115,-0.023523607375939413,0.008357440082946192,-0.014517897631706177,0.009024345565525048,-0.02240552257014344,0.01033613997015102,-0.01250167191558258,0.011065968775841841,0.02298938293773115,-0.0219183001957746,0.02256913304110853,0.028490757756133005,0.022817785135144052,0.023565769949231825,0.025772473346843214,0.032369837908100225,0.02619538053792171,0.007769915382099137,0.01884229345720698,0.023075358357432275,0.019634167659004904,0.04082434403406986,-0.005725446821857893,0.036544184576910846,0.04229704375444284,0.03660160006783587,0.04254320700150754,0.0376736055191778,0.04728403786670052,0.038062807953667545,0.016006775691745787,0.0126276474776035,0.029938450491756446,0.014023454395553596,0.03910854509029179,0.010844530143903023,-0.0012883417046099703,0.03709957036555547,-0.0015346349349991447,0.04114538400148604,0.013131469523446637,0.04143964680773406,0.013090983994726626,0.014656458876754347,0.05786132625088595,0.023638410337723067,0.05870756481738695,-0.2818896520632204,-0.21924429167451243,0.22274930053838088,0.0,3.7470850116599524e+298,47.74075535617802
Gemma 4 - 26B-A4B,Gemma 4 - 5B,hellaswag,JohnsonSU,hc_values_per_expert_hat_1_new.parquet,12.179351282594869,4.0,18.38440746237015,25.0,0.12735849056603774,0.0,-0.0661571761711092,-0.039275975865401866,0.004793943302220612,-0.07088103341122601,-0.04294945464843233,0.005922306085633753,-0.023960087119409227,-0.017663275663889443,0.004846613858762041,-0.04219708905169997,-0.021612700201512423,-5.2670556541428715e-05,-0.05911064312945968,0.0051707878812069135,-0.0630890503282121,0.006338677068884307,-0.0203951132572888,0.0050257694107319634,-0.020757768887161382,0.004636582991340175,-0.04414367200836926,-0.03748062496243082,0.03185426400765066,-0.03688848856903777,0.03244478586711476,-0.056450039547804635,0.025127979254645938,-0.04811415944209297,0.025813991422111267,-0.07415738438577293,-0.019698666541096477,-0.06634473549607613,-0.01906747420859973,-0.010792564941765531,-0.033264271234278345,0.008047450149740353,-0.0037018219773449607,0.008737159466277379,-0.012067312059232626,0.009975782791540207,-0.003255226995663697,0.010833106532999999,-0.008809178079324654,0.010906314866926376,0.000903967271622892,0.011842641955426688,0.030002973998085172,-0.0219183001957746,0.022925324593889223,0.03530469290933673,0.023258788799393932,0.03367421007027649,0.025838119682626056,0.042156050355492705,0.02640228803931382,0.022551754230111715,0.017689330137340305,0.03729967008318625,0.01873891903520006,0.05272456796796214,-0.005725446821857893,0.03559194633912162,0.05428935438478567,0.035654663265958626,0.05922932577093658,0.03755292954948261,0.06394301922722483,0.037974777158358605,0.03848225122239543,0.01587722910725909,0.05196942910721471,0.017394074292487228,0.0516191240734037,0.010844530143903023,-0.004214112347220239,0.04991107168894049,-0.004509895702697917,0.05430741464271717,0.009362557258285498,0.05474011055619307,0.009313724485825669,0.019344483629570836,0.05398289742412841,0.027730561446455134,0.05498183625918787,-0.7164110793086239,-0.23588633125268343,0.18404984959158938,0.0,3.7470850116599524e+298,47.74075535617802
Gemma 4 - 26B-A4B,Gemma 4 - 5B,fineweb-edu,GMM,hc_values_per_expert_standard_1_new.parquet,5.480361005949161,2.0,7.776085528857298,3.0,0.7033869659275284,0.0,-0.10199090286424317,-0.01145251854781299,-0.09778923302339305,-0.10261702924355964,-0.01751009847106059,-0.0950902081891154,-0.018916902828889838,-0.01748093996408949,-0.009675064286343411,-0.08307400003535334,0.0060284214162765,-0.08811416873704964,-0.09604481091084081,-0.09168231280982546,-0.09424141828599948,-0.0864853640395047,-0.01160234211925591,-0.0021661856033924187,-0.014224008070499896,-0.005021138998187123,-0.07696427702915003,0.0009881058237840336,-0.06775223464539532,-0.07467520818685482,-0.06495962713251989,-0.06996541484378098,-0.05465935120197492,-0.06460063895228192,-0.04860921502804003,-0.01107648449985226,0.00764186537379001,-0.0024764399007010064,0.016881637705477716,-0.055309830404164345,0.0021523443459919986,-0.046905523406524756,-0.055022020445781195,-0.04612850856937549,-0.03406932893426086,-0.01849090650318084,-0.03090168448662211,-0.014628345255761165,0.033019929744069074,0.05134061201218337,0.039564794134154396,0.05847521456271676,-0.05315115441965973,-0.00023759951571368726,-0.04936113939649396,-0.05232204607212714,-0.04828614131046195,-0.024930061031660726,-0.015829669809347958,-0.02134485826917493,-0.011867485495501793,0.04907162469921013,0.06109824291672986,0.055084835037066744,0.06743809704252873,-0.05306097831860801,-0.004411309366112155,-0.051001388503709805,-0.05078388527383818,-0.04860703549883992,-0.01555787605401686,-0.010160806706254234,-0.010751378748786502,-0.00519999020547715,0.0671976399790293,0.0743537986605404,0.0727383115574355,0.0799892841907759,-0.047625933285832936,0.004187000271423776,-0.048485800439082,-0.04842874569737948,-0.04917941746123727,-0.0029977794718129393,-0.0033255149467647533,-0.0005173013506300318,-0.0009744298339279435,0.07839389800796906,0.07928789146442676,0.08453863927569352,0.08499325085888985,1.5254086853913011,1.0039292881010995,1.1949805612572872,0.2187243131666503,1.2468129490844472e+298,1808.101468524043
Gemma 4 - 26B-A4B,Gemma 4 - 5B,fineweb-edu,GMM,hc_values_per_expert_hat_1_new.parquet,6.775650931005177,2.0,10.768113072703391,4.0,0.7033869659275284,0.0,-0.0648628381019444,-0.01145251854781299,-0.09250259812275399,-0.07463747020970862,-0.01751009847106059,-0.09033541613701707,-0.03608016667062311,-0.01748093996408949,-0.010141886886737757,-0.028782671431321294,0.0060284214162765,-0.08236071123601624,-0.05893491271595786,-0.08631906088647844,-0.06732273159796114,-0.08187068743630287,-0.0314577922533971,-0.0031790790013622163,-0.033061229908380764,-0.0059116877939777174,-0.0454563851568215,0.0009881058237840336,-0.06337799047001248,-0.0423903084764633,-0.0603937481045472,-0.05567659819732743,-0.05285412618483992,-0.05110371560195957,-0.04703497038053385,-0.04255757117018264,0.0028234814090691684,-0.037618722339312856,0.011072212907586655,-0.022800099356494158,0.0021523443459919986,-0.041835554838304,-0.02127895034609113,-0.04075285737206183,-0.028341096410535515,-0.01751436353302358,-0.025802834632127424,-0.013865528627358351,-0.01846619704058426,0.043497932082974894,-0.015778609963819322,0.04954735212976306,-0.011221502884691502,-0.00023759951571368726,-0.04265003264773089,-0.009158937782643112,-0.041205395997406045,-0.012306730819743959,-0.013125029325055243,-0.009473966775188851,-0.009295896414964257,-0.0045732791671873755,0.05396267890430162,-0.002521607313776254,0.05931136899662979,-0.004239007580277379,-0.004411309366112155,-0.04296253150560633,-0.0010861148467305032,-0.040218744392686134,0.0014899888027617133,-0.005943219095817314,0.005072630811466681,-0.0011260770394920122,0.010935721125891222,0.06796340902887829,0.012356455493393238,0.0726555210445814,0.00963323618788155,0.004187000271423776,-0.038456260328963134,0.01097841441567022,-0.0386233889624342,0.022320975857988673,0.005675057749413491,0.024544040858052212,0.008395985613836573,0.02552134775622552,0.07872687265053502,0.02738118547397425,0.08420688773747202,0.6332400886877501,1.00390378511819,0.7235777853018066,0.21385889333274627,1.2468129490844472e+298,1808.101468524043
Gemma 4 - 26B-A4B,Gemma 4 - 5B,fineweb-edu,GLM,hc_values_per_expert_standard_1_new.parquet,9.567111566097504,2.0,13.63952039712586,13.0,1.9315460094259445e-05,0.0,-0.11928269478302164,-0.00184922960639903,-0.08908138792832271,-0.1341669197305707,-0.001977699602864773,-0.0968847466514102,-0.05842247306467756,-0.0006433833354396582,-0.035134665717537934,-0.060860221718344085,-0.0012058462709593717,-0.053946722210784774,-0.05554278617371144,-0.035760042750700285,-0.0664267162025661,-0.03801147439153354,-0.036963390444966895,-0.011671205558174231,-0.045587740185571234,-0.025312408298139005,-0.09719541408631963,-0.09262936138011592,-0.07695310176175235,-0.0569506212803963,-0.0386456989887253,-0.11351140824653985,-0.0835857869720055,-0.07250616281537849,-0.03979134875770628,-0.07710412725023208,-0.04527557457943806,-0.059965035374935166,-0.017139854455075505,-0.06065657627033419,-0.056281254095303795,-0.051351147240399235,-0.05700675890428271,-0.0382485184836165,-0.06725814333573252,-0.046957505353171884,-0.07130225924438732,-0.03369301303419718,-0.030864228220929945,-0.0037316924860147753,-0.047136393707799595,9.646018277947888e-05,-0.048093858927433196,-0.04903295675340834,-0.05069394216557043,-0.05786704733920481,-0.046337287987721784,-0.050601478709899325,-0.038141941018619535,-0.06757886923300536,-0.033806369968881124,-0.015055735847954353,0.016347373691497354,-0.0323108426358621,0.017177025242486182,-0.03900628197240861,-0.04806986449746593,-0.04901438303606148,-0.056482649368647796,-0.04922087298417456,-0.036084667393457934,-0.029179336917397297,-0.06539174876370016,-0.03156267354905688,-0.0008128825409429094,0.03190679608871235,-0.02795432483462215,0.0274351876337331,-0.022465820937659933,-0.04259071348207411,-0.050548455671611134,-0.06410122462194456,-0.06139781849241418,-0.013817443856365411,-0.028768068592237815,-0.06533776295920739,-0.04244765131611467,0.013344477367395108,0.0344487987077078,-0.011277899625217021,0.027563190995960742,-1.2894427405096394,-1.3269757364233297,0.10957998974668513,0.0,4.828865023564861e+294,24.643538671801103
Gemma 4 - 26B-A4B,Gemma 4 - 5B,fineweb-edu,GLM,hc_values_per_expert_hat_1_new.parquet,14.96349378042185,25.0,19.420990110484432,26.0,1.9315460094259445e-05,0.0,-0.07405692802512472,-0.00184922960639903,-0.09547005825924502,-0.09933992103243877,-0.001977699602864773,-0.10140678687546568,-0.07741811187775581,-0.0006433833354396582,-0.03143129315847876,0.0033611838526310944,-0.0012058462709593717,-0.06403876510076627,0.0070475495497541035,-0.04441733712044942,-0.018900320818489198,-0.04453819163492104,-0.0649939503547715,-0.007674314186971505,-0.06795997421800454,-0.021897308333223665,-0.0372816896036432,-0.09262936138011592,-0.08090373770384057,0.03963683719959743,-0.04397891745241333,-0.07038439191620402,-0.0841891055499431,-0.0007949241982142503,-0.04116910671758369,-0.09693087560474797,-0.03834672395976984,-0.08655338796747165,-0.009209842374811854,0.010093451054194758,-0.056281254095303795,-0.05416975432428185,0.06049052846983899,-0.041705775587029335,-0.023118155300709542,-0.045879482182844156,0.006945835010437055,-0.0327113289796471,-0.07184564460546511,0.004265244145609806,-0.10406293443318822,0.009135478491534453,0.03329666311252357,-0.04903295675340834,-0.053747635718937065,0.0785092194352564,-0.049712107819561875,-0.0009976756124258938,-0.038104425243329555,0.020235012577133806,-0.033773554878725943,-0.06596875811967773,0.0222830255795074,-0.10763024409586507,0.023717153042236483,0.05028067682647469,-0.04806986449746593,-0.05183006676210383,0.09376353246608456,-0.05219116284733256,0.019253660674572202,-0.029412719023682567,0.03268658944083102,-0.031683361671985454,-0.05448700242875549,0.03667904241877453,-0.10816779663375371,0.03272557998773939,0.07832502468733434,-0.04259071348207411,-0.05362607466108335,0.11076592695128663,-0.06441637014030298,0.053710624969540335,-0.029444680847736382,0.056101257711224345,-0.042826147032830046,-0.035972633183495334,0.038594492398041705,-0.08874435827742633,0.03217356645760457,-2.1602680323532475,-1.8728563215213396,0.08329868454578276,0.0,4.828865023564861e+294,24.643538671801103
Gemma 4 - 26B-A4B,Gemma 4 - 5B,fineweb-edu,StudentT,hc_values_per_expert_standard_1_new.parquet,9.01621532874913,2.0,11.800123618944603,3.0,0.04067353009348683,0.0,-0.09830809693250875,0.0052816025720226764,-0.0868940824157674,-0.10021318853971885,0.003903321647230866,-0.0858636933840856,-0.021572239701700913,-0.002638707638135746,-0.012105714417973923,-0.07673585723080784,0.007920310210158422,-0.07478836799779348,-0.03554430061980403,-0.038114572436661824,-0.02852366398450869,-0.031848716941166776,0.011974501438909586,0.009616875072820988,0.0007210734756585979,0.0008972950083705114,-0.07158518488126156,0.0009959108542170465,-0.05960060414008102,-0.03452426942532106,-0.028127774606649333,-0.06750175587762668,-0.05055393691014855,-0.023113721433022233,-0.015259493100546237,-0.01639017225756189,0.0005225311601916327,0.01576855365691609,0.021793932684906384,-0.0519061053581437,-0.00313157831893651,-0.047261547336096416,-0.043535734949429805,-0.03405906073835105,-0.03434460613312676,-0.029779430603542878,-0.024612565914768247,-0.018899374646602848,0.025666131632177114,0.026717168787410782,0.0309061017727298,0.02497631965701325,-0.047324381676529,-0.004601845321511692,-0.052191388946846974,-0.04955713403235811,-0.046196772824027336,-0.02589711455024802,-0.032003421856009615,-0.027874572207581088,-0.029743818050184265,0.035847180957499086,0.032234026161337095,0.03591912860928296,0.02551199961033628,-0.04292871826571259,-0.00414860035082652,-0.052398024571722476,-0.052634206762798105,-0.05098940454940654,-0.01571280649208747,-0.02749559988156477,-0.03019259470581818,-0.03304336258704849,0.047998195005636735,0.04164303911628334,0.03659440554319419,0.027716893831723894,-0.031060681216892663,0.0046650244434322165,-0.051600594878863155,-0.06374266889038174,-0.06266782051872433,0.0013286178418820953,-0.025736143324321368,-0.033709596273157956,-0.04438698687537216,0.05738415832771342,0.04208429341531114,0.04838301867896199,0.026128075605098052,-0.8333693736534109,-1.0514827137868163,0.20629862234410443,0.0,349110.20336554456,28.30142044612862
Gemma 4 - 26B-A4B,Gemma 4 - 5B,fineweb-edu,StudentT,hc_values_per_expert_hat_1_new.parquet,13.72221953951943,12.0,17.716386270570965,25.0,0.04067353009348683,0.0,-0.061421763022987116,0.0052816025720226764,-0.08901328937161815,-0.07102102604609171,0.003903321647230866,-0.08755662500114873,-0.03504630729797599,-0.002638707638135746,-0.0113720535581404,-0.026375455725011127,0.007920310210158422,-0.07764123581347775,0.014036140561873776,-0.04020908366097156,0.0068750468817457356,-0.03329654609415534,-0.015934638102292786,0.010917375619487529,-0.020399783594892165,0.0025980160910667248,-0.03061289408071953,0.0009959108542170465,-0.06198024498214053,0.02519717658456874,-0.030877409901494013,-0.040220770639935795,-0.052284031868405564,0.013270024677348153,-0.01714768178785641,-0.03549805466776984,0.0012668862779757915,-0.020524191194101225,0.02293124172362288,-0.002742084350775071,-0.00313157831893651,-0.04931278458923566,0.03498482194406649,-0.03658254876530633,-0.006158421680388143,-0.03093113633725309,0.019558483614953902,-0.020338489415797883,-0.008390899860665222,0.02819260091800404,-0.02532904319314017,0.026739750460398132,0.0108849661142623,-0.004601845321511692,-0.05385710522326116,0.0460889163085192,-0.048169455818972876,0.008061779720676879,-0.03272446812710953,0.02790757749434673,-0.030577707988202026,-0.0037815469762844155,0.03389962047641221,-0.029198839553971036,0.02752639552906173,0.02333751265860417,-0.00414860035082652,-0.053831046886085115,0.05752529950957368,-0.05262917310794581,0.024971287794419504,-0.02798636513791572,0.03848778109914646,-0.03353298599633015,0.007375572078055278,0.04331404358454086,-0.028805615841743223,0.029776235868957026,0.0443215803960442,0.0046650244434322165,-0.05226981784854391,0.06676853110243776,-0.0635138484819912,0.05114432619842001,-0.025947315295044758,0.05358596343369539,-0.044702765544685504,0.019186472761863815,0.042863729658592996,-0.01583793495295149,0.02702118926453067,-1.6375112744604452,-1.3224007364312065,0.1656712933676187,0.0,349110.20336554456,28.30142044612862
Gemma 4 - 26B-A4B,Gemma 4 - 5B,fineweb-edu,StudentTSkewed,hc_values_per_expert_standard_1_new.parquet,7.5915118210615775,1.0,11.609417252568957,3.0,0.10642335625434599,0.0,-0.08731648614932876,0.0064823505421952605,-0.07773388965887691,-0.1041815494620446,0.0076466415297735705,-0.07896172168226265,-0.05807749454932057,0.004086544051224529,-0.01634306804466907,-0.029238991600008188,0.0023958064909707314,-0.06139082161420784,-0.0675781645279434,-0.05876375941913541,-0.07981114047578866,-0.053962770732159215,-0.04266395727145607,0.0024400863446741323,-0.05340084553435112,-0.012403810097843958,-0.06602339031379237,0.004962033063942521,-0.05226591759234722,-0.05621826890999346,-0.04142708979946689,-0.08752773051136835,-0.047348032512656284,-0.07393616877590317,-0.03021453967133966,-0.07852359025062824,-0.007107946479011746,-0.06530441316840636,0.012761697331166286,-0.03938171004061412,-0.0005802697771010017,-0.03844324519616649,-0.03697380505944562,-0.03552130902499071,-0.054807364585033824,-0.026531275190161553,-0.051624586235479525,-0.020328752554474236,-0.04503257807570925,0.016553141617368015,-0.042646658365566796,0.02469197741615332,-0.0288117481403476,-0.0018354299577212588,-0.04336638163087998,-0.027950203259807054,-0.04312793700343954,-0.037180400775093436,-0.0282824409159505,-0.03635608242580382,-0.026424959984486598,-0.02357774097948534,0.02319946566261321,-0.02348047623395123,0.026680869768527016,-0.021433702328963154,-0.0009442471085162559,-0.04245422829506805,-0.022572384384866976,-0.044346635922410164,-0.021900982565422732,-0.023583745283343314,-0.025388145093226903,-0.025750857605916628,-0.004669068660622786,0.031079524822220178,-0.009651284532651056,0.030192314356230734,-0.009287400015505144,-0.0010135647559148437,-0.04363097101804274,-0.012773805731215695,-0.048068023293566714,0.0027297651909713276,-0.021885404665188637,-0.0026569412103323955,-0.027466339050224498,0.02160299405104729,0.035347845671799515,0.017497081347099742,0.03255511403616786,-0.35173982644018015,-0.35562786883842884,0.2450736487263169,0.0,8.209070540060262e+295,59.00308481107827
Gemma 4 - 26B-A4B,Gemma 4 - 5B,fineweb-edu,StudentTSkewed,hc_values_per_expert_hat_1_new.parquet,10.438064977207757,2.0,16.685742293131423,25.0,0.10642335625434599,0.0,-0.05873485155049338,0.0064823505421952605,-0.08087426139789236,-0.0838174335107064,0.0076466415297735705,-0.08211851353805912,-0.07430345599872168,0.004086544051224529,-0.016918200379126763,0.015568604448228301,0.0023958064909707314,-0.0639560610187656,-0.035826904691586746,-0.06261130729972103,-0.05798713913526774,-0.058014439943050014,-0.06276341914275041,0.0012720083972626653,-0.07064451118994738,-0.013142253795433908,-0.03607786029896605,0.004962033063942521,-0.05556360071555447,-0.02259977785537801,-0.045306841945972474,-0.07050968579642009,-0.05068477014832548,-0.055081160869085,-0.03442870314876453,-0.09981788033021798,-0.00843296813491232,-0.08987117503688882,0.010483514331463469,-0.0021482053651314384,-0.0005802697771010017,-0.042193844139871456,0.0043813941867026016,-0.03955578672292697,-0.03582552743391597,-0.03005456931916907,-0.03016157258815147,-0.024398335329187403,-0.07613023242349548,0.01607057698662449,-0.07633973524151376,0.023546364941009108,0.01857556488023171,-0.0018354299577212588,-0.04677954959871441,0.022980447373390098,-0.0465365908771908,-0.010435333526729613,-0.03125446174998353,-0.007346240166341213,-0.029582021445564096,-0.05774776454194541,0.023443623103044896,-0.05964412091108265,0.02652415855539809,0.03261994159965381,-0.0009442471085162559,-0.04595963154285139,0.036865252109222486,-0.0477341638921441,0.010660856174472245,-0.026488463875411636,0.011151382832223083,-0.028569097802511254,-0.03907701008006235,0.03169528911379453,-0.04599103447316164,0.030764549765950912,0.0537217959468945,-0.0010135647559148437,-0.04773473074103179,0.054448166046060086,-0.05172133487393605,0.04342809747944106,-0.026124836482082563,0.041301119053254315,-0.031246613913750318,-0.012117634919658133,0.034516599952879215,-0.017460258820209674,0.03180376708197655,-0.9688159498046522,-0.39723125557469413,0.19033148553115206,0.0,8.209070540060262e+295,59.00308481107827
Gemma 4 - 26B-A4B,Gemma 4 - 5B,fineweb-edu,KDE,hc_values_per_expert_standard_1_new.parquet,9.19610020860697,2.0,12.749193579541064,5.0,0.014670091941590049,0.0,-0.08974277569245083,-0.0070259791753999375,-0.07121123311813674,-0.09691072774366338,-0.007127631455241101,-0.0710072685339447,-0.03361716730104272,-0.0014532499419821073,-0.01156355708490947,-0.05612560839140811,-0.00557272923341783,-0.059647676033227265,-0.070356397702843,-0.053582265582612844,-0.07573455121190689,-0.05131608993554973,-0.02564305164770663,-0.0032384573521138083,-0.03206874523512805,-0.010268763436798656,-0.06423463340838062,-0.004171626970542476,-0.050857657307424746,-0.050834294799598036,-0.03851865358074382,-0.06948319969005973,-0.04404670156388511,-0.05418935280984477,-0.029249099007596143,-0.03707025581305992,-0.0018339996185958553,-0.02729566689167724,0.008935696321756219,-0.03868193993103766,-0.003951981344780005,-0.03925907013444256,-0.03761094252208437,-0.036392237651054475,-0.033450579976277275,-0.023343613140758418,-0.03341562575197472,-0.0202080882746396,0.001500704249923545,0.025319853723568615,-0.0005435186433532522,0.026676645356800803,-0.036121777290843884,-0.005555482951619492,-0.04456444904543553,-0.03711510324753256,-0.04443772778481586,-0.024819322584925273,-0.02447836686404033,-0.026370826532503375,-0.02439704814441949,0.016648941752203737,0.03356246953239209,0.015262252861843068,0.03348955079000223,-0.03619920306354847,-0.006385698014676471,-0.04497008433525275,-0.06144049471308336,-0.05114276397340316,-0.01636609237677182,-0.019433507415750527,-0.05291152558979227,-0.03250642796929705,0.03412532892231898,0.044223099827217095,0.006732515550283997,0.029119605861296503,-0.03103777686327422,-0.0049290406658336755,-0.047258772706017776,-0.0759513128976896,-0.06338917362413772,-0.0024536882029672015,-0.018616146432539227,-0.062218772003888756,-0.04567802943834749,0.05013639074299143,0.04798414593338589,0.01565367462113602,0.02498112559307743,-0.7609540541187184,-0.9000961984936069,0.22358832948618085,0.0,8.209070540060262e+295,36.11316907149545
Gemma 4 - 26B-A4B,Gemma 4 - 5B,fineweb-edu,KDE,hc_values_per_expert_hat_1_new.parquet,12.991303214092559,6.0,18.066981186741867,25.0,0.014670091941590049,0.0,-0.05654364982274962,-0.0070259791753999375,-0.07245514417225962,-0.07272742552217168,-0.007127631455241101,-0.07184819004867876,-0.05110697468687967,-0.0014532499419821073,-0.010741057758860027,-0.005436675135869949,-0.00557272923341783,-0.061714086413399594,-0.0340392903490307,-0.05540694399827798,-0.04974133387674804,-0.05278771673624486,-0.045950563273341107,-0.0026423168407524083,-0.04998778321351759,-0.00960118088213984,-0.024057705424802463,-0.004171626970542476,-0.05114099077792381,-0.005041265380211804,-0.039072046133495,-0.04449460125513719,-0.04405890291130571,-0.02608722674446684,-0.029596265792442056,-0.06023030277323814,-0.0012591204364332826,-0.05464605700788933,0.0092472527926007,0.009193051298516603,-0.003951981344780005,-0.03927312745873389,0.02113728805646735,-0.0363656997978255,-0.008134089978345704,-0.023770005686213673,-0.0018536719270068512,-0.02071635070556524,-0.03644399281834658,0.02439097802079771,-0.04598618650815078,0.02548381819489733,0.021590105788919657,-0.005555482951619492,-0.0443392934963112,0.030248274072877803,-0.04401142198579017,0.007167325551783313,-0.025152550715178166,0.01123394411989512,-0.025026049347263223,-0.026207376300792628,0.031701271164189526,-0.034187716527560405,0.03133840170540009,0.028906167117021802,-0.006385698014676471,-0.04473694187258556,0.05120686083513863,-0.050767912929236846,0.021583507069171243,-0.020652218585500544,0.01759150357432902,-0.03386028047156721,-0.009904358173966798,0.04130587706682162,-0.05964010606741286,0.025660992358875714,0.045010125174866154,-0.0049290406658336755,-0.047739407914852955,0.05934381220121936,-0.06389005615619227,0.04655648395414854,-0.020528992230780797,0.030560895113575216,-0.047877472301249585,0.009228221951069376,0.04518794048754965,-0.04665213843437754,0.021673097084437994,-1.4873381445831473,-1.2032900047797868,0.17537465715451941,0.0,8.209070540060262e+295,36.11316907149545
Gemma 4 - 26B-A4B,Gemma 4 - 5B,fineweb-edu,JohnsonSU,hc_values_per_expert_standard_1_new.parquet,8.944405276983698,2.0,12.681806768137218,5.0,0.08704029204975662,0.0,-0.08200532413583903,0.001600378127720647,-0.07081952172759995,-0.09284916649181628,0.0006832662547095699,-0.07221066974702472,-0.04173218626773591,-0.002080669564682368,-0.015588379634728412,-0.04027313786810312,0.003681047692403015,-0.05523114209287154,-0.034816955666762586,-0.03538326047083345,-0.031507202981344275,-0.027105415675210978,0.002677850369180876,0.015291106328351317,-0.019085505682642254,-0.008431358261156926,-0.06164494079664887,0.0008655832437502705,-0.050252193351097506,-0.03719715860840156,-0.028165384675334974,-0.07312490332949705,-0.045851416080561674,-0.030799548848408957,-0.011360998452402418,-0.051742010131519606,-0.007656151246059536,0.0022956388858163634,0.03174063326415636,-0.039861072588487534,-0.00038195838621358797,-0.0370456405635365,-0.04015210078703815,-0.030473685455587696,-0.04348575419366427,-0.02437571150262091,-0.0276494822519013,-0.007606894499510702,-0.018681623371867944,0.018623638102026673,0.017454034391208344,0.04326293380404588,-0.03583409178807998,-0.004056748601961737,-0.04179780853758307,-0.047007407681665225,-0.041859352437681414,-0.03205744436975866,-0.02526489649944588,-0.02993668332299898,-0.017960062810826002,0.0007508716783988429,0.026589233108722913,0.026682661250508728,0.04220152119840114,-0.034186121697983,-0.004654581342236873,-0.042520492502758606,-0.055450214819214354,-0.04738374408675716,-0.02126511939018613,-0.0210770686580817,-0.03513098749061521,-0.023349649251594717,0.020393389700785504,0.03630952047816366,0.031776230313134576,0.04074309611081246,-0.027691292794947912,0.004036316968733647,-0.045642802669487406,-0.07683829323234251,-0.06483064252159337,-0.0035579178728397413,-0.02097738078274499,-0.05192208331946165,-0.04377242802294582,0.04212242988195044,0.04063096475293601,0.036791776701309044,0.03111029351015277,-0.44504947244987175,-0.5179469253745839,0.26830674864890514,0.0,1125888108.7988646,39.24555894508091
Gemma 4 - 26B-A4B,Gemma 4 - 5B,fineweb-edu,JohnsonSU,hc_values_per_expert_hat_1_new.parquet,12.343105346519353,4.0,17.747131654176002,25.0,0.08704029204975662,0.0,-0.05228756123813033,0.001600378127720647,-0.07203811764866133,-0.07123395299615551,0.0006832662547095699,-0.07305520869218438,-0.05747042741019711,-0.002080669564682368,-0.014835792758970581,0.005182866172066779,0.003681047692403015,-0.05720232488969075,0.005778194070218518,-0.036711984484873415,-0.005730901054322664,-0.027931982711307764,-0.028477441931757597,0.016354642328649527,-0.03913002262066979,-0.007253719485775627,-0.026230236371829748,0.0008655832437502705,-0.05113849927766375,0.015022542531567986,-0.029234086506351873,-0.05119861701511279,-0.0466397272083499,-0.0021850537876522834,-0.012329128468486921,-0.07240873507497755,-0.007740054094536228,-0.03761140872409625,0.03159778839291356,0.0038819018393388234,-0.00038195838621358797,-0.03869542098859263,0.02917668629732287,-0.03242223009317556,-0.019266969072593586,-0.02651422165241924,0.008696962871665607,-0.010213827920965368,-0.05091174939150943,0.01709047438058324,-0.038249381617269214,0.041271372197139986,0.017954959842136922,-0.004056748601961737,-0.04329458896594365,0.04068558331309354,-0.04357944641694465,-0.0006121572351621375,-0.027458226516936003,0.020168057466295273,-0.02059004109668256,-0.03573037971803869,0.024809299291218577,-0.03526920213423183,0.03992448163762304,0.026931934467289177,-0.004654581342236873,-0.04393264700988993,0.04640681620317287,-0.049012662363604124,0.01613694888988455,-0.023661770172323418,0.027466434129372153,-0.02639650213255522,-0.017320416398190385,0.033675953486912595,-0.030535800073915015,0.03757200552565142,0.044042256902402835,0.004036316968733647,-0.046294549432651266,0.049618375526519876,-0.06564152912185914,0.04412729078448993,-0.023219057678288336,0.034751630381706526,-0.04648749013787632,0.0063085402635011615,0.037510338890635465,-0.02142811701962987,0.027369230305512433,-1.108829310772036,-0.5826284620651516,0.20822817252441797,0.0,1125888108.7988646,39.24555894508091
Gemma 4 - 26B-A4B,Gemma 4 - 5B,tinystories,GMM,hc_values_per_expert_standard_1_new.parquet,6.118363780521351,2.0,7.888885293118235,2.0,0.7485315771589457,0.0,-0.025910665477920886,-0.05318459936651689,-0.02753382687557486,-0.04697039024600179,-0.05837264704418757,-0.045813148326606754,-0.049542544179759965,-0.01753370858421705,-0.04357602937793612,0.02363187870183908,-0.03565089078229984,0.016042202502361262,-0.022374364074158246,-0.02894846273628385,-0.04302191809325599,-0.04748004510485018,-0.04811118070055135,-0.04417879567817503,-0.04950422091813817,-0.04534119997601849,-0.014182365368193896,-0.05697481617109185,-0.015183684355365004,-0.009260484621547715,-0.016531624737984987,-0.0359407386732325,-0.0331468965204592,-0.03016578220889816,-0.0348206349132023,-0.05716995240416481,-0.04883590014198195,-0.05280274755957933,-0.05015092016971367,0.015410728761578564,-0.06862979908152199,0.015905003038169635,0.022282612402356017,0.014713953398803136,0.013261545435699362,0.017044860402762388,0.021361570680742636,0.01564930630789734,0.0017659677555189324,0.009292458964818048,0.007364892227131953,0.008290858193946584,0.024551538973924144,-0.06409747082136749,0.017486957375656524,0.0311254625647046,0.016636900155965865,0.03472657826602989,0.0303582284095553,0.04279008900877038,0.029374495605638616,0.03177486281261568,0.03498426282249753,0.03745645955645315,0.034281111263870984,0.02680513089601759,-0.050597933236880305,0.021920784823196898,0.032128485813712915,0.022049453885905262,0.03345703162648312,0.030205472853457073,0.04007085402429163,0.030388852087591796,0.024490233687842956,0.026288640575932214,0.02921992851825858,0.0264046506644203,0.03124271384986927,-0.050455461353152355,0.025437031734932534,0.03684092574203809,0.02651689751616255,0.02244364598572327,0.01280196377975455,0.029529704136061537,0.014171220410047472,-0.007951543964137886,-0.018283992195926014,-0.0028114409590434745,-0.017300470811064717,1.7363072680016884,1.0039292882210824,1.3922373289224041,0.23148247298047286,8.077539198394848e+298,1792.2665544734484
Gemma 4 - 26B-A4B,Gemma 4 - 5B,tinystories,GMM,hc_values_per_expert_hat_1_new.parquet,7.625264963350108,2.0,11.956699729777835,5.0,0.7485315771589457,0.0,-0.010790382495098397,-0.05318459936651689,-0.025006889396147435,-0.026774188362774176,-0.05837264704418757,-0.040313507764705825,-0.03659100669489425,-0.01753370858421705,-0.03671153212185408,0.02580062419979585,-0.03565089078229984,0.011704642725706645,-0.003219305941000429,-0.027466252839783455,-0.018295762049758954,-0.04317144174667975,-0.03365331539488955,-0.03777088113650785,-0.03503647039341656,-0.03892819886391874,-0.002914280434007553,-0.05697481617109185,-0.0130879002026406,0.005437519734681763,-0.01541730768282352,-0.01734636601636899,-0.026499880456267014,-0.007502254443696623,-0.02934221305374755,-0.03486033286441646,-0.03728794306969232,-0.027441303777222776,-0.03951234305735086,0.024482458195511154,-0.06862979908152199,0.02064877014541106,0.03491632266558801,0.018632412539388042,0.025392348502645837,0.027109146993089774,0.03770435615783488,0.024760594741052088,0.012424806045086563,0.023143287674375887,0.020936523396240768,0.02147676062382417,0.03608791440971185,-0.06409747082136749,0.027386014880876552,0.04554843035609755,0.0258779056912401,0.04559467542145408,0.04301832694624626,0.05716588530763107,0.04125026452565589,0.03473657016856145,0.04484934150432103,0.042856313428647715,0.043585089151987375,0.035081121471889534,-0.050597933236880305,0.03143811436248006,0.04225145593979475,0.031088796989814645,0.04332076633526325,0.044439785198164064,0.05222473477910249,0.044044276799744826,0.031025929876008194,0.0401672881724973,0.0373896617854478,0.039861933925169936,0.046359180211445764,-0.050455461353152355,0.038533119400433406,0.05327937597590692,0.03924973528660461,0.04630328790038572,0.029407718250869463,0.0551040363955255,0.030325655286231323,0.016264459158691347,-0.006079267633839262,0.02267378453147863,-0.0054427870265145225,0.7994754468004186,1.0039292882210538,0.8289406802861357,0.22430407498302543,8.077539198394848e+298,1792.2665544734484
Gemma 4 - 26B-A4B,Gemma 4 - 5B,tinystories,GLM,hc_values_per_expert_standard_1_new.parquet,9.582951732172619,2.0,13.468163945567223,8.0,0.000161809679455025,0.0,-0.09405234530867496,0.00730823605720688,-0.09978036022950768,-0.12297068305933681,0.00675340794595345,-0.1259384129482546,-0.07468763121568918,-0.00039536115725810183,-0.06923301480935469,-0.019364714092985777,0.007703597214464982,-0.030547345420152985,-0.09629991913150054,-0.09692912585896145,-0.1175996121590104,-0.11575809613953249,-0.05790655240875489,-0.05251215419051902,-0.06964740496761403,-0.06557167588771057,-0.08228577744513443,0.021133831216605965,-0.10335664110290604,-0.09877345788768475,-0.11265053697368073,-0.10872076557680564,-0.12772495902606634,-0.11358627938853168,-0.12759996849443186,-0.10011656648832853,-0.10525141834268845,-0.08093040506533944,-0.08778321494813295,-0.04142847771619032,0.026586360413979687,-0.05509345912065354,-0.07764381548396498,-0.06931249895464223,-0.05115518375480726,-0.07290794567538789,-0.08809041406307813,-0.08788944236264593,-0.03923700245292579,-0.06303358624215968,-0.05622546292826899,-0.07077288045658606,-0.020382011730725583,0.030333549326652668,-0.04486652677568108,-0.07432157487330117,-0.07020337250333719,-0.021539480120276795,-0.05855837506970748,-0.08852266923266715,-0.09184855873068704,-0.01036806910959737,-0.04729916831548357,-0.05968135365231509,-0.0744490676777464,-0.005357926869474731,0.05976923357725953,-0.02949390049960925,-0.056400575181324894,-0.052363546516662085,-0.003332176755091909,-0.038953329426381314,-0.06922145982998337,-0.0696713896869975,0.002489190037060879,-0.031657102020407675,-0.04888300647411024,-0.05727503320556808,0.01895457510359997,0.02360345494964262,-0.0010075445673859203,-0.01951792335709333,-0.01763000200543777,0.010407867536349672,-0.0027775586192047737,-0.03131473208539091,-0.01868643768488185,-0.011749890798371038,-0.004176907012151151,-0.03234665258174756,-0.008508839191466899,-0.9473324417908198,-1.1458792782176797,0.21596593219379276,0.0,3.2361935891005e+295,21.223749970348393
Gemma 4 - 26B-A4B,Gemma 4 - 5B,tinystories,GLM,hc_values_per_expert_hat_1_new.parquet,14.53531496254106,24.0,21.08216695522726,26.0,0.000161809679455025,0.0,-0.044401309137220984,0.00730823605720688,-0.09768439955030414,-0.06347818859987457,0.00675340794595345,-0.12298841040118273,-0.04726111137546291,-0.00039536115725810183,-0.06710489114200005,0.0028598022382419278,0.007703597214464982,-0.03057950840830409,-0.03135417700122978,-0.09386046309608356,-0.04048814510549288,-0.11196778975897756,-0.023717694040738976,-0.05057200121861253,-0.04199913909761337,-0.06387013006164502,-0.02223731453861476,0.021133831216605965,-0.10146871094467029,-0.021213692336604435,-0.10972798338509795,-0.037545995200055166,-0.12460685822860379,-0.022892242703464422,-0.1235433356623155,-0.04600076330120179,-0.10150730780338377,-0.013890206739939645,-0.08377216326294355,0.011572334689040622,0.026586360413979687,-0.04867464781999678,0.017120852959226798,-0.060394880512436716,0.014043874644851857,-0.06317845298989208,0.02743303622429289,-0.07475259243008399,0.010414180346449895,-0.052942067578614596,0.03021414282893088,-0.057598210778276565,0.024724026175123866,0.030333549326652668,-0.038594896764140796,0.006332785311855516,-0.061296431705166424,0.03470378569960496,-0.04804640447622488,0.011883479177062124,-0.07748291930858651,0.03141218529130215,-0.03557779106162747,0.014617099185549867,-0.05904699040569053,0.02818268726851228,0.05976923357725953,-0.024159446025632712,0.003110058362763263,-0.04526248799963596,0.040452784253771155,-0.02998093688711965,0.008334411807756103,-0.058078173344634686,0.03736088814005456,-0.021690397579167443,0.012634374009958453,-0.04478856913048084,0.03918196656117236,0.02360345494964262,0.0034790630236683244,0.015189435213679041,-0.012600853977092716,0.036467652791585176,0.0023700257371903253,0.013324055959139507,-0.012940670704157527,0.007989213546150354,-0.0011643649918437393,0.0013430751345676981,-0.005185743308530189,-2.0047742649553686,-1.3786658059615253,0.1663058110196675,0.0,3.2361935891005e+295,21.223749970348393
Gemma 4 - 26B-A4B,Gemma 4 - 5B,tinystories,StudentT,hc_values_per_expert_standard_1_new.parquet,9.120337858610702,2.0,11.436352162586365,2.0,0.03292826976909759,0.0,-0.03366218738415579,0.03838400316428181,-0.03817587074991617,-0.049457368654440906,0.03552486718386123,-0.045207894951467376,-0.03877793699052565,-0.0019550202337531696,-0.01990436930205577,0.00511574960636986,0.04033902339803498,-0.0182715014478604,-0.0384034988109369,-0.03601826377975342,-0.03609666065161334,-0.03162873902758507,0.0007729129197177323,0.005652217164056112,-0.0026241253334117463,-0.003116602774348482,-0.016300752607278774,0.040728701374812416,-0.02388094116440951,-0.04792758236357183,-0.035763739594257396,-0.02534666803805618,-0.02122964181915547,-0.03335506019700779,-0.02015894237128456,-0.02867145744773352,-0.005102649922435468,0.011230042984532614,0.019366410144194525,0.005782856814574921,0.039074203763906724,0.00047772419807079036,-0.029521097176719725,-0.015655478518098176,0.017891810480873144,0.014271384425740653,-0.009211196569454516,1.0786490023461097e-05,0.029393214636048767,0.030887115702066426,0.032628706378163126,0.02819039125643746,0.01757006235171494,0.03475422864539996,-0.00045521030875876134,-0.0312783696827815,-0.02558746612405307,0.038709005952589,0.020608911322946954,-0.011253386544868934,-0.008021027912667195,0.053174990138097414,0.04608969672067525,0.03198538930807786,0.02876662387072329,0.018747608285237354,0.059374486891234174,0.0013139981162468024,-0.03413507462323046,-0.026518750148850335,0.039673567083573294,0.01722386362956982,-0.016432075347520746,-0.015886567861639216,0.05294313037480164,0.03549697652173393,0.026440628658679983,0.013677729276249563,0.022006481377702683,0.04589258426400365,0.004217138684145209,-0.011689336491370883,-0.017493213362595437,0.025100885056744016,0.0005648477550829444,-0.01194553692957503,-0.024451710194172745,0.014457600296160384,-0.006393439710554603,-0.004679190730675687,-0.021188417281727642,-0.7271238388870089,-0.8811184848044606,0.2555817051325677,0.0,304382954.2299587,27.726845015559533
Gemma 4 - 26B-A4B,Gemma 4 - 5B,tinystories,StudentT,hc_values_per_expert_hat_1_new.parquet,12.986909596932088,4.0,19.390382032653193,26.0,0.03292826976909759,0.0,-0.01016550298557294,0.03838400316428181,-0.03993433861827991,-0.020948797520125247,0.03552486718386123,-0.046059425380279684,-0.02501430541429907,-0.0019550202337531696,-0.018098095003704226,0.01484880242872613,0.04033902339803498,-0.021836243614575687,0.0010575618090088658,-0.03842488229245725,0.009087264874700048,-0.03209227265205926,0.017893581948508642,0.00968179581482894,0.007081713281114699,0.0012519346363862277,0.010832195361771574,0.040728701374812416,-0.023537132766984076,0.000593543538320563,-0.03623469413868911,0.007159679029505392,-0.019935609699158384,0.02032174642636119,-0.01874834463220159,-0.0034164343161924467,-0.0027358085191919526,0.04609627547552929,0.023513873593014028,0.03386101464349134,0.039074203763906724,0.0014035097392806877,0.019402088252572544,-0.015542795267337286,0.05055988256099956,0.016265529585538424,0.04531937183937659,0.0016115568472902615,0.05153181989209701,0.03365699103554637,0.06587430469287398,0.03154745727855113,0.044171247084951945,0.03475422864539996,0.0013239622225706912,0.016003361174292685,-0.024824835888010346,0.06880604811425235,0.023215970940364587,0.04094777691037498,-0.006320958087429227,0.07106691727254891,0.04859116658298437,0.06087631829631723,0.031116112479185415,0.04089447372242753,0.059374486891234174,0.0041189943472726125,0.0065245979248936565,-0.024339681513189475,0.06630189598602286,0.02083932885162327,0.031134989516167146,-0.01286795717013555,0.07094480239378062,0.038311474055802666,0.05651059301143085,0.01632146613472138,0.038112030608884545,0.04589258426400365,0.008253805006283917,0.018042707353556422,-0.013144407353480943,0.0481606141776591,0.003373842890942882,0.029948205037489913,-0.02168934541757418,0.03516140677413099,-0.007616812816738035,0.03205569991964422,-0.023076049418830704,-1.6881105374391219,-1.1634698639759564,0.21503843611288267,0.0,304382954.2299587,27.726845015559533
Gemma 4 - 26B-A4B,Gemma 4 - 5B,tinystories,StudentTSkewed,hc_values_per_expert_standard_1_new.parquet,8.097555055743435,2.0,11.136001035581948,3.0,0.12454491027653274,0.0,-0.011755182711486022,-0.0024189333485582836,-0.01712613932184468,-0.028002553519681388,-0.002827083137259182,-0.029820183346763805,-0.03728396928758296,-0.0011784116848202915,-0.030034180956246177,0.025528786576096935,-0.0012405216637379922,0.012908041634401495,0.00982896257860542,-0.005856950669816472,0.013176953196662615,-0.006363266089162793,0.008511878941560667,-0.0017770991838015713,-0.021708327928732334,-0.025825370172889606,-0.01581153707381989,0.06196386893978619,-0.013827810080570328,-0.011730206621425947,-0.009590785108367056,-0.028865409738583692,-0.020668181253440478,0.006634982927052153,-0.0005022980270027085,-0.03774060395797853,-0.022388476614447716,0.03717089941511887,0.016612774921290832,-0.015654247530878244,0.05326906810548719,0.007005995470839368,-0.013627272848225168,0.013107968863629419,-0.013047509220586131,0.013750668407321571,0.008209757424170426,0.028023447525224603,-0.0008515837623693989,0.017979925229599243,0.04280553165761948,0.03875492961002457,-0.017704175269245,0.05002615128590935,-0.0005709032246952218,-0.027342775083973408,2.202241009897641e-05,-0.007550339978303947,0.014597478790895404,-0.004448857840010021,0.019604278511886418,0.015503849314459184,0.033096085149019405,0.03978746785485451,0.043020057006561765,-0.016508847769787106,0.07623811802494138,0.0018816601951111684,-0.035680835027828345,-0.0015189753349622818,-0.008209361149699886,0.015545401248605558,-0.01814572831356343,0.01558067975290671,0.01219833187480171,0.030762370757568477,0.025477141252463843,0.03707437679675442,-0.009509712803461516,0.04563022227482347,0.00940365956052501,-0.02209987861705324,0.007899915394597945,-0.016164164213342613,0.008500005553234309,-0.019643282748421493,0.012649276474608628,-0.017725582922973285,0.0013729604700423413,-0.002508547443947441,0.013046799287593875,-0.19630817017128604,0.020798901568937607,0.3261297647128114,0.0,1.61809679455025e+295,68.3141453525538
Gemma 4 - 26B-A4B,Gemma 4 - 5B,tinystories,StudentTSkewed,hc_values_per_expert_hat_1_new.parquet,11.051002410964223,2.0,17.994013041860164,26.0,0.12454491027653274,0.0,0.006843757246976948,-0.0024189333485582836,-0.014263153154072901,-0.0040383690286178876,-0.002827083137259182,-0.025617055323189142,-0.023296242508428322,-0.0011784116848202915,-0.026743279866852425,0.03013999975540527,-0.0012405216637379922,0.012480126712779524,0.031348835012977035,-0.0020348843667092656,0.03893271680484772,-0.00042387631147299025,0.020299308796752152,0.0033376377588745865,-0.007594341764801272,-0.022134173832049266,0.008619735043423175,0.06196386893978619,-0.012285576013866612,0.024409928359358377,-0.007718350967559113,0.002455916099452061,-0.018096685834541635,0.04679462702851779,0.0030584793562282663,-0.010239704293538952,-0.01927345565960798,0.06352829838638073,0.021419086178936186,0.01449351193618743,0.05326906810548719,0.007349838793112989,0.03086767895033515,0.013712165558067311,0.02236222899956432,0.016226956522878016,0.0561606372200047,0.031347407221795034,0.023661254370956286,0.022869647910145646,0.06938700450892608,0.04506341795689139,0.011775717418050828,0.05002615128590935,0.0018154026175718225,0.01848501621631213,0.002743581351855539,0.026882236282100066,0.018550210893694297,0.045552463723624786,0.024290970778861366,0.037700801423555634,0.03745276988385124,0.06654969622343679,0.048381312295832014,0.008919008045867776,0.07623811802494138,0.005863262223826867,0.005644274319598356,0.002925144513669485,0.02349181566090676,0.021189197983633837,0.030142475389262534,0.022033603896716113,0.03534924746307505,0.03588372977937987,0.05598970115579784,0.043128676761948224,0.006347879090190662,0.04563022227482347,0.014438336317358691,0.0037999306870307027,0.013678340413305467,0.006720041474214986,0.013687832496754157,0.015354151230364266,0.01865161437763383,0.003046943800121175,0.0034830023728750215,0.026289476317611055,0.015572954320415763,-0.9055637844865572,0.020770671135869088,0.26364312682943175,0.0,1.61809679455025e+295,68.3141453525538
Gemma 4 - 26B-A4B,Gemma 4 - 5B,tinystories,KDE,hc_values_per_expert_standard_1_new.parquet,9.121454345398941,2.0,11.982395106875293,3.0,0.08127700199025906,0.0,-0.02435741933029823,0.0025253969645084155,-0.03969026214843965,-0.04870466464195407,0.0015599735178519914,-0.05558582862134154,-0.05663895997527937,-0.0018483435881667492,-0.03968639978516411,0.032281540644981135,0.004373740552675164,-3.862363275541902e-06,-0.008054472374855813,-0.0309588254915363,-0.011713964179294154,-0.0315103372360343,-0.00900064166586193,-0.004672623469421419,-0.030375369181285108,-0.026036616144491227,-0.01678358442684049,0.004322751685230848,-0.03252815656734535,-0.014778711627211038,-0.0322726208397075,-0.04133284226320167,-0.04565239353789387,-0.006211270125335401,-0.024168793363117072,-0.06487155735777787,-0.04578199197828424,0.012982888841197394,0.0036687150897455863,0.020060534761738025,0.03341018285058343,0.007158822270042597,-0.0184970159461371,-0.015697452791509317,0.014389222308603454,0.00834583369835443,-0.008184803218662901,-0.005117237319960138,-0.004093701098651878,0.005681763387034599,0.01506336738665023,0.016850991741928712,0.032656513212940705,0.047955952667028554,0.0054640671152995784,-0.030844412361109366,-0.031708722489775854,0.03723977505297306,0.015502705681060621,-0.019529571248319857,-0.01835106984184962,0.022605258048494052,0.02414647958993035,0.012975643194556656,0.01712300996637815,0.03746129807087245,0.05892504771281121,0.010363323763024698,-0.032867869223449954,-0.03048179504660376,0.04329618313170537,0.019933110286508685,-0.022356845263705006,-0.01897897093684609,0.026608301412465733,0.024869494049623818,0.011026682091690498,0.01407973375405861,0.06028945239183259,0.07951014138999866,0.028086769418307383,-0.016021591777033276,-0.02041253344560994,0.05514012072452457,0.02316983231325688,-0.0017572505040641094,-0.015783825989072377,0.010193109270549209,-0.0006868988313021435,0.025030016366978665,0.0027218595940588838,-0.37774889437919806,-0.5611125739956648,0.3777005658988703,0.0,1.61809679455025e+295,41.82078969627571
Gemma 4 - 26B-A4B,Gemma 4 - 5B,tinystories,KDE,hc_values_per_expert_hat_1_new.parquet,12.202003203831653,3.0,18.6594715295869,26.0,0.08127700199025906,0.0,0.0007986466852024793,0.0025253969645084155,-0.04501408211840344,-0.0167722341051698,0.0015599735178519914,-0.059716693925510135,-0.03878267686044176,-0.0018483435881667492,-0.03765330424187848,0.03958132354564424,0.004373740552675164,-0.007360777876524956,0.024662750088233047,-0.0371812301465077,0.0278923763658646,-0.03506941265796357,0.009900452548766127,0.0005306819817420475,-0.013761361186968501,-0.021908461455008132,0.009357411967894982,0.004322751685230848,-0.03677264603704353,0.024176288340013587,-0.03785222322332425,-0.00609555630072868,-0.04806434148735748,0.04129229741162359,-0.02594574103607585,-0.031445757666205824,-0.043530249195922854,0.051216687003172584,0.009892456376205342,0.038910960139490344,0.03341018285058343,0.007440920516224469,0.014655188098560446,-0.016648124329622413,0.0414558520053859,0.011085701426427967,0.03480581151455553,-0.002571818743909048,0.022191465774174562,0.011268944028435484,0.051055735292792205,0.024222236547194957,0.04816627677418816,0.047955952667028554,0.008073788709924362,-0.00051764149285262,-0.030567615909378374,0.05984621006467223,0.020054267964949742,0.020414036194459684,-0.014671921987342669,0.044147237764179725,0.029413493447062067,0.0456948325923953,0.02312550226653966,0.049000790260595214,0.05892504771281121,0.013419551884276279,-0.008264350263619998,-0.028822114814073832,0.06213897475521428,0.02473200146412146,0.012700885605351172,-0.015096371872488473,0.046922001948371254,0.029827871448000767,0.0430071036160425,0.01956981925833098,0.06523772024199007,0.07951014138999866,0.031335254564233125,-0.0031049080456700224,-0.018569566093903506,0.06472304404898734,0.025702395253033954,0.016869010704108203,-0.014393584729627519,0.021946514460515716,-0.0010841695946808734,0.04191005266372792,0.0024011352693172772,-1.1560060948538255,-0.6653627620407684,0.30100585678645403,0.0,1.61809679455025e+295,41.82078969627571
Gemma 4 - 26B-A4B,Gemma 4 - 5B,tinystories,JohnsonSU,hc_values_per_expert_standard_1_new.parquet,9.216970599181243,2.0,12.10983641041407,3.0,0.11749000825229365,0.0,-0.03657254394498096,-0.06408556038576839,-0.030835764990337643,-0.055458410769640684,-0.07074468906367126,-0.04357366374966094,-0.04594711435832627,-0.02202952192804774,-0.03169221708350821,0.009374570413345308,-0.04205603845772065,0.0008564520931705656,-0.024538262463590844,-0.034360881493632686,-0.04237186641032127,-0.04756200826063793,-0.04212377505146282,-0.033004064717319745,-0.042739686538848284,-0.03341039273766125,-0.03484977390089446,-0.05648819022302433,-0.018393551514573916,-0.023569991073376022,-0.021225745165006485,-0.051617701980047316,-0.027230446015337768,-0.039125718842256726,-0.030476497455060307,-0.055330602938811126,-0.029172747516511593,-0.04713012820052657,-0.03141506123113838,-0.018794053462588736,-0.05463887975692107,0.010071958836492844,-0.007184701674136746,0.007716572400329808,-0.01861703927099166,0.01435157659524761,-0.005060873950684442,0.0116297475931237,-0.007590400897182834,0.01379887549451549,0.0016772216846487932,0.01196233574887098,-0.012151998922360305,-0.045405169298446985,0.003074291282911724,-0.0025727625773762667,0.0013512922605435304,-0.0026106824284064358,0.015962597863078347,0.009855193306254968,0.013807179039166683,0.016290340526018125,0.029487813041744436,0.026293307268417863,0.027855734720533935,-0.0030644729067333134,-0.03742664262469085,0.01015545169797229,0.004459988475816927,0.009037122875582514,0.004890188093875259,0.022048944833708596,0.014497696396524814,0.02066824487503342,0.01638025048488269,0.02990706362082919,0.023714690054907162,0.02889761929028556,0.013193169218539023,-0.03913983449363291,0.023825751803441517,0.020763881494022345,0.022909036244420204,0.011023385196621334,0.01860026982151989,0.020478567983526343,0.017439593651788897,-2.0785577310501215e-05,-0.002858939315530556,0.006702531086299045,-0.0037257682278433366,-0.1916519429363154,0.024938011339546113,0.38270112091588593,0.0,5.346191809194025e+298,42.08311687282048
Gemma 4 - 26B-A4B,Gemma 4 - 5B,tinystories,JohnsonSU,hc_values_per_expert_hat_1_new.parquet,12.169948706331613,3.0,18.75671914693937,26.0,0.11749000825229365,0.0,-0.012261811883210232,-0.06408556038576839,-0.033354283174960475,-0.02596122477208918,-0.07074468906367126,-0.04327690321325745,-0.03170458282220066,-0.02202952192804774,-0.025750491915795315,0.019442770938990425,-0.04205603845772065,-0.00760379125916516,0.0016471310596576473,-0.03707701578001059,-0.010770811224425289,-0.04747569179863646,-0.02722387597325408,-0.02712403423264357,-0.027889209811739712,-0.027527977759711296,-0.009821644347888767,-0.05648819022302433,-0.021345005784104837,0.0023768997559457787,-0.0242907027566786,-0.0200242549587085,-0.02609666695156951,-0.006408597431595031,-0.029458597457096253,-0.028301908050185988,-0.02108468753527393,-0.019245909338188153,-0.023392128193213475,0.0067107559015491805,-0.05463887975692107,0.008633023687602465,0.01880787429518696,0.006146867978852447,0.01307954815606318,0.01727399885109205,0.027268693916689454,0.014413838151526652,0.017018349077380555,0.022889474028135466,0.026763324612409194,0.020971966049376095,0.014301006867516872,-0.045405169298446985,0.005520151060714648,0.024181262854140424,0.003778012945640653,0.029320319696561917,0.02115719883016534,0.042133045612349686,0.018984748222445173,0.03847887164401023,0.03646415797290684,0.048651869776366305,0.03482176245015332,0.017649941400785827,-0.03742664262469085,0.013092781739586633,0.025300952271378997,0.01196278244353871,0.03210128197098075,0.027391943080449867,0.04189024246326401,0.026000807245625097,0.03829054054313824,0.036280873187088766,0.04576615055818868,0.0352645441366224,0.028305522562855935,-0.03913983449363291,0.026955552954984932,0.03586028714928303,0.026042587303581423,0.030000816247417864,0.02163860202941837,0.03944972149106561,0.0204830559606651,0.013663764478313932,-0.0019501951523800288,0.020382602222557243,-0.002815731244937289,-0.9143584696741022,0.02489742230272899,0.2987122266113757,0.0,5.346191809194025e+298,42.08311687282048
Gemma 4 - 26B-A4B,Gemma 4 - 5B,race,GMM,hc_values_per_expert_standard_1_new.parquet,5.467135856345686,2.0,7.6133745886392905,3.0,0.7562151237659178,0.0,-0.05603251669607368,0.03378615117291219,-0.05192243172422722,-0.065408397571294,0.0238396799611553,-0.056987733462354466,-0.03301402661195292,-0.022434708503725212,-0.02075924815457191,-0.02301849008412076,0.056220859676637404,-0.03116318356965531,-0.06360814242655666,-0.05912278191625992,-0.06990689905436076,-0.060918387399706765,-0.02570829107672351,-0.012874499018436151,-0.026432156828936473,-0.013882564711176618,-0.016856095976673202,0.05972174437244722,-0.01158526042222099,-0.0321962024837676,-0.026760442907475437,-0.031199127670528737,-0.01785276640565079,-0.04103402477479514,-0.027035008619059015,-0.04466661880623882,-0.0210456534241933,-0.03547613482789332,-0.010468364199348188,0.01958649513495263,0.08085876176215835,0.01931638823269336,-0.003517085957899581,-0.004190593058684001,0.01147476351573185,0.021512592122156622,-0.00556249734088692,0.004758923040488649,-0.01489058456099225,0.010129756420278099,-0.0058530654455331305,0.020711581202869235,0.0310016090856282,0.07178200272887479,0.02479907666784776,0.010766340067184424,0.003980556438091975,0.02600608451858384,0.03159212940225896,0.010742156805616495,0.01642760423620028,-0.005454859638094042,0.020381331796113407,0.0020494535704316205,0.029295178318759083,0.036280569979298995,0.06595808399330148,0.026236253525510216,0.017909636001771468,0.007250265003668379,0.03744643614701132,0.03968964365596648,0.022928374810014442,0.0251733469567257,0.008265070145571346,0.033786120157649216,0.01388835764583589,0.04062213219055528,0.04764412234633407,0.046929994003332504,0.024002435836701214,0.03456048673091836,0.009924678078838345,0.051496526179970165,0.042408448490715595,0.04207039484802867,0.03259566359581256,0.013704986101302066,0.04090547497684857,0.019705872498621452,0.04799441654919779,1.6115353706054216,1.138495126378443,1.1862478821714815,0.40528901133047346,2.6541708398912576e+298,2839.2191792874155
Gemma 4 - 26B-A4B,Gemma 4 - 5B,race,GMM,hc_values_per_expert_hat_1_new.parquet,6.720382028902561,2.0,10.662415939333238,4.0,0.7562151237659178,0.0,-0.032466995350708155,0.03378615117291219,-0.052876245936966645,-0.048887783114882295,0.0238396799611553,-0.058071065903232175,-0.048953359140784226,-0.022434708503725212,-0.0212395788405012,0.01648636379007607,0.056220859676637404,-0.03163666709646545,-0.03568369823875469,-0.05885905577467711,-0.0503288946720948,-0.061190868868988585,-0.04459244978886636,-0.014294726997186247,-0.04503239689905879,-0.01526132796910275,0.0011840604039841758,0.05972174437244722,-0.017098829400585484,-0.006640556929765362,-0.030007447643935956,-0.024955965922713756,-0.02473189812269337,-0.02979852481262842,-0.03260477006472608,-0.0698545341748334,-0.026713287672856127,-0.06469913586763444,-0.01789613853411512,0.03654890151735526,0.08085876176215835,0.01405778792324798,0.024438329473110174,-0.006019390625552144,0.009277262235606737,0.013396749478867966,0.00011491471840202682,-0.0011425532006028502,-0.057319986439434374,0.0018732993159090204,-0.05302656312065027,0.010351750966233775,0.053968261518490664,0.07178200272887479,0.02384099123638174,0.043388837154908544,0.005973807194996593,0.025758355330684678,0.027435171055466695,0.01745385941896915,0.014205637464815193,-0.054250342507172124,0.012859219375155788,-0.05093597931991165,0.020027539167056983,0.06408967851434075,0.06595808399330148,0.024541483613022018,0.05432878353002035,0.007978079998178655,0.038108887892096335,0.03352100874316638,0.02996974154357533,0.02058446000816172,-0.04723646971507195,0.02365400743440152,-0.04504968352650503,0.029027624248918995,0.09123590480697961,0.046929994003332504,0.030619985745388607,0.08430388302429241,0.018305350452440555,0.06640940327804494,0.043976851121342996,0.061027423362820556,0.03519579112680293,-0.04025701623347922,0.03127746551069252,-0.03777177350625315,0.037085440206568544,0.7740478538207906,1.003929286950833,0.7470573823586923,0.38523447125555305,2.6541708398912576e+298,2839.2191792874155
Gemma 4 - 26B-A4B,Gemma 4 - 5B,race,GLM,hc_values_per_expert_standard_1_new.parquet,9.362051080268994,2.0,13.8884765345543,21.0,5.365574474173702e-05,0.0,-0.0887738891107332,-0.0008560499554600926,-0.07004613410002758,-0.10845701515751477,-0.00201006491543269,-0.08488892180941601,-0.06541101616183581,-0.0032478256623668035,-0.04974456974216679,-0.023362872948897384,0.0023917757069067107,-0.02030156435786079,-0.07221091329921643,-0.04643882670173225,-0.08506088134514964,-0.05377774855621889,-0.044395920888012266,-0.026043891659637754,-0.05896904561514357,-0.043750570087585886,-0.05254570178660334,-0.01480830421677281,-0.040382246107256076,-0.07079942515865201,-0.035251183353553865,-0.08149070018773247,-0.0628317186132391,-0.08408823362161955,-0.041920446816303185,-0.09684753959065888,-0.07497948670431767,-0.06132869612240912,-0.030677748115430985,0.007180329328291711,0.04112094072797196,0.019590001519314174,-0.07170896253643755,-0.014769998352761387,-0.019404328498635597,0.0008451038635135257,-0.08671423968134936,-0.02149378352416825,-0.06292263544362946,-0.04076850216263643,-0.054442627346704166,-0.02005942931214556,0.031490933208696816,0.04573379808148961,0.027260932217792057,-0.06440623595253678,-0.019698954159851123,0.006388751187318332,0.015122064642240066,-0.07993088158392123,-0.020910724832987303,-0.05147472427363148,-0.02256236258903597,-0.04819998806560271,-0.006641039238792622,0.04370452277633664,0.047791740269658434,0.027189570369320456,-0.06140438748818823,-0.024853063412162646,0.022427822752545887,0.019208124750560673,-0.0754294828919575,-0.024106674105935543,-0.04006195059031504,-0.013334097531664993,-0.04063196269054612,-0.002317724810682327,0.0711952297429064,0.03955828437570795,0.01026322106449043,-0.054692324248014984,-0.05662540995110556,0.0487494849299844,0.0034848237979422823,-0.069462844716969,-0.0545803667157333,-0.037759197342441236,-0.012758994779891836,-0.03711749749548101,-0.0028091883277454855,-1.1427756888071197,-1.2992069262375727,0.14742100820951887,0.0,1.788524824724567e+295,25.543167280169595
Gemma 4 - 26B-A4B,Gemma 4 - 5B,race,GLM,hc_values_per_expert_hat_1_new.parquet,14.710080125912148,24.0,19.976167906710547,26.0,5.365574474173702e-05,0.0,-0.05388658711318495,-0.0008560499554600926,-0.07615054228093013,-0.07988626877847438,-0.00201006491543269,-0.08972702234618886,-0.07784469753843253,-0.0032478256623668035,-0.04713181396015214,0.023958110425247578,0.0023917757069067107,-0.029018728320777988,-0.023652251088152543,-0.05413473654554003,-0.045151493370969985,-0.059918711368631396,-0.06141078799361323,-0.022848078027576355,-0.07259416621728125,-0.04112200955044745,-0.007705633433441253,-0.01480830421677281,-0.043936835317300284,0.013822080379448045,-0.04005543128612054,-0.047958419944220614,-0.0643171167700666,-0.018204798989260106,-0.043984017213121285,-0.11101802438494313,-0.07070284400088685,-0.0812869770474735,-0.02502766492887573,0.052193011603298624,0.04112094072797196,0.014129189932239777,0.020414174516770807,-0.020628414023715277,0.007096823053682701,-0.0013470782852594491,-0.023342914489543717,-0.023526934140905863,-0.09682596253402008,-0.03416602330878449,-0.1014399886528741,-0.0122088738732505,0.08372583090670496,0.04573379808148961,0.01902940015478854,0.037985506185034136,-0.027855310905038205,0.03426222999204237,0.010098532320747056,-0.015115798437469598,-0.025578365992412574,-0.09723416882543723,-0.01679856439876309,-0.11418674905664411,-0.0002497736190730268,0.10526491243941712,0.047791740269658434,0.01994788350883124,0.05522449753988808,-0.031201513009752716,0.05632134200862292,0.014887156409342822,-0.001842268476504671,-0.027369580822033675,-0.09141365592967185,-0.008029629935251298,-0.11672481633049267,0.0034577695493251104,0.14437601114771756,0.03955828437570795,0.004390493617283555,0.08167059669187723,-0.060657683329364505,0.09477487216012351,-0.0002851972367196227,0.023496067535457247,-0.0565238631953556,-0.08500432067509837,-0.009125573209894414,-0.10940824363434658,0.0009829802290586612,-2.027274651979505,-1.798864573093252,0.10764436100058893,0.0,1.788524824724567e+295,25.543167280169595
Gemma 4 - 26B-A4B,Gemma 4 - 5B,race,StudentT,hc_values_per_expert_standard_1_new.parquet,9.19502968951209,2.0,12.023680068679353,4.0,0.042083989125769064,0.0,-0.050458866229726215,0.005528605540089654,-0.02380606085777981,-0.05960871212412574,0.004976033424521304,-0.02784988235974621,-0.03164792312978214,-0.0007532794155174864,-0.01419024763432608,-0.018810943099944077,0.006281884955607141,-0.009615813223453729,-0.034215689583331814,-0.00036658814471739876,-0.029732225065691637,0.005282138671259047,0.007600089617420059,0.015276123387028715,-0.0043011421603075355,0.00395368504150535,-0.015381869486140646,0.007687127689719521,0.020653818144968784,-0.030787177538425366,0.024513245082516157,-0.02841906641596484,0.014621962665134765,-0.023672759679721503,0.03227864483897054,-0.04062189719061035,-0.008740879193126055,0.008005448906487208,0.02978178130596026,0.02279982424347051,0.004094752035468923,0.03899171399751521,-0.046839612343771174,0.00535050426825563,0.014350483665358998,0.03503914158845686,-0.03800260214739899,0.012229386835134018,-0.014916307170700914,3.857652362829157e-05,0.009816367948352679,0.018065549997944477,0.037414535109243086,0.0019049413129056622,0.029931093896184445,-0.053944096854733004,-0.021191043669837175,0.032106792882018356,0.029391913380737378,-0.04538827600905311,-0.013190763908661526,-0.004929292786302106,0.004558494723944366,0.00905412045231366,0.014172305127154556,0.04225112498356351,-0.0045091457728588065,0.023430958523906892,-0.05982029948332018,-0.033942278841159156,0.0411950179664559,0.02601830580663554,-0.04972119906205501,-0.025279399993315504,0.004302036153672176,0.009383169505066565,0.012753821659058194,0.013681673770592526,0.06583146371246315,-0.008219073013652356,0.009069563787400373,-0.05449221337277732,-0.0666624306839529,0.06337397444678879,0.009526484637840822,-0.05131496998614883,-0.06267873522656056,0.0028697442525837807,0.0020380648511102335,-7.42648759284509e-05,0.00010795460750824086,-0.7863728522109606,-1.0586062608157152,0.20424979425058246,0.0,3705940.213210664,28.025305034364997
Gemma 4 - 26B-A4B,Gemma 4 - 5B,race,StudentT,hc_values_per_expert_hat_1_new.parquet,13.858223637144084,16.0,18.226865431392188,26.0,0.042083989125769064,0.0,-0.030174461288828166,0.005528605540089654,-0.033131949563575736,-0.04338048090175797,0.004976033424521304,-0.03643689354577859,-0.03991825810080442,-0.0007532794155174864,-0.013444035684614886,0.009743796811976253,0.006281884955607141,-0.01968791387896085,-0.0032437464310465436,-0.012455807321318967,-0.007855962312046825,-0.006016592745859576,-0.01294559880305436,0.01580830270031775,-0.020172450655998073,0.005429001117846289,0.005765291421452016,0.007687127689719521,0.009111645784226683,0.006487644042676629,0.009955130755910237,-0.015349788366941073,0.004797572291940523,-0.0027635077853255924,0.019426012020402637,-0.054685369489116946,-0.008300737881887382,-0.022556535071928386,0.029101862737129124,0.04725199745506601,0.004094752035468923,0.026089218839460963,0.006567011025350452,-0.008927886570729428,0.024913548893392798,0.02453248785543417,-0.009057527245782678,0.00032242371992278064,-0.042662523395309807,0.0026735725133799513,-0.03636643558048673,0.020273731035192734,0.07027507959555801,0.0019049413129056622,0.01947749063904804,0.01568690039457742,-0.031166086221809497,0.046053174617296966,0.021073731097587305,-0.007023880833254151,-0.021066461599304948,-0.041946622003328826,0.007432108221265981,-0.04890651900046762,0.017030111176751406,0.08527556046507528,-0.0045091457728588065,0.013637153920312065,0.02686113791240793,-0.042657620555027184,0.061624298934382656,0.018042443018475067,0.00027066268294576815,-0.032178652254221334,-0.03877421242817079,0.011855165793991117,-0.05419943143134726,0.01629743208904811,0.12259239924756532,-0.008219073013652356,0.0026821790962767364,0.05592110388218096,-0.0706386202467785,0.09875436184491129,0.00580012011210456,0.02509687840411642,-0.06364613469162653,-0.03443172177721116,0.006762309376480226,-0.0565037335466639,0.005802787179756834,-1.5950369715334045,-1.3162118878767142,0.16471514493415562,0.0,3705940.213210664,28.025305034364997
Gemma 4 - 26B-A4B,Gemma 4 - 5B,race,StudentTSkewed,hc_values_per_expert_standard_1_new.parquet,7.552001359278867,2.0,11.57990234654457,3.0,0.13898626412934612,0.0,-0.05234579718172866,0.00657537672900588,-0.015740005111861938,-0.07823879784364607,0.005426364438495786,-0.024254524979746214,-0.07734709375338639,-0.0022307980974032803,-0.025235505130575375,0.025001296571657727,0.00880617482640916,0.009495500018713438,-0.04152441132894611,0.0019868254278228564,-0.05574759594262069,0.006440622654927578,-0.04413467536265276,0.012359989509513562,-0.06443305090763567,-0.01636838032934533,-0.017301555539814734,0.01027634944135783,0.02759981080401165,-0.03169077329639135,0.03015195697184436,-0.05816545275679016,0.01437552512736738,-0.04830766738164323,0.0418404157695048,-0.11613504065023124,-0.02556471836253151,-0.05638726858120501,0.0425121235385806,0.02656354460001669,0.0008943236367966712,0.04928396741441146,-0.042168241840167646,0.014650214083854675,-0.01574179361977235,0.0375570456651372,-0.051871181319764044,0.03457617948586261,-0.09638207937724949,-0.016333082348860585,-0.03436688748237131,0.05240264328543772,0.04676818924298451,-0.0011317647146028382,0.04072776048889712,-0.047799169742303735,-0.01679026739171503,0.0066801826354076,0.0331146804921892,-0.05587784923832799,0.0062531353231078035,-0.08288679872254116,-0.0095750936747932,-0.028141593369559962,0.04960579428830536,0.05876031641743474,-0.005851222810335951,0.03654248588052034,-0.045389636354455594,-0.030579147516858248,0.02595917777629486,0.031376720754703116,-0.05047932618978574,-0.009993018012658516,-0.06311366314804452,-0.005656849624506333,-0.018630031026523122,0.040401018817414924,0.08897945690414871,-0.008007353285069348,0.02252692943499407,-0.03168633585166234,-0.06820975544284658,0.05643167037238978,0.01568670955524153,-0.044612110966300154,-0.05371202933751465,-0.05647396702334596,-0.01140667958794833,-0.030617839137321884,0.021164362130834436,-0.1831901923065941,-0.10241800101910482,0.24812640889692605,0.0,4.471312061811418e+295,71.53718245636053
Gemma 4 - 26B-A4B,Gemma 4 - 5B,race,StudentTSkewed,hc_values_per_expert_hat_1_new.parquet,9.983787022463872,2.0,16.70986550293318,25.0,0.13898626412934612,0.0,-0.0462083070440282,0.00657537672900588,-0.025768513947354764,-0.07778141144117223,0.005426364438495786,-0.033820724246946085,-0.09193533737292177,-0.0022307980974032803,-0.025334829020276305,0.04572703032889357,0.00880617482640916,-0.0004336849270784593,-0.03387681433664275,-0.010486849144651686,-0.05661857772537301,-0.006049731670027509,-0.06625766314306579,0.010661282167488875,-0.08134486711751786,-0.01673899674952727,-0.011208836906068335,0.01027634944135783,0.015194656615152163,-0.018322531103194494,0.014897426540032843,-0.060556257760622116,0.003093965832676746,-0.049635793539569116,0.02661349722277273,-0.13673916923567683,-0.027034595498119953,-0.09125416308280504,0.03705801426213186,0.03815559407122479,0.0008943236367966712,0.03431851190392911,-0.005947182544836832,-0.0020127188629530243,-0.016952828220964868,0.024194270586175938,-0.03946633394690736,0.017760138903854198,-0.12467061177228055,-0.016139462027290503,-0.08342813018382672,0.04781947554299162,0.06774145305122176,-0.0011317647146028382,0.028786073107836,0.0073440462103326635,-0.027909281196526064,0.010995721993544497,0.022179722740960108,-0.030012209075266128,-0.0056652918047393015,-0.11703054255406156,-0.009578248214907898,-0.08439721686843023,0.045541666123563855,0.08860786989072397,-0.005851222810335951,0.024812056010517114,0.023700303442395605,-0.04062278245411581,0.03661400687387961,0.020413378889996857,-0.01377452528582085,-0.020821894874815238,-0.10075462630100182,-0.005806222394695505,-0.07876244202673936,0.037030495191708375,0.13434418786486949,-0.008007353285069348,0.015533864340462146,0.06167800387040317,-0.07099369666900171,0.08436883175445939,0.010363411315870824,0.021065452661611462,-0.055771701939877356,-0.08698772546368566,-0.008802490838209267,-0.07572245033718093,0.022300885833513653,-0.7069161385127,-0.10610621245493507,0.19402240119409697,0.0,4.471312061811418e+295,71.53718245636053
Gemma 4 - 26B-A4B,Gemma 4 - 5B,race,KDE,hc_values_per_expert_standard_1_new.parquet,9.086224781799972,2.0,12.64630133066247,5.0,0.04232543997710688,0.0,-0.05841774926244588,-0.04182566533794857,-0.031256566346192234,-0.07339698911203893,-0.04601022368842406,-0.03897700690231094,-0.04854477368915057,-0.017005384296417618,-0.025175377075480745,-0.009872975573295313,-0.024820281041530952,-0.006081189270711489,-0.0488025828799508,-0.023663490817261313,-0.06279719410827936,-0.030493175012824267,-0.044477922046517446,-0.02168568148875707,-0.045894611937215446,-0.023028669887508305,-0.017593455768225696,-0.03997329083844937,0.007328142057722209,-0.00842519636753594,0.01450506101250338,-0.041556675245784824,-0.004390821764075998,-0.030761984536079194,0.00427973469039152,-0.07079953976805481,-0.028856070882440202,-0.06306678729509178,-0.02224720242596968,0.029894927593128028,-0.017743372389101356,0.03138516461062257,0.0324987884957335,0.03312605399164193,0.009139197942165628,0.02335778868302756,0.013222876484859387,0.026444574981651987,-0.0431098891476388,-0.01176274477438401,-0.038876276220050486,-0.00806487523036848,0.042146375156967356,-0.005660969140761097,0.026834033370935984,0.04031634640393399,0.025088641913498175,0.023584638773631452,0.022169740536113043,0.022758527766413388,0.021430289747355304,-0.03441116468284527,-0.005502084519641255,-0.03245974749860834,-0.003529998123964048,0.04498344023890512,-0.005353704397557281,0.02120246039912747,0.04223474492578849,0.0186676820019575,0.03218409887302111,0.019087319601942494,0.02987944943523374,0.017110819299676873,-0.021166275032011957,-0.001336886631045741,-0.020612728449121234,-0.0005016413743450314,0.0581828280653111,0.02006623070207899,0.004282612410447182,0.04568186896732012,-0.005596224144437355,0.04620693775129314,0.0034057443644655455,0.03354967808018537,-0.006237008094404728,-0.01770902285219192,-0.0012939297774035817,-0.019511082565389245,-0.0019968700843670858,-0.6264414746133523,-0.8307039878366773,0.2414791347871494,0.0,5.821648304478465e+297,40.51506232712684
Gemma 4 - 26B-A4B,Gemma 4 - 5B,race,KDE,hc_values_per_expert_hat_1_new.parquet,12.428968736586064,4.0,18.196424738875375,25.0,0.04232543997710688,0.0,-0.04323868392948653,-0.04182566533794857,-0.041628051691378135,-0.06473355676842837,-0.04601022368842406,-0.048667415848297604,-0.06417995227242818,-0.017005384296417618,-0.02472723393972128,0.020941268342941646,-0.024820281041530952,-0.016900817751656853,-0.035276856575498325,-0.03319443208535923,-0.05605730886008052,-0.03921840907834283,-0.06106024656678855,-0.020778995786971764,-0.06222876160889967,-0.022176723299756184,0.0014229493416742208,-0.03997329083844937,-0.004874125146230149,0.008792900354530992,0.0029522171988241716,-0.034202260358279654,-0.015200987541723521,-0.025671601756997547,-0.0057028662959646105,-0.09527104509335216,-0.029530560333798854,-0.08944780624508618,-0.02219466815023609,0.05335792450975535,-0.017743372389101356,0.01990650748000111,0.05571451183056378,0.02158049797043976,0.014598205203640928,0.013724253857390544,0.017923617303379838,0.01682899836397341,-0.08111584130077902,-0.010115392504559385,-0.0781978846913029,-0.006224574285104689,0.07580446782350483,-0.005660969140761097,0.01744751042175089,0.07486198724819647,0.015491033697597963,0.03463544436907909,0.014131838505755473,0.03409462999127552,0.013245608252260758,-0.07974425480391159,-0.004226393792913503,-0.07900044991625683,-0.002148797542718705,0.08861280959191661,-0.005353704397557281,0.012548265393901702,0.08718826258803469,0.009800413168435036,0.05041590949565403,0.011545156424075376,0.048782406632837096,0.009391009185703956,-0.07032767165272427,-0.00024276561346318892,-0.07099827859948125,0.0006361974445729691,0.1205844810150514,0.02006623070207899,0.0021686828959811854,0.1116584365823325,-0.007728105422144164,0.08276768371462946,0.0019636555078322415,0.07289038526254625,-0.007683808251208114,-0.06354051959949679,-0.00016167063857633996,-0.06648768042777463,-0.0008411002418722683,-1.281479591896385,-1.0573200209412985,0.19516297572918498,0.0,5.821648304478465e+297,40.51506232712684
Gemma 4 - 26B-A4B,Gemma 4 - 5B,race,JohnsonSU,hc_values_per_expert_standard_1_new.parquet,8.722492488195735,2.0,12.523805265417083,5.0,0.1255097295750465,0.0,-0.05688842609748322,-0.00034268738014605433,-0.017276511041576705,-0.07722512741496024,-0.0011336407809834149,-0.025988158678384946,-0.06287953021654796,-0.0021930833290004005,-0.025978021671221412,0.005991104119064741,0.0018503959488543461,0.008701510629644707,-0.021282299668844262,0.014544905138164541,-0.02227029966196066,0.019705630269532853,-0.005464779888051323,0.015903907129834857,-0.035853389930031856,-0.0181499265716214,-0.02057324322053592,-0.000433956441459248,0.021931485363920332,-0.017534243951918757,0.03393115995419408,-0.05347607015232546,0.008104366649857885,-0.020018058213707494,0.041715652957990436,-0.09591437404087681,-0.029237611583475556,-0.013034741604035043,0.0332673705555847,0.026142757375904158,-0.00034032760719714854,0.04257667421494536,-0.016385705932689006,0.023336264069594773,-0.005498320193804492,0.031180733407588628,-0.01503089573306906,0.03441010503991568,-0.07053184501135629,-0.017188947605700396,-0.0007974117676393392,0.032898284505938576,0.0418533394705055,-0.0005697199241402281,0.03730357595953033,-0.028529463799353914,0.0004365682469296354,0.012939108967404564,0.02966217864718798,-0.023456774180445363,0.01520292007398085,-0.05821133890286558,-0.010303012462651046,0.0060055636946318635,0.0340312234187383,0.048375629817711506,-0.0020490129393418996,0.031520416523646136,-0.036029824415278064,-0.013939981433940839,0.026912329451719626,0.026392875879863387,-0.029416920711158298,-0.0012609063455822488,-0.03974035584189696,-0.00636073616190429,0.008776861930026712,0.02571618463144796,0.07275503775361805,0.0024956256691710827,0.017885452237384775,-0.045527055914392774,-0.05259634426432623,0.05347596170726719,0.013808942120165767,-0.04255774688340223,-0.04157380406324785,-0.031031711346626013,-0.006259682961039129,0.000402345820940481,0.016087120290542954,-0.2559467148810079,-0.2578577106194775,0.28260992595416845,0.0,1087163711.348567,45.25911282586253
Gemma 4 - 26B-A4B,Gemma 4 - 5B,race,JohnsonSU,hc_values_per_expert_hat_1_new.parquet,11.746405065102303,3.0,17.79083202174846,25.0,0.1255097295750465,0.0,-0.04550886571263839,-0.00034268738014605433,-0.02743931470383487,-0.07163069577478126,-0.0011336407809834149,-0.035306748257054134,-0.07704500814153337,-0.0021930833290004005,-0.025058911312132053,0.03153614242889498,0.0018503959488543461,-0.002380403391702819,-0.008375130909081112,0.002339004712988516,-0.020961345039724653,0.00843870107308076,-0.035242021180044845,0.01685444327431483,-0.05410771902601195,-0.01671364081566247,-0.006064852988974452,-0.000433956441459248,0.009097931019069465,0.004706864062051429,0.018618432606367714,-0.04866026531168739,-0.003213200490185497,-0.01675911895037121,0.02786966405653759,-0.11672269249669531,-0.02980754525731057,-0.05628043915728326,0.031704372241243464,0.045944425841834544,-0.00034032760719714854,0.027555859098011882,0.021284783794667486,0.006067876431517588,-0.0005517473618392732,0.017862606508575678,-0.0047333470820775875,0.018638977446508335,-0.1017809950526285,-0.01676564294380369,-0.05821862198848121,0.032227601981320964,0.07102469711693493,-0.0005697199241402281,0.024402253029954,0.028704735507980614,-0.0137951933983435,0.023143495346619837,0.01773533141527551,-0.00019711541361727204,0.0015683869508736183,-0.0960640658473843,-0.010565941086403852,-0.06074895930390529,0.03258292784826763,0.08694789376055989,-0.0020490129393418996,0.01957086434794005,0.03829158316813267,-0.026720980562526024,0.04352125214599339,0.014890819435769236,0.007057370592794084,-0.013983213042524685,-0.08212201904536301,-0.0072492895529467066,-0.06271353389149949,0.023785470834017438,0.12622609145714953,0.0024956256691710827,0.010970898229441091,0.05846231827741399,-0.058581928673755126,0.08409804711475886,0.0077695931475202495,0.022807755783026417,-0.046971901126887504,-0.07176252299805776,-0.005286809212747382,-0.06603670536579954,0.016545594149667987,-0.8451045821585609,-0.2706646051216448,0.22355132800424513,0.0,1087163711.348567,45.25911282586253
Gemma 4 - 26B-A4B,Gemma 4 - 5B,mmlu,GMM,hc_values_per_expert_standard_1_new.parquet,4.99328,2.0,6.98856,2.0,0.54992,0.0,-0.06778165712187767,-0.0032395701738564134,-0.08267602811217833,-0.07595720429470926,-0.009341482691758754,-0.09043653338293701,-0.03111992824437075,-0.017924075999884805,-0.03159342983584114,-0.03666172887750692,0.014684505826028392,-0.051082598276337196,-0.06464417959314936,-0.0804590701826565,-0.0701527334186487,-0.08557290349763416,-0.023052523627092376,-0.02367796855847098,-0.02673245581934429,-0.02733582418085592,-0.03559651596835564,-0.0009439048832921132,-0.03871934152908811,-0.03384440946357951,-0.03719258523574001,-0.049891468706454174,-0.05128479567676335,-0.04366463662642379,-0.045198957989425706,-0.04995135133574068,-0.0460501352190085,-0.03702232495814391,-0.03294746801722261,-0.03341223491665947,0.0005240276904126219,-0.02932604534282889,-0.031071216813743887,-0.02675781304385574,-0.040385473985440415,-0.03880179032928943,-0.03461470881997657,-0.03311036543311208,-0.02408667037586039,-0.0291485459254813,-0.015369340182814174,-0.02111465007219572,-0.010860051881339677,-0.005169999517828605,-0.0036722711681788055,-0.008018074215448047,-0.00045857974330820934,-0.015836043432893028,-0.010458554760548952,-0.008256737502476382,-0.0027503159975848157,-0.01291732746199236,-0.01564692305270734,-0.001942091310221149,-0.005146822701749607,-0.0065377997225875804,-0.015963618021506462,-0.011822385949750552,-0.0014188553968512065,-0.0071131944096658635,-0.012243838854831313,-0.018812613886606447,-0.0007373936369819997,-0.007892326323298116,-0.0128664297907315,-0.01629587675416564,0.0012302723345613558,-0.0026220811526235705,-0.002652239923273252,-0.005735949319767394,-0.0036542230467049566,-0.012410200116902319,-0.011503340443064102,0.006120582824758754,0.0132191672309291,-0.016784699628266005,-0.0018904288587301389,0.01681918441646587,0.032521887885712135,-0.010020371632457647,0.017413107470504206,1.4188565767110928,1.003929275200642,1.0455782434808871,0.16178040591685572,8.079999999999999e+297,1448.4343084652844
Gemma 4 - 26B-A4B,Gemma 4 - 5B,mmlu,GMM,hc_values_per_expert_hat_1_new.parquet,6.1296,2.0,9.77328,3.0,0.54992,0.0,-0.01838710988766308,-0.0032395701738564134,-0.06816698257240453,-0.029660129912103365,-0.009341482691758754,-0.07816603125229718,-0.034502848043520266,-0.017924075999884805,-0.03641111107236417,0.016115738155857186,0.014684505826028392,-0.031755871500040354,-0.014198578225969023,-0.06498480407252372,-0.023785725826073446,-0.07275215606511483,-0.029171682477446854,-0.029590928558504027,-0.03168338542476215,-0.03287263618785278,-0.0003497389579648117,-0.0009439048832921132,-0.02114014999142832,0.0023368876160308654,-0.01847891380597586,-0.018972831411108816,-0.03693249968022858,-0.013472228733338528,-0.03036682521748467,-0.051804619510775925,-0.04994026364112161,-0.04324332774672972,-0.03834287318394867,0.0048620967960371075,0.0005240276904126219,-0.007350522540048955,0.007937023039818598,-0.003672321672409153,-0.009623261085860535,-0.023129923924888957,-0.004447646337712046,-0.016819762778755017,-0.0334865852517541,-0.039296026062211505,-0.027794769416698752,-0.03219780374490673,0.02380550628713704,-0.005169999517828605,0.01827409986405267,0.026598271425119082,0.0223059061757219,0.005696363038281662,0.0010622476681242969,0.011164726330414387,0.00867711136709698,-0.03581091885584484,-0.03480611490591218,-0.029423732384377246,-0.026191546345342705,0.031199437722874833,-0.015963618021506462,0.013522780347107246,0.03533676896502528,0.019163464135261613,0.011578883834415233,-0.0025275867203660334,0.01933741394417139,0.008284540743564864,-0.03672807405394442,-0.031724623750050196,-0.028602574650015346,-0.020125425303374758,0.026926980591351474,-0.005735949319767394,0.015550948805373242,0.02885493222327398,0.0163864964825976,0.012182562796837795,0.023344131006116726,0.000734714424513229,0.012840011151063134,-0.025591440734771206,0.017074017621359364,-0.05150747288694232,-0.0049816314402953855,0.6413429137796602,1.0027613662937562,0.6631759822420367,0.16047910308045815,8.079999999999999e+297,1448.4343084652844
Gemma 4 - 26B-A4B,Gemma 4 - 5B,mmlu,GLM,hc_values_per_expert_standard_1_new.parquet,9.13696,1.0,13.346,6.0,0.0,0.0,-0.09275989425483838,-0.06786409661511805,-0.060859533607367004,-0.11607317736067078,-0.08392000436557745,-0.0695861570123853,-0.07748354237357734,-0.05380881084781019,-0.03193072899290465,-0.015276351881261044,-0.014055285767307864,-0.02892880461446235,-0.027793381414575824,-0.02251518131505335,-0.043999017913570325,-0.023670044847910424,-0.049407804704616226,-0.005710290423820951,-0.03633379721323945,-0.014087739911335589,-0.0656887647054764,-0.06671883615729182,-0.04046147437039303,-0.04306285824982586,-0.02245816703154562,-0.10119622123349511,-0.04796074369861728,-0.0656218124149044,-0.018745355002939994,-0.1175209786272996,-0.03248708132117731,-0.07494175447831614,0.003937287232637041,-0.02451349870893159,-0.05266192728912089,-0.02494011614559836,-0.0035551409960604104,-0.016556882987513812,-0.059947277510106756,-0.03370818378816722,-0.039451356347649694,-0.01907420688411537,-0.09002620774563105,-0.026482394256730497,-0.08647383888332201,-0.009674698227333916,0.022242792555318663,-0.029509566244063472,-0.0003179165659382751,0.014106573153332084,-0.006107341225386559,-0.016071536772948335,-0.008344966470250828,-0.027749400619829726,-0.008698332631828658,-0.08074020937649835,-0.01779579300712507,-0.09005942785082989,-0.006812280980723226,0.02792521582359294,-0.016204834222244825,-0.020599830750708523,0.006197512179598565,-0.030460038013702284,-0.011894944490080552,-0.02696507080737316,-0.042994322957407405,-0.032872725338117505,-0.07949445129365873,-0.016215469777150868,-0.1021810084709779,-0.009337951357940277,0.0362323804765514,-0.029718073097638745,-0.03437211198090942,-0.025623986999091686,-0.04959380110554937,0.013087176686634302,-0.019688164544829013,-0.06451045028032831,-0.034466011019028485,-0.04089147155394743,0.02458650405503507,-0.07884855244284097,0.02359190333766198,-1.4433419279902737,-1.4849652588972004,0.05514466976865689,0.0,57.10533253134364,23.142549391909153
Gemma 4 - 26B-A4B,Gemma 4 - 5B,mmlu,GLM,hc_values_per_expert_hat_1_new.parquet,15.24648,25.0,20.19568,26.0,0.0,0.0,-0.04997666232375589,-0.06786409661511805,-0.06262104624899081,-0.08631214924700896,-0.08392000436557745,-0.07122457480000544,-0.11017019136376546,-0.05380881084781019,-0.031773730699555386,0.060193529040009575,-0.014055285767307864,-0.030847315549435428,0.03581609807419794,-0.0247874160626069,-0.000803437201260089,-0.025871807191585564,-0.10113114882912633,-0.005750579670066406,-0.08705166318345955,-0.01442908409958065,-0.013517984411694172,-0.06671883615729182,-0.040051647091821435,0.04113901306414907,-0.02212386830389009,-0.0674837014743878,-0.04691327619380576,-0.010497089454735186,-0.01779591290874382,-0.1537242000689703,-0.030598614551477374,-0.13183251136333704,0.00574210511514991,0.04600063928857606,-0.05266192728912089,-0.023539075725765204,0.10769308856482329,-0.01511520691435836,-0.01611327397351158,-0.031320820826551,0.03140926316899957,-0.016622626974210332,-0.13798791865515495,-0.02381632066705813,-0.15825162494251516,-0.006944803045326577,0.09663787171395584,-0.029509566244063472,0.001748794254110517,0.1342066679185283,-0.0038073027110634683,0.027278879078661722,-0.005583096249495879,0.044447002055680425,-0.005776098862165412,-0.13619192130799274,-0.015894027120893783,-0.17470437245016748,-0.005028659930863089,0.0961248581042912,-0.016204834222244825,-0.019500627454511987,0.11836981066140859,-0.029265928645559706,0.02220597557001748,-0.026160813339808603,0.015968656233665744,-0.0320027754434027,-0.1413679085050223,-0.016679371809620282,-0.19787509736544429,-0.009849109746803749,0.136232217198532,-0.029718073097638745,-0.03371607049428874,0.14282205590726876,-0.04925466687435446,0.07578386675488014,-0.019929011129714288,0.041684793972215244,-0.035032508635121334,-0.10184063103190576,0.022912843679235986,-0.1801659287306285,0.021866869956122845,-2.377831336403417,-2.104517969017599,0.047107816814112045,0.0,57.10533253134364,23.142549391909153
Gemma 4 - 26B-A4B,Gemma 4 - 5B,mmlu,StudentT,hc_values_per_expert_standard_1_new.parquet,8.63928,2.0,11.49576,3.0,0.02792,0.0,-0.07140017908152442,0.001896377543389901,-0.07904225617514393,-0.08498446143838553,2.657687513918654e-05,-0.08826024613705245,-0.04709148033582167,-0.0051689083096034105,-0.03538112688086513,-0.024308698745702753,0.0070652858529933115,-0.0436611292942788,-0.002244890514769498,-0.03729273940408402,-0.008420684649368973,-0.039829402264445285,-0.017954584950543827,-0.011323769662501324,-0.031189829988302893,-0.024472873204863077,-0.048700139056545313,0.005625967573760528,-0.046526807999261635,-0.016163562425742906,-0.0242816828784399,-0.06895685494227013,-0.05528784868935996,-0.024376711748822805,-0.02233697587151518,-0.0702814491403249,-0.03773904876486121,-0.027418673709196414,-0.0015367842423152688,-0.03323725419569605,-0.013221030727054335,-0.02647487015311117,0.007038736124085705,-0.0055594910961482185,-0.0460243739261509,-0.036080250404795386,-0.000750404971713906,-0.010901507871421775,-0.037922759134099024,-0.028822642556024132,-0.017012968522028084,-0.013968838070969427,0.011315798291299051,-0.006927169872284535,-0.0008194760788539403,0.0276359273777152,0.0015682235511777444,0.0024793153373130917,-0.014411218365397532,0.022060317309963464,-0.010160340699631256,-0.0175272875042173,-0.03018231562027845,-0.0074384030679526154,-0.025644252410917716,0.00960210412617803,-0.0016638693722133414,-0.02560563880727435,0.013944135216349535,-0.029668688900511206,0.0007036304270582553,-0.04016884464732695,0.002298506501075785,-0.04439671662130144,-0.01729378648771951,-0.03408679692352548,-0.022440253069127846,-0.03500152350354881,-0.0010772765675890498,-0.038037463504001334,-0.017935932955376856,-0.03571840238277038,-0.02878996022135628,0.014802131049377942,-0.00965254669291517,-0.0277709967621393,-0.02578320366814808,0.030887390374876568,0.014042700547159937,0.011291485883867679,0.0024633240906021445,-0.914970107620698,-1.0967683231213143,0.17015024811544185,0.0,2819598.148500517,28.43319237867448
Gemma 4 - 26B-A4B,Gemma 4 - 5B,mmlu,StudentT,hc_values_per_expert_hat_1_new.parquet,13.17232,7.0,17.63136,25.0,0.02792,0.0,-0.027769788874717406,0.001896377543389901,-0.07770029067520987,-0.048535054646223215,2.657687513918654e-05,-0.08683478708290354,-0.06287224573962627,-0.0051689083096034105,-0.034990548696154575,0.035102456864908864,0.0070652858529933115,-0.04270974197905529,0.054466134596612086,-0.035946053212769086,0.036733460165661404,-0.03843676630301093,-0.04493964475367749,-0.011045775214127432,-0.051806016763772444,-0.02399923562412934,-0.009603390119583045,0.005625967573760528,-0.04661087390033203,0.04065056431530806,-0.024421423121789694,-0.041313920282733896,-0.05428940722688672,0.01396850777319402,-0.0212025882197553,-0.0908078116314161,-0.0347578949968477,-0.06246467056689569,0.0019605963684071965,0.012238436309004768,-0.013221030727054335,-0.026243482897676078,0.07467275462697652,-0.005038493064828681,-0.01689344724345975,-0.03605613282331646,0.040906388413668435,-0.010574130339166887,-0.06679759434325058,-0.029265744111052067,-0.06397015674312616,-0.014315090754576407,0.05704994536894971,-0.006927169872284535,0.0002555420927628921,0.09826769339833735,0.002774747312082547,0.030348599974650173,-0.014864784275371629,0.06388044788677211,-0.010678469305829491,-0.04892044340168317,-0.03337033820596333,-0.058631994493918746,-0.029242685617598126,0.05010608828472509,-0.0016638693722133414,-0.023575117154284626,0.08024537910356104,-0.027425456907265826,0.018992569805763592,-0.04017986109401382,0.03249058315868139,-0.04443203627185942,-0.05815360910697912,-0.03807857355463287,-0.08879116714861943,-0.03946001904601751,0.06160880582978872,-0.038037463504001334,-0.015383642151242414,0.07735149784742497,-0.026214341203966308,0.049119951438319556,-0.009531623618105648,0.036025940993302745,-0.025951528848102506,-0.01705474629387904,0.009597761040642284,-0.07154556769066082,-0.0025903017653983737,-1.738320832722246,-1.4183944732308176,0.1379239577359983,0.0,2819598.148500517,28.43319237867448
Gemma 4 - 26B-A4B,Gemma 4 - 5B,mmlu,StudentTSkewed,hc_values_per_expert_standard_1_new.parquet,7.3652,1.0,11.2424,3.0,0.08288,0.0,-0.08166662467329022,-0.006604754968552879,-0.07609548650791581,-0.10513219302884605,-0.007234386023477613,-0.08724883217577636,-0.07667950577488962,-0.0025517292554336195,-0.04062107105335481,-0.004987118898400603,-0.00405302571311926,-0.035474415454561,-0.027778971457317506,-0.03376657532610137,-0.03514165721770257,-0.029305570525097333,-0.02407988668467585,0.009233294567719035,-0.05369741070154217,-0.026759212903367594,-0.0637673977780706,0.04508534146313444,-0.034292767011778,-0.04325859541060603,-0.006653144044998655,-0.09536020223961632,-0.047770636111969605,-0.051489114695292285,0.0012729589720860933,-0.10609862121895067,-0.04730693770531612,-0.03517580502313378,0.02016658702541004,-0.043017247162802405,-0.014629536597118062,-0.021022262821526916,-0.020489963559797736,-2.7695065582195922e-05,-0.07400253415713312,-0.0358119000098353,-0.029847555047597587,0.002821483468131073,-0.08353259585228087,-0.03998017475201238,-0.02685123457711089,0.006800661047791672,-0.013182715181406157,-0.007685606091876889,0.005801081974691381,-0.0065554666386893265,0.013724585921831059,-0.043872839297963186,-0.013754753046182365,-0.012872133023590181,0.010718428152321465,-0.07015563787260384,-0.04219201182580194,-0.015134006278761642,-0.004249662404286235,-0.006947571180095859,-0.0003172877735773041,-0.018599393497351915,-0.013322217517074915,-0.02205382018119237,-0.037878228823999445,-0.0399496603297607,-0.026991612366728826,-0.030118197495845555,-0.06575673856940749,-0.047321587970337836,-0.030526750921402727,-0.019988571464941377,0.001757628592482987,-0.040329580164227406,-0.025681237329580157,-0.04772495862019137,-0.04501224229802967,-0.0069718386038464635,-0.01997434223967886,-0.051878853834667046,-0.03504341881425842,-0.01684106371664408,0.008087708859341736,-0.013815001245490215,0.014084993927612444,-0.42037267868751543,-0.4628449214007094,0.22288371315351826,0.0,13747746.530269248,56.128732435447816
Gemma 4 - 26B-A4B,Gemma 4 - 5B,mmlu,StudentTSkewed,hc_values_per_expert_hat_1_new.parquet,10.18112,2.0,16.81032,25.0,0.08288,0.0,-0.046690723404138566,-0.006604754968552879,-0.0762005703820014,-0.07604983088095306,-0.007234386023477613,-0.08777086513857457,-0.08972420983815665,-0.0025517292554336195,-0.041832817214757526,0.04303348643401809,-0.00405302571311926,-0.03436775316724387,0.015675660136523318,-0.034840052905545225,-0.0026185341371114564,-0.0313978525647508,-0.05086504751011058,0.00619455507457741,-0.07103555974617187,-0.02820338404375377,-0.031782856574110126,0.04508534146313444,-0.03428407570904718,0.003509071462990482,-0.007064749930237014,-0.0728168626694641,-0.04735458871426604,-0.021927685370035848,0.0009892830560470041,-0.12308804947721669,-0.046173478337233724,-0.06978209043359475,0.02040576124363738,-0.0015734195287628143,-0.014629536597118062,-0.018074638684981107,0.03850618803864045,0.0033505420622635465,-0.046492125047147795,-0.033365854154009014,0.006012173685701712,0.0054755008740164125,-0.10755100947979337,-0.04052043919975183,-0.06917997861198831,0.005811719679986377,0.032258292670590064,-0.007685606091876889,0.007788464786848737,0.06050238837998237,0.015973550422161226,-0.011671610681312443,-0.013642517408196268,0.03130523337245433,0.010672377036939504,-0.09137931931114465,-0.04598458529619269,-0.05403560973950293,-0.008936507547972285,0.038188920782879124,-0.0003172877735773041,-0.015391146789599165,0.05639028634801481,-0.018281200507977043,-0.007087821869592158,-0.03935157828112573,0.019941517538787888,-0.029448810293415315,-0.08948658996785462,-0.05233949964029051,-0.06858295735297897,-0.025971084253915682,0.054174997019969154,-0.040329580164227406,-0.02108453875354787,0.0420026183185979,-0.04023237092695632,0.02115420043081437,-0.017950586425184007,0.0008231172824723608,-0.03304758136117495,-0.058043278914270253,0.003609763889625875,-0.075386116591942,0.009220239037981071,-1.0431163882677805,-0.5480920099781967,0.1763921272506286,0.0,13747746.530269248,56.128732435447816
Gemma 4 - 26B-A4B,Gemma 4 - 5B,mmlu,KDE,hc_values_per_expert_standard_1_new.parquet,8.9684,2.0,12.34432,5.0,0.00096,0.0,-0.03413065336877601,-0.007570738913222811,-0.05078936769281277,-0.04556094509869102,-0.008147477409995631,-0.06075522197796919,-0.03671856333422932,-0.002507683261960758,-0.0343694934713747,0.002587909965453314,-0.005063055651262053,-0.01641987422143807,-0.02428007907130894,-0.04397845396230901,-0.03271176172105767,-0.05124403519883781,-0.026962186075106177,-0.025798730111033043,-0.03640724828914407,-0.034011506901511064,-0.0008664812072725356,-0.01142057884817114,-0.015406906771093899,-0.0020458858354955546,-0.018872231458690866,-0.01838149697864701,-0.026254704397469637,0.0010194970064905829,-0.0163079832197565,-0.04887723491436785,-0.03455945136796017,0.007935991986114945,0.0016926473348698357,0.007874533190249958,-0.021623211569583547,-0.0006816554379400919,0.002806869374494422,-0.005373323541589908,-0.010470775999765244,-0.012463607469779595,-0.0027862283702148865,-0.008067801671301857,-0.042027310697571055,-0.028270019619698238,-0.012733531067540667,-0.0076337591384871145,0.024676613009611444,-0.040307180588356195,0.02589161630818106,-0.010906495395225787,0.008605256387370228,0.005570319028688479,0.009813850291714823,-0.02265079723519584,-0.0013883287632620984,-0.037860547678207734,-0.03095271564589179,-0.027896242763920644,-0.020557872483713945,0.02787590543811249,-0.03842435884494465,-0.010958725015606238,-0.015194287203183375,-0.03765304081500217,0.006828969452912054,-0.028288459435874314,-0.028979939701384305,-0.048507252310770244,-0.040180844709440486,-0.03783107621864905,-0.031017244404711732,-0.028046944910236134,0.023915880850790504,-0.07091705666516267,-0.0054895452558090824,-0.062354504594005454,-0.03951810379327771,0.023427820234550676,-0.0019082294726969293,-0.06591880001164255,-0.0364841246859653,0.0018954552278755317,0.006341151091132636,-0.014329630715206484,0.0012263387447975181,-0.9269625146662513,-1.0391837845134857,0.1819163623489488,0.0,7.999999999999999e+295,33.18917780921336
Gemma 4 - 26B-A4B,Gemma 4 - 5B,mmlu,KDE,hc_values_per_expert_hat_1_new.parquet,12.76144,6.0,18.35856,25.0,0.00096,0.0,-0.0030091351954632988,-0.007570738913222811,-0.05081191506509391,-0.020036216956575828,-0.008147477409995631,-0.061373950854332046,-0.04934086918192512,-0.002507683261960758,-0.036087826804292275,0.04633173398646182,-0.005063055651262053,-0.014724088260801634,0.009531691056625553,-0.04421613136452507,-0.005383369528399864,-0.052271919862136855,-0.04185476210332789,-0.02809885104930104,-0.049109712480712504,-0.03574265285320811,0.027823072356848402,-0.01142057884817114,-0.012467806621104447,0.04362244048173409,-0.015371610387064043,0.0011133906363993357,-0.02366897165947961,0.029549164682166992,-0.01310080579520256,-0.06613227675412843,-0.034693054117027854,-0.02656898924071504,0.001885424285247889,0.04763399124140465,-0.021623211569583547,0.004706070808443686,0.06667965140437573,0.0008730858601053134,0.014641135922919022,-0.00812899758285968,0.036863261535053767,-0.00295955281802581,-0.06812532283411352,-0.02958286305715221,-0.056351983704742266,-0.008959732700371308,0.06591855664905219,-0.040307180588356195,0.02862100707292687,0.0585000064571772,0.011718379030405951,0.03238239126642846,0.009744696648293916,0.02357005201320013,-0.0014783247154881488,-0.06245687359841397,-0.03665475473048187,-0.06680146978410023,-0.027083917354236712,0.07103291320460911,-0.03842435884494465,-0.0069294629542403785,0.05790100194047683,-0.03298797260992935,0.033090903506672556,-0.028350843966125378,0.01723569037288556,-0.04854320872890073,-0.06952663153308387,-0.04583702876812542,-0.07699946157652855,-0.03723455519842059,0.07823416812109973,-0.07091705666516267,-0.0014972220770515295,0.031229404936680537,-0.03552822853200293,0.051588633711997664,-0.0014635763294195483,-0.013799964474030727,-0.036395623896419683,-0.042725291531677444,-0.00011262441522990121,-0.08399465784630863,-0.0058988614575325605,-1.6914211040381442,-1.4068766291024792,0.14801715177999544,0.0,7.999999999999999e+295,33.18917780921336
Gemma 4 - 26B-A4B,Gemma 4 - 5B,mmlu,JohnsonSU,hc_values_per_expert_standard_1_new.parquet,8.30752,2.0,12.25032,4.0,0.06608,0.0,-0.0333537754605305,0.013533127726241606,-0.04717064797822888,-0.04630567804270336,0.010522088209086154,-0.05802659752469384,-0.041010753082389384,-0.007150213431355903,-0.03652593137636226,0.007656977621858886,0.02068334115759751,-0.010644716601866624,0.006136992599557353,-0.027773787657767432,0.007151488865127661,-0.030397637257703777,0.003590272370885831,-0.0105889980416118,-0.029311290985688257,-0.03280827701625706,-0.013540411726092601,0.005241478311921032,-0.01161311988458628,0.0023554199387018117,-0.0025288806234276292,-0.03153495250431389,-0.024821916784066422,0.004618359537631302,-0.00365673620796994,-0.05386295484718134,-0.040020454203115674,0.006969003647692108,-0.003862308871167203,-0.01002624289312038,0.014148898549101941,-0.003575983206972345,0.008062250951063495,0.00570657699433601,-0.027330384398205912,-0.01924036916915578,0.011430385168664563,0.0006872952850456211,-0.043531073759002246,-0.038180514238682906,0.009831590707718841,-0.01072658571271264,0.002202793778252835,0.001523320033826393,0.020411130193175323,0.003907128156639704,0.02303552928421239,-0.014654906120397316,-0.0023618257469578243,0.009387064510196129,0.010259859505331276,-0.03686553237582513,-0.04671809273396195,0.012814391388372048,-0.024204038166810164,0.0004854889657527105,0.0033649023432741855,-0.014345022701696152,-0.01329802192748759,-0.021908378791737567,-0.018594689179475387,-0.03993345510490353,-0.01292049615938284,-0.03808753859650708,-0.03989546675399651,-0.055602914673246115,-0.0010707042937419609,-0.03699151057011826,-0.008888248466861596,0.04805757072163809,-0.003356790983925705,-0.08377459326621388,-0.025638308474482868,-0.006049316266550709,-0.00823436698800653,-0.06669595065520145,-0.02705069974609405,0.004486289033594226,-0.00992674082359022,0.02329886505881921,-0.005827110195571836,-0.5614047207500847,-0.7060983611760522,0.22122734126916205,0.0,603832043.3046927,38.88195184179741
Gemma 4 - 26B-A4B,Gemma 4 - 5B,mmlu,JohnsonSU,hc_values_per_expert_hat_1_new.parquet,11.73984,4.0,18.0424,25.0,0.06608,0.0,-0.009709184985198606,0.013533127726241606,-0.047041148265541594,-0.027357125333605313,0.010522088209086154,-0.0584696098101225,-0.05187802318194737,-0.007150213431355903,-0.03815911650513553,0.04216883819674876,0.02068334115759751,-0.008882031760406063,0.03556299995159959,-0.02746554791935256,0.02751061871601009,-0.03068190847775704,-0.019268571128894494,-0.012259621550846582,-0.04254214046757819,-0.03427265301050127,0.010764678836077509,0.005241478311921032,-0.009965422459225697,0.03605506909214976,-0.00043490471661681077,-0.015068569404640759,-0.02350630026592156,0.023550760195390357,-0.0017426975813891726,-0.06861763031767726,-0.04046732184552669,-0.024422768031494364,-0.0037616035986951023,0.0261088912700186,0.014148898549101941,0.00021017849384630163,0.05892331243517727,0.010222739148671065,-0.0035041502046792884,-0.01657219586772774,0.041161324898040814,0.004130802262597045,-0.06485535830130956,-0.04000502959723158,-0.02938135942370205,-0.012288826428274698,0.042491443013429976,0.001523320033826393,0.02212077388472919,0.06369243861508238,0.02501034416877994,0.013638071872637963,-0.0036714814715258035,0.048241475052023294,0.008900940981909114,-0.05625092178641584,-0.05308832895519096,-0.02295089855893568,-0.03123198539304636,0.042660073355071354,0.0033649023432741855,-0.010492995052794708,0.0532358049724818,-0.01753212074678085,0.008634056238775844,-0.041190174196704794,0.028606712079019853,-0.03953233712944523,-0.0652960978928466,-0.06576399149761009,-0.04418547815873801,-0.048583871145161,0.043095495353532104,0.04805757072163809,-0.0020643728188691982,0.008127169803572093,-0.02443631982707291,0.02264123577750888,-0.011574766415950668,-0.012890810534515587,-0.030892661174398334,-0.03481801169596352,-0.018821628835904353,-0.040047111454710176,-0.015527352021748597,-1.2409667749169646,-0.8367642037434021,0.1792868049711046,0.0,603832043.3046927,38.88195184179741
Gemma 4 - 26B-A4B,Gemma 4 - 5B,pg19,GMM,hc_values_per_expert_standard_1_new.parquet,5.8559882583170255,3.0,7.3617612524461835,3.0,0.5860469667318983,0.0,-0.16373646524651345,-0.015374210827199634,-0.1714263533251911,-0.18404086579218454,-0.017857563961930015,-0.18600801526437422,-0.07935327924466545,-0.008684602898639052,-0.06880220198586418,-0.08438318600184799,-0.006689607928560583,-0.10262415133932692,-0.14837086892876353,-0.15708330868851306,-0.16558424663008411,-0.16843655506182578,-0.06890644176426675,-0.05829776489776997,-0.07690283478828697,-0.06645436278095002,-0.108105363445809,0.003002964049587583,-0.12723510062619559,-0.1007546686282836,-0.12114042232087074,-0.13142914675639536,-0.14165698651955574,-0.1182557305285273,-0.1296940656081145,-0.08555352947011258,-0.07419398437418193,-0.07093794631989404,-0.059900214103208074,-0.10560208792984291,0.0010931600597436659,-0.12615330540266484,-0.09599090829332596,-0.11822410538896057,-0.12580229141110758,-0.13808219632860957,-0.10967230072712787,-0.12380190347554385,-0.061616457752665846,-0.051758004902940774,-0.04742113423239885,-0.03824048894977508,-0.08725653194516951,-0.018129326534138575,-0.10402106743196617,-0.07135313082476613,-0.0906923315396147,-0.10779979974273632,-0.11523127392525327,-0.0865677347997095,-0.09641224712529546,-0.05049976403166419,-0.0382206831165017,-0.03849807313563331,-0.026430843699094708,-0.07170046507927558,-0.02134342650234929,-0.08558530989738417,-0.05765420451204998,-0.07385740805025184,-0.10738361594319941,-0.11285783899272256,-0.08616358306599987,-0.09389446429271864,-0.06771821941933967,-0.05658583444862035,-0.05397584203349326,-0.043093881869309875,-0.048339023147952645,-0.022108683042135178,-0.06080634050633385,-0.040096962540359736,-0.05421068322643766,-0.08358142985564943,-0.08535152157782028,-0.07276791411817618,-0.07545288717524323,-0.05777403118666031,-0.04355802647794276,-0.05292339945726999,-0.0378326356447701,1.7310155678632806,1.3708246270349271,1.3423355230397647,0.6529063608941392,2.4266144814090017e+297,1415.4122068087538
Gemma 4 - 26B-A4B,Gemma 4 - 5B,pg19,GMM,hc_values_per_expert_hat_1_new.parquet,7.051761252446184,3.0,9.273424657534246,3.0,0.5860469667318983,0.0,-0.11097924082320411,-0.015374210827199634,-0.18170066557557146,-0.13640543200521427,-0.017857563961930015,-0.19609106034545185,-0.07872952633698216,-0.008684602898639052,-0.07064777340507748,-0.03224971448622195,-0.006689607928560583,-0.11105289217049398,-0.0946757803901629,-0.1678550196725483,-0.11765158214977513,-0.17895594993907443,-0.06954678910754006,-0.060096751006364364,-0.07650083136924314,-0.06825766488254806,-0.05244541266989729,0.003002964049587583,-0.122574668771218,-0.04257049359538584,-0.11617501023313999,-0.08206874676287806,-0.1358659737878447,-0.0676976581888062,-0.12354108464981593,-0.07873996174006086,-0.07025135548956576,-0.06602538524720328,-0.05574330817091364,-0.041459252033232294,0.0010931600597436659,-0.11453185535751545,-0.029308492511365584,-0.10584329226874951,-0.06995834617593105,-0.12443811552495378,-0.052978184573718945,-0.10930853108165202,-0.0610203345948055,-0.04533596532143256,-0.04934703260388181,-0.0315017484680115,-0.03214911590058402,-0.018129326534138575,-0.09524972912529656,-0.015482137644560572,-0.08128134151044016,-0.06110466100198056,-0.10392022822655089,-0.040567397467187565,-0.08427678274334423,-0.054006019700969236,-0.03235865087042365,-0.04434684875234125,-0.020167241034212073,-0.025307029779901125,-0.02134342650234929,-0.07825563519119076,-0.01050634118637801,-0.06598126642505721,-0.06422016582604818,-0.10554456216067927,-0.04357148663788758,-0.08607552402116422,-0.06555249802478308,-0.05546203265173075,-0.05388002901777922,-0.04196555344476761,-0.005484996576866928,-0.022108683042135178,-0.04782120217297982,0.004026701333025943,-0.04020697202268158,-0.03945160541497261,-0.0689549057255404,-0.027317268284483803,-0.05772953040659924,-0.05065385780807703,-0.03694932779474461,-0.045605343667831144,-0.03065923726953418,0.8238686407140328,1.0229106362782014,0.8368849384239049,0.5993394082087494,2.4266144814090017e+297,1415.4122068087538
Gemma 4 - 26B-A4B,Gemma 4 - 5B,pg19,GLM,hc_values_per_expert_standard_1_new.parquet,10.163424657534247,2.0,12.8406457925636,4.0,0.0,0.0,-0.1718133983757439,-0.10051965722058231,-0.10781565928849167,-0.19730352773752102,-0.11810388333248267,-0.11479682395112803,-0.09221581358403744,-0.059663553863126315,-0.03858905950958104,-0.07959758479170645,-0.040856103357456,-0.06922659977891063,-0.07195081796447615,-0.05630204542703266,-0.08427007211858274,-0.05549835038686404,-0.04100770909789756,-0.01005670642247947,-0.046540578905924855,-0.027720537666785405,-0.1078456116393734,-0.0776459538741544,-0.07738991493089774,-0.04930960251292703,-0.049379290837212465,-0.13804692786115874,-0.07863014739450083,-0.06230671196535074,-0.041468221703624866,-0.09944944303338413,-0.0298098871298662,-0.04338987952441445,-0.0010515595087737094,-0.0972220218319612,-0.08859826130342925,-0.07417727023747736,-0.03786553744756674,-0.04911694321011776,-0.12794197855911096,-0.06792365872396526,-0.048670385748221315,-0.033253143682337276,-0.07843374078789,-0.006676305024254191,-0.02813602259262325,0.016748520621699226,-0.07161203404488257,-0.07540720480464787,-0.0639116916342204,-0.029154044923238052,-0.047683670218951694,-0.1064088552223185,-0.05613585842783036,-0.04263221483292949,-0.030417170379890536,-0.07113515953456581,0.0007883450783361693,-0.027617035305343353,0.019712801526904862,-0.05143707252541524,-0.062421619685063906,-0.05954715984952097,-0.029224477073390556,-0.050512844272782596,-0.1074306759591419,-0.054083435312910266,-0.05737957135631019,-0.032106217060017296,-0.09668236559438023,-0.0006940008719415283,-0.048970991481747224,0.02143429957766212,-0.016852775111789457,-0.042532181782964244,-0.04823902461766394,-0.025177718736938238,-0.0496565637940986,-0.0678595514930376,-0.04962988983354442,-0.05059630575008495,-0.03903490329804997,-0.07711968710938719,-0.00794830381954436,-0.04049480188553765,0.009637940823738296,-1.5077394716071517,-1.4990691392213813,0.06350145684401867,0.0,34.603289272033486,20.68340570245627
Gemma 4 - 26B-A4B,Gemma 4 - 5B,pg19,GLM,hc_values_per_expert_hat_1_new.parquet,15.161526418786693,24.0,18.625166340508805,26.0,0.0,0.0,-0.1498688419860993,-0.10051965722058231,-0.11179311582742851,-0.18681000385191343,-0.11810388333248267,-0.11869500578395047,-0.11188926212251757,-0.059663553863126315,-0.03929234362928332,-0.03797957986358172,-0.040856103357456,-0.07250077219814519,-0.04324896635477661,-0.05932859857756709,-0.07392391937075973,-0.05823674401909779,-0.07374034771922289,-0.01008054412515587,-0.07732617810925511,-0.028186164946783124,-0.0849325265070554,-0.0776459538741544,-0.07885747605612581,-0.01728052842546317,-0.050815397872430224,-0.13156731524360182,-0.07984618384432995,-0.056221232219557715,-0.042597212072711346,-0.12479267838070604,-0.029815795851910003,-0.0848757800680647,-0.0009260550210454752,-0.06041353545627243,-0.08859826130342925,-0.07475935656019571,0.014969816937171596,-0.04979640243887845,-0.11524570451514754,-0.0683273477920236,-0.03338044863897497,-0.033777837707665966,-0.11273935685062358,-0.0064971297823347846,-0.08264910942818497,0.01686493930587362,-0.02940228444784282,-0.07540720480464787,-0.06442870201266987,0.033972147933016276,-0.048246133114420234,-0.08986702092445671,-0.056877913577774955,-0.019411072798183743,-0.031233455966897177,-0.10564185530246056,0.0003181023749362615,-0.08184937669931834,0.019190239443436227,-0.013780003486926436,-0.062421619685063906,-0.059885113349076036,0.028337593399652097,-0.05088670173026258,-0.09219660669693405,-0.054483107957713245,-0.034527561468768536,-0.03259052217682415,-0.12626134689265622,-0.0008446880503926082,-0.0951189986405415,0.021202798250636035,0.03147580509102452,-0.042532181782964244,-0.047874675865113514,0.05038742692071455,-0.04923076596890065,-0.040659767275907074,-0.04810408708824017,-0.008030419438561781,-0.03760058813555205,-0.10229874052032537,-0.006194616908040389,-0.07996422228309703,0.011175254719547887,-2.436072684256361,-2.054987406710186,0.05575406519260845,0.0,34.603289272033486,20.68340570245627
Gemma 4 - 26B-A4B,Gemma 4 - 5B,pg19,StudentT,hc_values_per_expert_standard_1_new.parquet,8.773796477495107,2.0,10.934422700587085,3.0,0.007201565557729941,0.0,-0.16729919890112604,-0.0023492017764082072,-0.1493221214318992,-0.18399429602453535,-0.005962842371303928,-0.15762893143444337,-0.07241629168644215,-0.008243588042030287,-0.0505323118982123,-0.0948829072146839,0.00589438626562208,-0.0987898095336869,-0.035438888806660074,-0.0641490934742264,-0.034516041836340786,-0.06089650542459898,-0.005458935745136477,-0.00655083116314435,-0.025672716160978465,-0.030495445099366924,-0.0987538737289193,-0.005217809866989755,-0.1139710965676603,-0.01262855249492097,-0.06539896288788599,-0.11446273077011337,-0.1186736779913675,-0.007467809821743135,-0.0567511487763294,-0.06676900621330907,-0.04975004077612997,0.006066350308482997,-0.005167628655518627,-0.09603648450559688,-0.011060152125835828,-0.10768213250570072,-0.02152218451303727,-0.06413977940520171,-0.10964801791857882,-0.11024029551058057,-0.00832292154126526,-0.05169121566725606,-0.04751389546842873,-0.030528006435578396,0.01843848060261319,0.007066558997839003,-0.07448010080793988,-0.00899335480998539,-0.08314129426717529,-0.021724883923024584,-0.053061603781916405,-0.09392818815383067,-0.08527248606660072,-0.011789102725433454,-0.03851897463793201,-0.04627160194456033,-0.019245462789766778,0.012381297073005938,0.014199464359990718,-0.051764087543227706,-0.011082006536177302,-0.06222810746917044,-0.02248796805314817,-0.04553557866566747,-0.09552136388469074,-0.06936284188350464,-0.026963340567836603,-0.02758161840392346,-0.07736881561521351,-0.021052487082595203,-0.010483328179395837,0.021484462934634435,-0.011066654005980949,-0.009432302627690283,-0.028399737748226683,-0.020037914488728218,-0.031616600692870395,-0.06164388238011427,-0.03756072166916998,-0.02184463449461667,-0.013343081311474582,-0.0757797157853364,-0.016955094993977963,-0.0050723421996279406,0.02314903614511943,-0.5936101921053122,-0.7319821994320093,0.23638314170103683,0.0,1372.060856323749,34.673789794248115
Gemma 4 - 26B-A4B,Gemma 4 - 5B,pg19,StudentT,hc_values_per_expert_hat_1_new.parquet,12.263874755381604,5.0,15.977221135029355,24.0,0.007201565557729941,0.0,-0.13427376063087382,-0.0023492017764082072,-0.15586258467182953,-0.15484151688494943,-0.005962842371303928,-0.1641623560698359,-0.0734511420889507,-0.008243588042030287,-0.05195250952455513,-0.06082261854192311,0.00589438626562208,-0.1039100751472744,0.00920814839170087,-0.06829162388061764,0.001481015763956608,-0.064345139858907,-0.014343505063616063,-0.00595527962409024,-0.03150773839570424,-0.029921088383475618,-0.06337932413157502,-0.005217809866989755,-0.11377643031776308,0.03783384663433462,-0.06439106262400614,-0.08397067310704681,-0.11838657265088326,0.03185553459773919,-0.05528910317739841,-0.06422601536457671,-0.049493399615333014,0.0010154972805173235,-0.003899257328244003,-0.05334382935403384,-0.011060152125835828,-0.10605474029362816,0.04279693210225544,-0.0617541512986403,-0.07529959829321922,-0.10847952621237764,0.03818625028552221,-0.04889946143263819,-0.052167661335028176,-0.0298970417993429,0.0018662005478184158,0.00835155456790634,-0.03536812463899529,-0.00899335480998539,-0.08133438051643949,0.038811765271785516,-0.05062558187762117,-0.0650565805497141,-0.0837979357801144,0.028668129407989823,-0.03617161710438301,-0.055827712212410736,-0.019454005948892905,-0.009572087063777929,0.014502593211406045,-0.02119051467555191,-0.011082006536177302,-0.06056808366335403,0.026152919321366958,-0.04344802471675562,-0.07427058339543002,-0.0684691569310856,0.0037202212005885416,-0.025838486770554496,-0.08732693561242466,-0.022004876283554242,-0.03150253236364034,0.02125628500129458,0.018098883299855654,-0.009432302627690283,-0.02422419194762778,0.028863636263873636,-0.027091284021406665,-0.03748875261771186,-0.033192140162635886,0.016140187016363328,-0.00813524764558457,-0.07958453247394451,-0.0161601974229316,-0.015295044839475296,0.024699360977926434,-1.2976389261991697,-0.8664678337122842,0.19830737714358615,0.0,1372.060856323749,34.673789794248115
Gemma 4 - 26B-A4B,Gemma 4 - 5B,pg19,StudentTSkewed,hc_values_per_expert_standard_1_new.parquet,7.766849315068493,2.0,10.828356164383562,3.0,0.0387866927592955,0.0,-0.16744744619522683,-0.002515121819981864,-0.15227346076379877,-0.19884203584796484,9.330300605403069e-05,-0.16389062030289767,-0.10388492808969532,0.0050264139563992085,-0.058259420507450047,-0.06356251810553151,-0.0075415357763810725,-0.09401404025634873,-0.02557917223681696,-0.059940133345953266,-0.025480698927611956,-0.048289643437938894,-0.004941779982424987,0.012427858171142794,-0.05299291582969436,-0.03471990289497151,-0.11430983929349273,-0.003908958795199203,-0.11688502886165578,-0.005974716087505451,-0.05231258940096417,-0.15457649138636645,-0.127217748816107,-0.003147188849351967,-0.03098597425154067,-0.12219955844419059,-0.06222804192783637,0.0037009992988168614,0.02546733674806648,-0.09897182473464483,-0.00708584969805073,-0.10374617638451733,-0.007878718736780768,-0.05094405802205473,-0.1402401724384749,-0.11580895763098245,-0.0018295526227155303,-0.031030713078799805,-0.09774322355002539,-0.0465984637370954,0.008966979201601468,0.023817681958210164,-0.06838726525102157,-0.009537817576658295,-0.07994646955847715,0.0010440269196540237,-0.043395915674991195,-0.11097234452605949,-0.0918626483381631,0.0020420256972579023,-0.025926174688599937,-0.08341691698255796,-0.03483793713169499,0.0018333087243937193,0.020991477165724266,-0.0428950583730915,-0.011402220791872067,-0.06060380811439104,0.0023468033149581097,-0.03911266047576175,-0.10660440132424448,-0.08106090876168251,-0.008793935662705395,-0.022452901475877852,-0.10755314148964057,-0.04188127469918006,-0.017273968523939174,0.020563300194669124,-0.005933788699711384,-0.017163517552565788,-0.0297183752152448,-0.0013258939706543792,-0.030144733989152774,-0.0675729411469213,-0.04726369515424271,-0.020959604843531654,-0.018711041113112552,-0.09142968808654889,-0.02945420409712894,-0.02910395001565413,0.013254134154917697,-0.2504935339904111,-0.1753413328500877,0.2848056652374179,0.0,804159458.9019854,64.71097155627834
Gemma 4 - 26B-A4B,Gemma 4 - 5B,pg19,StudentTSkewed,hc_values_per_expert_hat_1_new.parquet,10.438062622309198,2.0,15.172720156555773,23.0,0.0387866927592955,0.0,-0.13609428743620766,-0.002515121819981864,-0.16034917846730162,-0.17383623683411092,9.330300605403069e-05,-0.17230969120798612,-0.11057910234684,0.0050264139563992085,-0.060765859395728455,-0.025515185089367662,-0.0075415357763810725,-0.09958331907157317,0.0072662893625639316,-0.06552324920290298,-0.007460313196398374,-0.05277782774337911,-0.029497512600183,0.01360594328993252,-0.06508616132489103,-0.034859185364354194,-0.08202271580428927,-0.003908958795199203,-0.1183372374433386,0.029629752403782118,-0.05275144335843519,-0.1287055415989629,-0.12896433395879656,0.015533351182918962,-0.030855843396752083,-0.12386438338216231,-0.06333878933006014,-0.018503932841064524,0.02646987161619141,-0.05871293434128837,-0.00708584969805073,-0.10309502991441905,0.04295015503557566,-0.049392454096108256,-0.11005218283801002,-0.11591839571691967,0.025931448163124208,-0.02975082768983479,-0.10607518600149965,-0.04780345692556121,-0.020489677965090047,0.023687930742502385,-0.030078932617800355,-0.009537817576658295,-0.07805684308114469,0.050899331078495556,-0.04073004533291211,-0.08615873146208713,-0.09135080900244891,0.025154807612122645,-0.024394164992643113,-0.0985116722452589,-0.03676126556370499,-0.03328353395795933,0.01960191475823747,-0.015511394099135722,-0.011402220791872067,-0.05788304139467694,0.03819135842642123,-0.035779904513326515,-0.08967938389370558,-0.08005475250251795,0.005088965264324666,-0.020663731892122793,-0.11980920858152802,-0.044167979273318135,-0.04670679650885675,0.01861495347219562,0.02269241037606609,-0.017163517552565788,-0.025218593684629843,0.04269493715324695,-0.02516533220806787,-0.04775386244323051,-0.04432610103616625,0.006124073922601497,-0.01479025310693007,-0.1008874574040358,-0.03120249931350061,-0.04881351376597818,0.01228848188512393,-0.8407569209011879,-0.18171362955990472,0.23381747425239574,0.0,804159458.9019854,64.71097155627834
Gemma 4 - 26B-A4B,Gemma 4 - 5B,pg19,KDE,hc_values_per_expert_standard_1_new.parquet,8.901996086105676,3.0,11.236947162426615,4.0,0.006144814090019569,0.0,-0.15415282315649625,-0.004720172389206462,-0.12195147687514396,-0.1778261042652714,-0.0038350011454420883,-0.13154540557033081,-0.08445486394342895,0.0008572107905571475,-0.047278663430071824,-0.0696979592130673,-0.005577383179763609,-0.07467281344507214,-0.12130099240859622,-0.09253442940373556,-0.13516970513587687,-0.09393026988896089,-0.05544233755717772,-0.022746777719988565,-0.08224167403824546,-0.04555104884402834,-0.09102786183394387,-0.006005008060023177,-0.08054591190451084,-0.07531276945211822,-0.0680384397794908,-0.11983543382898376,-0.08919742551345292,-0.0930910302400148,-0.06842015623434182,-0.09068495100354003,-0.045995721113949395,-0.06245523359149391,-0.024546708202104497,-0.08259940038690128,-0.0061686562985182585,-0.07693362344147928,-0.06932344654382666,-0.06707220097600713,-0.11516842296754988,-0.08203006358585284,-0.09083841131000657,-0.06412970919490664,-0.07822115260895751,-0.027663774686358313,-0.05499027109788652,-0.010696296150022506,-0.062044192732734704,-0.008355297092789767,-0.0647890904457726,-0.05484468900889927,-0.05981357328602837,-0.09850284855947994,-0.06931910975724678,-0.08326732820048444,-0.058579660840673606,-0.07207708898012156,-0.0197466074366935,-0.057298449352251875,-0.009157265173765586,-0.046622831403195994,-0.0005537704597489118,-0.05809206539731511,-0.03329671740081924,-0.04792491925872151,-0.09929111944396916,-0.07206227354229226,-0.03360903520483353,-0.02731308840623267,-0.09066464572202965,-0.031221313276347126,-0.005515930196896574,0.02542700758671419,-0.013870413278782603,0.004295342477192877,-0.036924392089785096,-0.03467660798161925,-0.04571880165793367,-0.06317264010894978,-0.041023424551487365,-0.047513679811472455,-0.02447749880231721,-0.07424652971325513,-0.010549205390567237,-0.023136154046601097,0.02576931496620388,-0.6250904314056722,-0.7294595355179014,0.2463236278950158,0.0,5.870841487279843e+295,39.052634960284664
Gemma 4 - 26B-A4B,Gemma 4 - 5B,pg19,KDE,hc_values_per_expert_hat_1_new.parquet,11.656575342465754,5.0,15.292915851272015,22.0,0.006144814090019569,0.0,-0.13062593704539172,-0.004720172389206462,-0.13018131406522881,-0.15968245353385774,-0.0038350011454420883,-0.13948570711125122,-0.09080458737448102,0.0008572107905571475,-0.048465436362797196,-0.039821349670910694,-0.005577383179763609,-0.08171587770243162,-0.09452357501596971,-0.10083239852644463,-0.11527784940962986,-0.10167376703910837,-0.06437516484338256,-0.023340001120703616,-0.08876975272053646,-0.04668039282760625,-0.06427862804594599,-0.006005008060023177,-0.08556090962098964,-0.045730557004260354,-0.07334084187226918,-0.09927878482201771,-0.09352240721657037,-0.07109122393673632,-0.07303695232210622,-0.09384768883828437,-0.04636064576701518,-0.06753504828557315,-0.025005382108068505,-0.04515102111336873,-0.0061686562985182585,-0.07911928718481732,-0.028102220819958137,-0.06949189786633331,-0.08577127759744951,-0.08393527585876875,-0.059069707704451684,-0.06643057784210184,-0.08361394788257423,-0.02768826462285759,-0.06209309210195998,-0.01105949835297146,-0.02423370203760352,-0.008355297092789767,-0.06660919299308941,-0.01463754187697119,-0.06176901505562401,-0.06969350840925524,-0.0709094457700039,-0.053016091365808364,-0.060453988156643074,-0.0798280474099951,-0.01971037966753192,-0.06624406255092556,-0.009389168153132262,-0.014565736756847416,-0.0005537704597489118,-0.05883051765785081,0.01665788386730163,-0.04889117083272653,-0.07377194374065554,-0.07229689601992195,0.002217559206181227,-0.029103225363164894,-0.09598279881389266,-0.030539802900586218,-0.020364929445859194,0.02397606482527638,0.021230268232277,0.004295342477192877,-0.03631989065197197,0.022159066225275196,-0.04486922148065921,-0.032102352538078756,-0.03905353402602375,0.0018276109705829251,-0.022460452630527723,-0.07588311787958923,-0.008466041762569041,-0.027287438265858333,0.027593766679225584,-1.2821070844842952,-0.8795568546144501,0.1979681539005432,0.0,5.870841487279843e+295,39.052634960284664
Gemma 4 - 26B-A4B,Gemma 4 - 5B,pg19,JohnsonSU,hc_values_per_expert_standard_1_new.parquet,8.928003913894324,3.0,11.477553816046967,4.0,0.036673189823874755,0.0,-0.13728328043457047,-0.000532837255579309,-0.12574674972770622,-0.16015255329683528,-0.002980675160053984,-0.13500556381953038,-0.07903354360035535,-0.005351834554351011,-0.047394833652659674,-0.058249736834215124,0.004818997298771702,-0.07835191607504655,-0.0388132326876218,-0.05809418756894036,-0.02666060004172088,-0.04543636011893216,0.017718506800551755,0.014804676792106466,-0.048171287726057256,-0.032586734399328875,-0.07995202392813935,-0.0035739312261291066,-0.08281847090587839,-0.019011538088681713,-0.04608733401051849,-0.10636984308039689,-0.09151361889661934,0.002118685760108951,-0.028196018310346356,-0.0819193652597884,-0.04688576366289626,0.036400019169786996,0.020506329433008133,-0.07459870380300368,0.0023710421854891946,-0.08091578335275107,-0.024722103073950827,-0.05130127728054056,-0.10529176811596656,-0.08622396011265826,-0.004864291861703805,-0.02827282516298507,-0.0729342101317294,-0.029002460473147765,0.029747016191018178,0.029237059093487894,-0.0563972711887294,-0.002976084549382796,-0.06797867662736717,-0.026669589402651166,-0.04996468276597181,-0.08851956467788989,-0.07171660061061673,-0.011765467111077867,-0.026461940957331894,-0.06383184032763883,-0.01903849375110906,0.019765458033950932,0.029719811986096033,-0.035616451905135335,0.009904128601122136,-0.056029891643092786,-0.02347444497172209,-0.04915783004902643,-0.08860293446243317,-0.0708411430392212,-0.022300711444465195,-0.029124404251262403,-0.0894417204431727,-0.032228845102172485,-0.0016905321176793368,0.024321745120648924,-0.010447378862595554,0.004377865407262339,-0.031668833891859954,-0.031113471737351323,-0.040588779812085515,-0.06313686942722124,-0.03883569490692215,-0.04678490907688506,-0.021598511870792,-0.07881220619560621,-0.01442063139397786,-0.0268867664454424,0.0230778901181316,-0.44719566270002253,-0.504605033723746,0.26728871489012995,0.0,343107.3478728749,40.57033625196732
Gemma 4 - 26B-A4B,Gemma 4 - 5B,pg19,JohnsonSU,hc_values_per_expert_hat_1_new.parquet,11.473698630136987,5.0,15.430450097847357,23.0,0.036673189823874755,0.0,-0.11264308582318225,-0.000532837255579309,-0.13423652071406578,-0.14114899584245902,-0.002980675160053984,-0.1431837329504873,-0.08568088181467666,-0.005351834554351011,-0.04859145645224029,-0.02696220400850559,0.004818997298771702,-0.08564506426182548,-0.0075785822086082205,-0.06672134143967477,-0.00953941210804248,-0.05286914976187951,-0.00571869708930385,0.015551694706907255,-0.05810432986358346,-0.03299538303394159,-0.05483963753017829,-0.0035739312261291066,-0.08868589673561536,0.0145812777867015,-0.05317775526535544,-0.08789124972796442,-0.09649137288924377,0.018243057343572185,-0.03448385736644527,-0.0865565795031879,-0.04714519322819162,0.012455872014037209,0.019698701354272347,-0.039794416450190453,0.0023710421854891946,-0.08314825026816484,0.024953297785808223,-0.05451067261491475,-0.07882387291474235,-0.08842991218292548,0.025426746617447205,-0.03240771949230199,-0.07947473467876381,-0.029492924661843462,0.006645280562398903,0.0268370375540711,-0.022537819961664825,-0.002976084549382796,-0.06998441363552206,0.02342514483391944,-0.05264789461032176,-0.06429457883829215,-0.07368811238061165,0.018225226880375953,-0.030234966753798255,-0.07337802672720944,-0.01936102696716791,-0.00430905861586102,0.02742567336175975,-0.010342564163271601,0.009904128601122136,-0.056855563513107145,0.014591453891733303,-0.050101566175465705,-0.0698025178909907,-0.07168403284306901,0.0005520831195426526,-0.03181604592412349,-0.09572191257892858,-0.03238561081191195,-0.02004876490374538,0.02140807865268969,0.019759661322170746,0.004377865407262339,-0.02967056632174411,0.018179932055386084,-0.03806937758993515,-0.03687022372590123,-0.03640923890675748,-0.00546727821007183,-0.019223651887903172,-0.08091505021355805,-0.01354607020927592,-0.03266530669017055,0.023170537187531762,-1.063348328747574,-0.5714475125281304,0.21575504626516942,0.0,343107.3478728749,40.57033625196732
Gemma 4 - 26B-A4B,Gemma 4 - 5B,competition_math,GMM,hc_values_per_expert_standard_1_new.parquet,6.426717137944211,4.0,7.658029231944975,4.0,0.7524240542606038,0.0,0.1360066149635596,-0.014256512939569102,0.1426877990134663,0.07586931558766499,-0.016544652192913883,0.07409057273143047,-0.06917498324103329,-0.007899378220774269,-0.08228168053438918,0.20518159820459286,-0.006357134718794833,0.22496947954785546,0.10016662854106076,0.1095360288791046,0.06583809068627494,0.06359513924488949,-0.03287368733257901,-0.05079474664478156,-0.06676678669116673,-0.08048882481225281,0.14047583447696574,-0.010952057559912996,0.13818037767063224,0.08006599542540822,0.08028379119303591,0.046711226164801695,0.03541558083523707,0.04445828627111284,0.029176468633726447,-0.09557399617191117,-0.11143442803048711,-0.024415291290228503,-0.05013166540300617,0.23734025563573205,-0.00928026891965432,0.24894587490710465,0.10493793740218905,0.12888707072727615,0.08496807014051908,0.07097959644833149,0.07827170385229328,0.05599821969787309,-0.13261731713588779,-0.1651831246722324,0.0027183422387871605,-0.05524071246220295,0.2988730739221348,-0.008645662789314834,0.3133640391332844,0.1286644948860733,0.15971833150823214,0.11847236499502643,0.09707985353946647,0.10524200172405446,0.07118197902286211,-0.13837171728165595,-0.1812501724801299,0.01813396323229679,-0.05813139292938431,0.3300213808567627,-0.007654682350569035,0.3464588265485504,0.05621434195300842,0.10807429845877493,0.14489715914765033,0.11097751224369569,0.1363282002164358,0.06914370636826729,-0.12638181200048076,-0.18493388373086542,0.1262230102555489,-0.007776476218504621,0.3562787505419567,-0.008927801548320895,0.3938980581195274,0.04597151205229242,0.13863510572818283,0.1433543753090762,0.10883797878713426,0.1737446823868086,0.10295644066527006,-0.12845445194165112,-0.19967431146822462,0.1723059855713421,0.014440204973233634,2.4660649738421636,2.120526003347519,2.062835551425805,1.3938285668870218,8.358807795185326e+296,9750.686750075904
Gemma 4 - 26B-A4B,Gemma 4 - 5B,competition_math,GMM,hc_values_per_expert_hat_1_new.parquet,8.871369889186091,4.0,11.107792797095911,6.0,0.7524240542606038,0.0,0.05864487220177249,-0.014256512939569102,0.11555756305846285,0.023579116741950436,-0.016544652192913883,0.0476405044958344,-0.04593597421624284,-0.007899378220774269,-0.08843664828314936,0.10458084641801532,-0.006357134718794833,0.20399421134161222,0.01822188622759696,0.07831322714344251,0.007473751914849216,0.032939571455201724,-0.01393797692772331,-0.058454395287130194,-0.043190961906745165,-0.08656697689509497,0.08709058339499991,-0.010952057559912996,0.12230969603171679,0.02784138848992528,0.06073143017424529,0.02591966587281736,0.017307790204526843,0.018069674144548648,0.0063212281974694825,-0.06428119891426734,-0.12186023763725606,-0.004143263380430501,-0.06415010586177324,0.1525513340024211,-0.00928026891965432,0.239537781164682,0.02852474620092289,0.11597074598433234,0.07136956294017112,0.05767311574290505,0.056002988759801794,0.03708615822927139,-0.06115348986696852,-0.17421263107655394,0.051422472619038255,-0.06911643249027587,0.19977773527712162,-0.008645662789314834,0.314294644863101,0.0447056113049911,0.1601843745737585,0.11435730014376606,0.09386154694904003,0.09330204506493599,0.06653242371914893,-0.04562128499197747,-0.18646225932231386,0.08324590666384196,-0.06488854629935585,0.22137456046527731,-0.007654682350569035,0.3512890619329897,-0.0018921490666670047,0.11326472714715485,0.15221344953439941,0.11158148413920521,0.12575681468124836,0.07038983897586956,-0.014883898184232504,-0.1887104239195683,0.16493497109822663,-0.010842700509751224,0.2119849334535469,-0.008927801548320895,0.39283547862837725,-0.036935165852864,0.12641335245270968,0.15520175319055277,0.10358131875155321,0.15000013978076998,0.09727964180156257,0.00474398768842802,-0.20489869504096503,0.2090590742842365,0.017246533226505968,0.9929458309227954,1.4247121356454076,1.161191668786082,1.0364427505174743,8.358807795185326e+296,9750.686750075904
Gemma 4 - 26B-A4B,Gemma 4 - 5B,competition_math,GLM,hc_values_per_expert_standard_1_new.parquet,11.374570118456248,3.0,13.817300343905234,18.0,0.0,0.0,0.05067296370815107,0.024233151424254973,-0.02963318415134987,-0.024950345335097525,-0.011364946933849355,-0.045975926329551865,-0.11961407749520528,-0.0562028528602594,-0.03685078378921478,0.17028704120335636,0.08043600428451438,0.007217599637864912,-0.021893716217322303,-0.049782091145831826,-0.009119759786769167,-0.041482078350557054,0.016718670743023235,0.0009195248043499278,-0.10375706456315603,-0.029209115691002853,0.10039004127836648,0.012445137969224421,-0.007300378556248729,0.01926603881935976,-0.032263551123139826,-0.021314396674389734,-0.0314325174054867,0.030855420169970695,-0.02105102720303249,-0.15877740396335088,-0.04301190685737144,0.028122214561282312,0.004789631176275962,0.18047392908089394,0.03715740615916431,0.03144566545055143,0.011147902759601378,-0.016998363901933395,0.009117700024204234,-0.006104979106523294,0.04239364822422104,-0.0016992099818333038,-0.18061244038861318,-0.04252941270101585,0.051033060046092434,0.01592568334213596,0.24967913477788845,0.07503514408861744,0.053520252714878,0.02081849359117057,-0.010049707378639498,0.050109045095284806,0.004244053338232452,0.06452365795822237,0.0011853505824027724,-0.18072361947100135,-0.04739898925961903,0.06892158705825101,0.011537572608349318,0.28964652514973543,0.09915222781617394,0.05525358625975791,0.02977733203958558,-0.015297185251926367,0.07747887486142752,0.003081658296890303,0.09147863448121804,-0.002863249576335268,-0.17404530384453773,-0.04806214292794536,0.09362963145758058,0.010321157060909183,0.31556085000052514,0.1154598027258864,0.07246098867895368,0.017103641954557065,-0.003193307418795785,0.04911802741689742,0.00771632411828068,0.09918279293048565,0.010637224908415918,-0.20417532909907082,-0.05102063765471496,0.10833649876804455,0.015695183837881436,-1.4114765975438197,-1.2748313664260198,0.03753823340287817,0.0,37.2738818238825,21.999934354393194
Gemma 4 - 26B-A4B,Gemma 4 - 5B,competition_math,GLM,hc_values_per_expert_hat_1_new.parquet,14.964128773404662,24.0,19.483891383263277,26.0,0.0,0.0,0.06532221175432289,0.024233151424254973,-0.032232989067551246,-0.0569509606969616,-0.011364946933849355,-0.04840488399868279,-0.19790300816983675,-0.0562028528602594,-0.03725426376255209,0.26322521992415965,0.08043600428451438,0.005021274695000841,0.0027892176152377723,-0.052476269917869835,-0.0590037296625979,-0.04397320230789175,-0.1097133674019667,0.0005291653570161132,-0.19663061693367578,-0.029957185684033674,0.1299358043900036,0.012445137969224421,-0.009536286005535778,0.06732116317271512,-0.03434024199524205,-0.047521299944311673,-0.03327410876576083,-0.0113121944411246,-0.02302527972885819,-0.23848087455920336,-0.04330712336022381,-0.10358933363349362,0.004048614327482478,0.2285934844529337,0.03715740615916431,0.028508041126281747,0.08922189695006107,-0.0195645553309519,-0.011760956347661635,-0.008085574884233563,0.008952393515422874,-0.00377409712476903,-0.26227662853939476,-0.04222329974646299,-0.08354167594411355,0.01562183660752179,0.3029348334089442,0.07503514408861744,0.05057567476183679,0.1037788094468426,-0.012707985142504742,0.032743558079570724,0.002277585999601068,0.038089487838755993,-0.0008039040854150508,-0.25666288399727505,-0.04710099803472659,-0.04939401029050691,0.01139810927332599,0.33905719482238783,0.09915222781617394,0.05350531118461639,0.10243728253096963,-0.016976271767689278,0.055322097094815476,0.0021266056812454114,0.05847301392712035,-0.0038214502303535918,-0.2486723742195489,-0.0476307851249764,-0.017091172276417106,0.01060163777183165,0.3698835589612927,0.1154598027258864,0.07146441441201247,0.08805492424666674,-0.0045018509201973315,0.018570268867317146,0.007593930472249239,0.05760414009044475,0.010520332055731952,-0.28461336953993227,-0.05033782935966187,-0.0004174366611457543,0.01661207908087693,-2.347630646435077,-1.643427737248516,0.034537312670960746,0.0,37.2738818238825,21.999934354393194
Gemma 4 - 26B-A4B,Gemma 4 - 5B,competition_math,StudentT,hc_values_per_expert_standard_1_new.parquet,9.439732995796714,2.0,12.226153515475735,4.0,0.007845338173481086,0.0,-0.0017171258362025164,0.017649469833580983,-0.060971714578013404,-0.03641312906007986,0.008280544986073108,-0.08180366559032429,-0.061646627337164514,-0.01173634483382118,-0.053261930919365104,0.059929501500962,0.029385814667402164,-0.0077097836586483,-0.05074365110677457,-0.07767655881867742,0.008388906823704042,-0.06834139526190909,0.09145889636848441,-0.004559145110613916,-0.0682202551691497,-0.05205405101689093,0.062156787973125335,0.03217603513165847,-0.02902917282041291,0.003448232116504094,-0.05380676218226844,0.004484438073171591,-0.05940529330251248,0.08102623258572621,-0.044435461302167266,-0.06905984174109772,-0.06254811564869447,0.13198964205907895,-0.00750608745213287,0.10949363897204398,0.052156922261261326,0.022901852330426457,-0.05849068711931277,-0.03079083101576945,0.043144031002889896,-0.025690120955609807,0.08802405950442034,-0.022125875044388645,-0.05550995118537942,-0.06151220859464346,0.19312540647067566,0.0006769510205922597,0.15703397341795244,0.06250720700588899,0.05961787184100535,-0.07695413690406656,-0.016409514883518054,0.08499719796898147,-0.006023804539946053,0.1069879359119906,-0.012217203608373816,-0.042381477309348776,-0.06712932102984047,0.22251828873286045,-0.0006328701781293465,0.17872722723584486,0.05668899270519579,0.08097731327157641,-0.08367907046690591,-0.0069400075262042536,0.11012683852665633,0.004323593796401395,0.1275570707840697,-0.0054519260759240745,-0.02822989182010957,-0.0706827014821085,0.24446059334575648,-0.0007385382024351542,0.16682902890314788,0.05309581702710388,0.1203745174537608,-0.11912517114394561,0.02260300704948181,0.09048559219001798,0.01888731389954876,0.13510253430547012,0.022215302895122507,-0.03302488966895334,-0.07771023042908441,0.2612980607902083,0.008683810268285663,-0.4039919813184487,-0.222944788177734,0.14801755954883247,0.0,633.3804414691699,52.72671447215649
Gemma 4 - 26B-A4B,Gemma 4 - 5B,competition_math,StudentT,hc_values_per_expert_hat_1_new.parquet,11.603565628582347,3.0,16.378880875047766,24.0,0.007845338173481086,0.0,0.013255730348643965,0.017649469833580983,-0.05975889162270396,-0.03297597033114175,0.008280544986073108,-0.08145166746889537,-0.07792931234268728,-0.01173634483382118,-0.054451098864480844,0.09118504269133125,0.029385814667402164,-0.005307792758223115,-0.02228883050193418,-0.07685114248591544,0.00987599556883896,-0.0677623573461631,0.05119736738173458,-0.004772779420606855,-0.0835916696683451,-0.05321202039660343,0.08114052553343311,0.03217603513165847,-0.02717934548637166,0.03584058111159889,-0.0524368857478156,0.008251026535211998,-0.058583581498429516,0.07934746974204011,-0.04329903500134842,-0.08618693377181369,-0.06346490601197391,0.08868557166011495,-0.007306349731012057,0.1388710517221049,0.052156922261261326,0.026024761602421013,-0.004074297025952302,-0.0286112333044725,0.05661091256462528,-0.02444414055490078,0.10434303180663045,-0.020772753757853684,-0.06768476098512538,-0.06307321472821581,0.15832122490218067,0.0003146825362852111,0.1869214018958783,0.06250720700588899,0.06342436719190961,-0.020920645223988843,-0.014030544411310656,0.1072357261515271,-0.004438987181660857,0.13762280554008538,-0.010712070175055979,-0.042368612223115214,-0.06879043540310084,0.20946707767265516,-0.0009062975433382828,0.20504609430999943,0.05668899270519579,0.08581955539395006,-0.03311231025026886,-0.0037978708238171283,0.13603301555622777,0.006535726435325934,0.16296636463429512,-0.0033765185902819403,-0.020078375671725927,-0.07242762880288835,0.24418588771701955,-0.0009192835206951029,0.1856645005362276,0.05309581702710388,0.12492849046402962,-0.08102451090455122,0.02527901971445903,0.11941135113070406,0.021175278709509145,0.17184496960061357,0.024705492799564705,-0.015028111775866184,-0.07882310398993687,0.27507783977192046,0.009541531558608887,-0.9183359830374315,-0.24221919079443086,0.13326456671635512,0.0,633.3804414691699,52.72671447215649
Gemma 4 - 26B-A4B,Gemma 4 - 5B,competition_math,StudentTSkewed,hc_values_per_expert_standard_1_new.parquet,7.321037925105082,2.0,10.059049006495988,3.0,0.12148930072602217,0.0,0.10579326667303898,0.06531748817898442,0.05032554872063314,0.04577947083496521,0.05423845445917702,0.003303363312198694,-0.0771473001619783,-0.001830234174410223,-0.06927449526687926,0.18294056683501728,0.06714772235339464,0.1196000439875124,0.08866831703595192,0.029961609556726998,0.03201968440189465,-0.012988078483596758,-0.07550320057219181,-0.06741825305738165,-0.07765057550045078,-0.06992590675042021,0.13711888306746206,0.051799971437878845,0.05716066538022596,0.12438693316183409,0.039970516698031665,0.039765921248418525,-0.008788019519043847,0.03147503384907912,-0.019949500882030863,-0.10293221955491133,-0.08486732729109016,-0.10067653033317475,-0.08205675686763549,0.2065294357912103,0.05896322245867251,0.12899309442826368,0.19202669854931645,0.10940473873170735,0.06541251231860656,0.01687085899218451,0.05988094965023515,0.008615367722628954,-0.1276563755546008,-0.11420819286377192,-0.11946507627929276,-0.10474847166401882,0.2619473661297498,0.06632258399320558,0.1749604309082233,0.2459394579424868,0.15349739970513793,0.09941589999816475,0.039455035568134386,0.09525445527565052,0.03261561106185206,-0.127166140650325,-0.12085375641188331,-0.1158724684350561,-0.1081391895177298,0.28563516506972964,0.06487926188481574,0.1986670276643736,0.26954143381149953,0.17709204122317498,0.11989527299523933,0.048195158920627645,0.11649366870721514,0.04188950285480955,-0.1163886699794385,-0.12566136594293176,-0.10441837702407285,-0.11268931022249112,0.29445732963111804,0.053423701639446125,0.2187913989734076,0.2793393612697219,0.1989046729991707,0.09867120201876822,0.04627694685968657,0.09914620497012766,0.045373093319741084,-0.1291662011450993,-0.1273719279801403,-0.11516812283422845,-0.11137798397538208,0.11229918002089212,0.4851502779262219,0.3551758573130107,0.0,9.278276652655712e+297,122.23344303582368
Gemma 4 - 26B-A4B,Gemma 4 - 5B,competition_math,StudentTSkewed,hc_values_per_expert_hat_1_new.parquet,9.3512132212457,2.0,13.348872755063049,8.0,0.12148930072602217,0.0,0.07538573753282263,0.06531748817898442,0.0415425002462779,0.015328421581489038,0.05423845445917702,-0.004548472026987249,-0.08546677570229183,-0.001830234174410223,-0.07001331042107936,0.16085251323511446,0.06714772235339464,0.11155581066735726,0.06308661711360841,0.02482735912142615,0.00557989785165159,-0.017758364847401016,-0.08399751260836472,-0.06817930090261122,-0.08550894713541589,-0.07023916974339124,0.12262414563564233,0.051799971437878845,0.05250303113671406,0.11328593943112578,0.03807129411734143,0.024840133087819433,-0.013449298265998787,0.018973196758255175,-0.02261227714284233,-0.10978746283790101,-0.08684705181397562,-0.10771707349882184,-0.08412745817884579,0.18834765003510642,0.05896322245867251,0.12859683613547268,0.17744428494444084,0.1116890853057237,0.06109904609618726,0.01522857386635672,0.057005066157216934,0.00825482561375194,-0.11434081525581731,-0.11614363828346179,-0.10798847947625433,-0.10771303643774295,0.2397726732244225,0.06632258399320558,0.1755989275664808,0.22757129244713215,0.15684396932495667,0.10383386258686042,0.03834642596275813,0.10050420113135161,0.03237846009254267,-0.09929537787197529,-0.12296433478223476,-0.0907149424882679,-0.11176257929708701,0.2625457974116328,0.06487926188481574,0.20154821061961803,0.25015177426391244,0.1827015111272395,0.13338966538415584,0.04823681385060455,0.13054587042867793,0.042706161085763694,-0.07752612962224138,-0.12831877065844738,-0.06836500751201825,-0.11690796734900329,0.25836304360814527,0.053423701639446125,0.22393940474952523,0.24634472645519107,0.20636314621524932,0.11424301282549247,0.04667350416466633,0.11415355918416295,0.045690715122891044,-0.08120685447397845,-0.1311727938093774,-0.07045330758236693,-0.11716570904042471,-0.44555903638579814,0.46953101272004216,0.2900908148759487,0.0,9.278276652655712e+297,122.23344303582368
Gemma 4 - 26B-A4B,Gemma 4 - 5B,competition_math,KDE,hc_values_per_expert_standard_1_new.parquet,8.122647592663355,3.0,10.20968666411922,3.0,0.2681744363775315,0.0,0.1522175079056475,0.07615520165564126,0.15898880024587658,0.08743996714412706,0.055956106471797995,0.10390600041302707,-0.07296297249126601,-0.014974245916877977,-0.05403223135351796,0.22518048039691352,0.09112944757251923,0.21302103159939453,0.12306725380821286,0.12625366323758758,0.0648191792168321,0.07925029818445001,-0.06868760373179575,-0.04803323440826633,-0.0711291092567368,-0.05140848291743983,0.15038280818957062,0.06118922766124582,0.1468936245820491,0.12703973540694982,0.12021649905802949,0.052470233960162954,0.06783927212421752,0.037895804234804015,0.052478955801516194,-0.09823725106699029,-0.06852135975726689,-0.09313592655980049,-0.060659002776448125,0.24267581807002958,0.07224319196262159,0.21986386668319075,0.2179386976251082,0.19092538292544703,0.08045140360339544,0.0797663437487794,0.06965207359448426,0.06788116560362868,-0.14483717340620156,-0.12133579799500027,-0.13267138620978555,-0.10635394288538003,0.30311570990722114,0.07852337634337693,0.2649592203399993,0.2778237203135472,0.23443919740078442,0.10907147036818304,0.09426211059310288,0.09949274824566112,0.08283998413080049,-0.15510762385425353,-0.137021143193359,-0.14101183346972043,-0.12048099777764631,0.3308464154454215,0.06533294582440254,0.2915660677697199,0.31103085364973404,0.26912336664653635,0.12656607853043483,0.10580542976880321,0.1227357277021552,0.10182253216682369,-0.15044458647547182,-0.1398667152803188,-0.1350042409759835,-0.12238297861423648,0.3605949660380197,0.052641894582254184,0.33383908751666,0.3438614842409683,0.31780967667616955,0.11889401339893946,0.11336534191141903,0.12027040805969226,0.1182955882503525,-0.1604302508685721,-0.14470246176836882,-0.14348208887710143,-0.12430165904071497,0.0807546475319337,-0.21120631460933267,0.6267631455466274,0.0,1.299197554451662e+298,57.88422790766115
Gemma 4 - 26B-A4B,Gemma 4 - 5B,competition_math,KDE,hc_values_per_expert_hat_1_new.parquet,10.394081964081009,4.0,13.743707011845625,10.0,0.2681744363775315,0.0,0.08995597320232264,0.07615520165564126,0.13524606371522963,0.016663815915196542,0.055956106471797995,0.0803492288429836,-0.10485478461462225,-0.014974245916877977,-0.06014038305534694,0.1948107578169449,0.09112944757251923,0.19538644677057657,0.0697349549457403,0.10640434701724096,0.00089980262856517,0.05854603481384826,-0.10194666881636867,-0.05498435578396932,-0.10345240663506249,-0.05764114332634984,0.11633240605414934,0.06118922766124582,0.13475642549051792,0.09991322007725102,0.11058680655595117,0.005628281428362294,0.05306878685498359,-0.004555597307591298,0.03889812084272478,-0.13382550671728802,-0.07802042642445167,-0.13005398707283072,-0.0713028057786793,0.21345857838293203,0.07224319196262159,0.2189028610917395,0.19496473212413792,0.1920534453119414,0.049884690177063526,0.07240984891406373,0.041660199970976086,0.06093912264945666,-0.1574153079809908,-0.13087922763041596,-0.14839429551185968,-0.11754685225221857,0.2758680179820715,0.07852337634337693,0.27065723170996325,0.2565762923017388,0.24238028540422854,0.09157499541341367,0.09122361337808085,0.08391144414923078,0.08015621456026222,-0.1514168119198876,-0.1467195961433988,-0.14086566878654058,-0.13188753238931497,0.3014502234638015,0.06533294582440254,0.30210972233484534,0.28475714292818666,0.2797769693420062,0.1192715010000155,0.10595734963197727,0.11469300585368963,0.10055733791219476,-0.13205825132520033,-0.1495921113636018,-0.12064115300400366,-0.13396711765264271,0.31350628157585236,0.052641894582254184,0.3503936277540365,0.2985762539993391,0.33300708338039126,0.09933087530157453,0.11707303107019282,0.09772210317711183,0.11863813159269143,-0.14416826536160554,-0.15410043017749595,-0.1323975815764171,-0.13643310317131085,-0.7779905523965945,-0.22524217749610137,0.4234025179590764,0.0,1.299197554451662e+298,57.88422790766115
Gemma 4 - 26B-A4B,Gemma 4 - 5B,competition_math,JohnsonSU,hc_values_per_expert_standard_1_new.parquet,8.884206629728697,2.0,11.535620462361482,4.0,0.09453811616354604,0.0,0.10718548738905603,0.022171813810778256,0.09358793259403625,0.04426735270545595,0.01763672605496786,0.045436791564301776,-0.08189126582145864,-0.0019867074613655828,-0.05953786801369277,0.18907675321051468,0.024158521272143837,0.153125800607729,0.06030677020632179,0.05320006939434642,0.0157631160795903,0.022027833707539468,-0.06174021311195463,-0.04014845868354105,-0.08124594350468875,-0.0585162824741681,0.1255070680072544,0.017277068090957734,0.09859914455481922,0.09087004699425849,0.06602928654816384,0.028349802295829687,0.028904408308202414,0.016133838606914235,0.01843711874800997,-0.10752907261550483,-0.07350411850356238,-0.08477636972479537,-0.05047243851637422,0.21427918070293303,0.020777516589554845,0.17573619079393688,0.17155257117743627,0.133532381894853,0.06060381297763337,0.05098608571334123,0.049583070288088525,0.040098513922786225,-0.1428873914852901,-0.11534117022624635,-0.1115788889912911,-0.084678501630801,0.27262879200942314,0.011090040419558527,0.21797552112766141,0.2264052498866002,0.1704843534776091,0.09047102518337026,0.06485051911368318,0.0814677991353388,0.05406898379750249,-0.14967714051757813,-0.12964682662028534,-0.11352895882005601,-0.09524086470685642,0.2990318077211396,0.008169556194739622,0.2429686171623214,0.2464346624201732,0.1888930978593806,0.10893979170706729,0.0756017824851196,0.10132373011956718,0.0648913994890678,-0.14290801664482897,-0.13252007113690184,-0.0999286037508394,-0.09293279413311165,0.3222004623929491,-0.003154912773910251,0.2771394190582522,-0.02782317178882544,-0.006285356959202931,0.09380538425101376,0.08096378932679069,0.06594291086674094,0.047467863436089365,-0.15778112140566264,-0.13539259804052997,0.10095818608056889,0.06194546706634716,-0.01874151088209007,0.2334754340710094,0.433239452728112,0.0,3.34352311807413e+296,72.13247330930182
Gemma 4 - 26B-A4B,Gemma 4 - 5B,competition_math,JohnsonSU,hc_values_per_expert_hat_1_new.parquet,10.827892147497135,4.0,14.87729270156668,20.0,0.09453811616354604,0.0,0.07558339809237567,0.022171813810778256,0.08642809069438805,0.0038543553138444602,0.01763672605496786,0.038380813896929857,-0.10599452062417583,-0.0019867074613655828,-0.06129557644828003,0.1815779187165515,0.024158521272143837,0.14772366714266807,0.034067592765947695,0.048197858184285555,-0.022677931986405234,0.016063992162904082,-0.09054404544270782,-0.04323452003926561,-0.10547808417539253,-0.06035516451934435,0.11379889972904292,0.017277068090957734,0.09649742775898762,0.08384014338980399,0.06599271692482381,0.003982577966133492,0.024978895825475873,-0.007722757341512966,0.014970272993809576,-0.1334305278786242,-0.07741157508854371,-0.11569470010240741,-0.05617436312188626,0.1981399277325711,0.020777516589554845,0.17662524813004457,0.16076454953285052,0.13723259107450206,0.04347871967219333,0.04874043089397254,0.03286320816342297,0.03834939518995559,-0.15018098773191027,-0.11952360641566043,-0.12420045265699513,-0.09115455912259203,0.2562330370224942,0.011090040419558527,0.22315024926552923,0.21528819142085698,0.1790905644856174,0.0837874703567845,0.06567014378973082,0.0748692223020632,0.05549071871778899,-0.14233194732019327,-0.13368419444829993,-0.11143691359867788,-0.10180144741654153,0.2821223650604826,0.008169556194739622,0.2507865450347106,0.23543457171201101,0.20072674109991848,0.11287262766273108,0.07864287843149237,0.10529135065901857,0.06858707849716916,-0.1220053217297424,-0.1360111539958267,-0.08460908375571237,-0.09922748226837577,0.292962714264574,-0.003154912773910251,0.28775725491517723,0.01566929184733099,0.022783671986563003,0.09084620536897584,0.08489076293505424,0.06085703629742878,0.05343508714929189,-0.1370152720506933,-0.13962173739851202,0.06089657541648702,0.046424602250345864,-0.6389096812040957,0.23174456326046897,0.35052781990443654,0.0,3.34352311807413e+296,72.13247330930182
Gemma 4 - 26B-A4B,Gemma 4 - 5B,structured-wikipedia,GMM,hc_values_per_expert_standard_1_new.parquet,6.07341414509661,2.0,8.218693036821,3.0,0.4318720379146919,0.0,-0.026180165964229844,0.037578366116787526,-0.041058575223234084,-0.0321972521566067,0.022181747132044932,-0.03710020610641006,-0.016622449673780633,-0.024105150363318253,0.0006639501530798248,-0.00955771629044921,0.06168351648010578,-0.04172252537631391,-0.03916336046207171,-0.05434748504668603,-0.03760918908005026,-0.04250637122504398,-0.0038333101850283576,0.014021041850028074,-0.010464632279847582,0.007008454344686297,-0.005952113863870633,-0.0007910213385035596,-0.01565702672631193,-0.008188265193917998,-0.01812492389576993,0.01268618735438646,0.018167932254384532,0.01494774613514335,0.020374058405189834,0.033974055933318016,0.06002570341574691,0.04190782476777685,0.0682243710933815,-0.042560309338326996,-0.02177207437630277,-0.056143760806688855,-0.038127845968733476,-0.052651023190235485,-0.005203105941021585,-0.01016199906898214,0.0032048278094181817,-0.0033037308317881153,0.053651264498300794,0.06504121441590971,0.06173156784374613,0.07181305234491965,-0.06111137841646569,-0.029886273262535457,-0.0766823789972358,-0.05504674911992895,-0.0718640135320307,-0.012961845706351106,-0.023445026838310602,-0.0014962041527139037,-0.014488531194115136,0.06340219560685152,0.0678230598637171,0.07373444111572688,0.07578668023569722,-0.06713063095325894,-0.03019541811674943,-0.08395745100941915,-0.06186888286057891,-0.0797742891571234,-0.03151146177998303,-0.04720899486974732,-0.019215848501779223,-0.037606545420008526,0.03870430835626354,0.03606131590230499,0.051256439925595886,0.04579143294722907,-0.08648563490036833,-0.018232506206533963,-0.0961875413028895,-0.17338443803608056,-0.15937750599342831,-0.08998191472728123,-0.10302380921310313,-0.1463244390297933,-0.14402466357699326,-0.03011719874833426,-0.03795851422562689,-0.008863188753164825,-0.022568625524352827,1.1767820786745482,0.9791290814346301,1.1055573777066283,0.0,7.883703973751367e+297,538.3648777448714
Gemma 4 - 26B-A4B,Gemma 4 - 5B,structured-wikipedia,GMM,hc_values_per_expert_hat_1_new.parquet,7.816487422530076,3.0,11.62135435654393,5.0,0.4318720379146919,0.0,0.01224920441832511,0.037578366116787526,-0.025630603646347692,-0.01054978718629149,0.022181747132044932,-0.03220739381153876,-0.0433423060843832,-0.024105150363318253,-0.0176426257127837,0.05559151050270831,0.06168351648010578,-0.007987977933563994,0.005612555393290416,-0.036411192645234625,-0.012859969067913684,-0.03654177286050813,-0.03589715112978084,-0.006710412864944098,-0.039903181925253044,-0.012678817853993862,0.028881056929397297,-0.0007910213385035596,0.004634197708491269,0.028661954281500437,0.0032667197426156083,0.013329449367670724,0.02139647242001873,0.014791939969095952,0.023893890013192944,-0.020315143218626763,0.03390892126122627,-0.017144558091321413,0.04091307661365446,0.018667232216615603,-0.02177207437630277,-0.03524712634348721,0.02445472528114444,-0.030638359862499732,0.015228838322895842,-0.011157245273123138,0.02251718385099359,-0.00353225229500769,-0.0010270514742981634,0.03252837983596029,0.0031103467014095307,0.038991446111685105,0.012713834762676172,-0.029886273262535457,-0.06058517549558488,0.02083902903006445,-0.054544652543124635,0.018678063933189867,-0.023382863233354118,0.02962754950117534,-0.012572840488428359,0.012925077639918911,0.04564474421459698,0.01955308012457317,0.0549476877657525,0.01811011947976363,-0.03019541811674943,-0.0657005629918759,0.02605222628005591,-0.06039940885873133,0.024470734753557686,-0.04027172498321305,0.03744671367333128,-0.028479065684326874,0.014836259111635252,0.022951100093237257,0.024862974633571407,0.034660409291764664,0.0052377993194184964,-0.018232506206533963,-0.07512895943544141,-0.01367170303637733,-0.15785879671636843,0.005118309740507523,-0.08177777774669415,0.007934141627829445,-0.13524318351183012,0.0013225065259458366,-0.031630271505552435,0.028795193710182455,-0.011131179975262145,0.19195328764433617,0.9487668462196814,0.6701772306280305,0.0,7.883703973751367e+297,538.3648777448714
Gemma 4 - 26B-A4B,Gemma 4 - 5B,structured-wikipedia,GLM,hc_values_per_expert_standard_1_new.parquet,9.12969376594969,2.0,12.415740065621582,3.0,0.0,0.0,-0.05395496354046625,0.004134579756045514,-0.03674462307806232,-0.09619403367016216,-0.026576698529536532,-0.014686371883238916,-0.09380729692920636,-0.060563318089087076,0.03754702497549144,0.03985233338874011,0.0646978978451326,-0.07429164805355376,-0.047168881242143905,-0.02928890953372938,-0.053505535777342864,0.005993780396167762,-0.02076661118499801,0.0655124163223588,-0.016791982405756894,0.04968326042083026,-0.04858481122995678,-0.0643075662266045,-0.03062020769683628,-0.07690035635514605,-0.03007619459059107,-0.08104633120854635,0.015568579517417427,-0.07923750415140074,0.027965805433581903,-0.07897171787746385,0.07886294124172286,-0.030280338524526055,0.10215860598250442,-0.0576040340571832,-0.07974143970770622,-0.05591093611729657,-0.08745181889438307,-0.05532869622114372,-0.07926823593836915,-0.0037943149982676647,-0.0831649454532835,0.007891672260649083,-0.05293214756545633,0.07576692008232544,-0.015653949027721107,0.09534360706019752,-0.06476620182332077,-0.07848012257359605,-0.0775848361085667,-0.12662835891699883,-0.0846596140718988,-0.08091891221230355,-0.02754095276509333,-0.11888343577908954,-0.0232392756746254,-0.04258888477027929,0.06237892293305407,-0.0189955548102351,0.07926163285163638,-0.05949939599827911,-0.06768193154990282,-0.08791561413293174,-0.14270510175414267,-0.10449074728594644,-0.08265419353352285,-0.05630574787414179,-0.14052311013972227,-0.058645462840432774,-0.05231664156691811,0.026885530430777828,-0.03420073708742129,0.045050322138696,-0.06603298735379688,-0.03255274019103559,-0.10432087744112611,-0.2183569110936609,-0.15012349613286585,-0.1034528829874208,-0.10918797660573187,-0.22741561003428826,-0.13567830032125486,-0.07560530767976026,-0.03731180705573288,-0.07689186076120995,-0.021551498863370672,-1.6001435323864592,-1.5772155445962877,0.04414014152668789,0.0,51.84569318415661,21.105634990673437
Gemma 4 - 26B-A4B,Gemma 4 - 5B,structured-wikipedia,GLM,hc_values_per_expert_hat_1_new.parquet,14.755331753554502,24.0,19.42863652934743,26.0,0.0,0.0,-0.020596706318740166,0.004134579756045514,-0.03666441076958943,-0.07860283658409897,-0.026576698529536532,-0.016943080836833588,-0.11939548536458029,-0.060563318089087076,0.03289725499026601,0.09879877904584013,0.0646978978451326,-0.06956166575985544,0.007891311777189157,-0.029089492149086474,-0.026316227231058104,0.00402660938599967,-0.06703631681174521,0.06121499566311688,-0.06631352119854157,0.04512768299628198,0.002348535248252009,-0.0643075662266045,-0.028675692832708898,0.011517843851304565,-0.028072174701358324,-0.054730190129199274,0.015280845707460963,-0.032725856455384825,0.027985065885667005,-0.10937718893856044,0.07520766560366918,-0.08169420055341158,0.09899207397534056,0.012941642618788371,-0.07974143970770622,-0.05447240176007381,0.03515107016841064,-0.05385460772177651,-0.04307409309971478,-0.003698243974380457,-0.01935163950891438,0.008184268252855013,-0.09393823889407026,0.07381481087036443,-0.08551242320524587,0.09367807792594315,0.020707200800252165,-0.07848012257359605,-0.07718568395520846,0.024742030057702345,-0.08452050693799898,-0.0377586615640536,-0.028070335347974856,-0.04072079331491464,-0.023731172056271094,-0.09036252430021958,0.06096139036132541,-0.10085187757709607,0.07826466256903745,0.03269896493966078,-0.06768193154990282,-0.08725001868687826,0.02229433547048649,-0.10427892826186143,-0.02903798825412729,-0.05653594018432068,-0.04369814257957765,-0.059036856151492116,-0.08911060289456994,0.025642885229175297,-0.09865558948676717,0.04415066889528564,0.026154081766881977,-0.03255274019103559,-0.10420300456393304,-0.049830603681096555,-0.15118633247196828,-0.041540344803420795,-0.10918454628791213,-0.11406929273940479,-0.13648094417807088,-0.09497892563038529,-0.037451234209249715,-0.11171558943767827,-0.021464877276295202,-2.6806167176382507,-2.211896462591466,0.0392979458237631,0.0,51.84569318415661,21.105634990673437
Gemma 4 - 26B-A4B,Gemma 4 - 5B,structured-wikipedia,StudentT,hc_values_per_expert_standard_1_new.parquet,8.309606270506745,2.0,10.697001458257382,3.0,0.04310973386802771,0.0,-0.05456893490591036,0.04791283146665515,-0.06009218366523905,-0.08270692548838754,0.031182357157143084,-0.05369093612312643,-0.0657732972591843,-0.024945895226333822,0.0021849323914649972,0.011204362353273933,0.07285872669298897,-0.06227711605670405,-0.04333512939611428,-0.049055294621483635,-0.03860628117817418,-0.022315644018631408,0.001968052011835057,0.04493773916713216,-0.026554524065900118,0.017509973753850012,-0.027882032669045397,0.007193915139846111,-0.032579300700014545,-0.0249132737710401,-0.02820647475272471,-0.036652232474555915,-0.0013187707782792383,-0.008725778856146973,0.01719389304124967,-0.026292129120408965,0.0493923187254825,0.022909237799674097,0.07821264989270929,-0.04825309579356727,-0.033098283015202734,-0.06054739800647878,-0.04170770090290259,-0.052790111639143725,-0.04131369395930468,-0.021150803363143147,-0.00968832283298993,-0.0022254332362798648,-0.0007322197376607095,0.05242683346355022,0.04460938114162859,0.07390228230118809,-0.05404683400517618,-0.04798428608050272,-0.07593374150804558,-0.06795995419318265,-0.07534724670917842,-0.0359335879678922,-0.02885710733473911,-0.022977989425486504,-0.018312421868085352,0.01608579527797188,0.05794291961943589,0.05652099503426077,0.07436806248012598,-0.0429259446591013,-0.04584532678317572,-0.08313448451190064,-0.07824783566344341,-0.09522017053256739,-0.032025860289105826,-0.054699873114587544,-0.03540329017109879,-0.054239181666065575,0.005950824203061254,0.02311845098305615,0.047233696130104606,0.03981643169013387,-0.037260185493652,-0.01475565279463795,-0.09502414299334816,-0.15306736900276857,-0.15102720969710084,-0.03819926703772147,-0.09702952508527271,-0.11707992960224277,-0.13734695100432276,-0.01211652853449249,-0.030310866405381946,0.01039526371726976,-0.022785524282335,-0.8797962583197536,-0.9777984784499592,0.16765742865237063,0.0,3990821.364094619,31.271246213243135
Gemma 4 - 26B-A4B,Gemma 4 - 5B,structured-wikipedia,StudentT,hc_values_per_expert_hat_1_new.parquet,12.582254830477579,5.0,17.032537367845425,25.0,0.04310973386802771,0.0,-0.019239085305010645,0.04791283146665515,-0.05886854695099303,-0.05708032094192253,0.031182357157143084,-0.0545997321785492,-0.07891217462381925,-0.024945895226333822,-0.0018552186834390957,0.0596730893188086,0.07285872669298897,-0.05701332826755393,0.010869196382051522,-0.04759895644584914,-0.0035969878271706382,-0.022904148310688193,-0.027014532137129097,0.04110533598304822,-0.04765843016213761,0.01383608157271939,0.012484590211119275,0.007193915139846111,-0.030619400473539147,0.03768994820801085,-0.026011505383154422,-0.013509394837656062,-0.001892266874687883,0.02359589436986873,0.01679057778374071,-0.04597692265699597,0.045160974261163625,-0.014586314996294258,0.07393106149977523,0.0029833666193838752,-0.033098283015202734,-0.0589520907059965,0.04044038698696473,-0.05099828348039957,-0.010447454094889818,-0.02198654073464182,0.03573146311786566,-0.0030359435417350797,-0.02255517239366834,0.04862405828017319,0.0025069590708922747,0.06985436758905506,0.006596139645468949,-0.04798428608050272,-0.07366783093836966,0.03392661744055112,-0.07286499523635832,0.0015825001175610257,-0.027729919869091287,0.03657914114916597,-0.016990881467315776,-0.0065436307382698835,0.056648660784549415,0.012804984768901321,0.0730915326514192,0.02253702067732509,-0.04584532678317572,-0.08078747256097285,0.036141582758920696,-0.09262640666996129,0.015941572688650648,-0.05287514899844106,0.04457227073190408,-0.05217515244822722,-0.004505619518292985,0.022909714299772975,0.022859073825898052,0.03966046237840042,0.018125422572612522,-0.01475565279463795,-0.09217903706476295,-0.032927500768291665,-0.14855463833714655,0.012332221186074493,-0.09307093236488662,-0.012750841685326402,-0.13328352371714755,-0.0035680667188851996,-0.027808471709138537,0.021060342966744763,-0.019665226917706318,-1.7458986806592147,-1.2740881161265327,0.14203660875663346,0.0,3990821.364094619,31.271246213243135
Gemma 4 - 26B-A4B,Gemma 4 - 5B,structured-wikipedia,StudentTSkewed,hc_values_per_expert_standard_1_new.parquet,7.765493984688297,2.0,10.77023332118119,3.0,0.05577834487787094,0.0,-0.02809861674500586,-0.007851181615205748,-0.03944652223724288,-0.06123537470224522,-0.007832098100457192,-0.03695921982393274,-0.07108458159309267,-0.001345567015523934,-0.001987828305561978,0.04298596484808681,-0.0065056145996818145,-0.03745869393168091,-0.024146826727827184,-0.03672473604939244,-0.044966872004487145,-0.022759752602344707,-0.04581055684037608,0.02147301103977946,-0.06670735892211652,0.0011531945718046576,-0.005213987738357578,-0.006502958808739039,-0.025699770034662298,-0.006422969073792076,-0.027584943682545198,-0.025868843308819892,0.004295712766348755,-0.014441137486442152,0.014076006974807626,-0.04161662010059949,0.04926138428544446,-0.017644521230927468,0.0712156288824815,-0.03381607631931683,-0.01063587887530192,-0.053706155332550055,-0.030855761130189722,-0.05192936068471156,-0.04407995888723923,-0.016313170368662484,-0.03192106763501573,-0.006063184227401634,-0.026807881229108897,0.0507580522601111,-0.01001354835240117,0.06600383258129747,-0.046164410165605636,-0.017569980406625507,-0.07766936342134095,-0.06764560106129468,-0.08475498712485283,-0.04410766118013526,-0.03339114120976309,-0.02542257360991812,-0.016736679243822782,-0.00818152567449142,0.052936034803562675,0.05215444301946766,0.09005418831958623,-0.04194300790156393,-0.01673170453716593,-0.08786694683965929,-0.07173550160774944,-0.103828749615725,-0.039430427034000404,-0.05982586668949224,-0.025076740135507324,-0.05145376047213927,-0.007066511343284707,0.021249499159262126,0.05503369016810752,0.05565144666937854,-0.05509000794650093,-0.02505690138278461,-0.09994484753386233,-0.1461310017171509,-0.1513836307087705,-0.054341676304749835,-0.10432226366216733,-0.09436756960126413,-0.13202411461223443,-0.014679571542752233,-0.03531439799182084,0.036426392145776046,-0.014171879936755682,-0.6483338441037437,-0.6535823279784718,0.22606941883492168,0.0,1.3671162960262484e+296,44.54279582701386
Gemma 4 - 26B-A4B,Gemma 4 - 5B,structured-wikipedia,StudentTSkewed,hc_values_per_expert_hat_1_new.parquet,11.520096609551587,3.0,16.427952971199417,25.0,0.05577834487787094,0.0,-0.006121673732429871,-0.007851181615205748,-0.03930893556410196,-0.04818073697321613,-0.007832098100457192,-0.04020248090079093,-0.08501814922625384,-0.001345567015523934,-0.00871090123934719,0.07889647549382396,-0.0065056145996818145,-0.030598034324754775,0.0008197974982048739,-0.03657800938321392,-0.03141111904990223,-0.026419491338908876,-0.06423786420526843,0.013895258424026263,-0.08138972601860164,-0.005800251896951615,0.02354322543387763,-0.006502958808739039,-0.021674112828338424,0.02726767537671439,-0.023280352726094473,-0.013658685807464049,0.0029231107080016205,-0.0013971757374963449,0.012637854756658403,-0.06389464587972968,0.04019449628527433,-0.04621792774213843,0.061567489813101534,0.013565763241693842,-0.01063587887530192,-0.04859948117285884,0.02137445715229298,-0.046549940683154316,-0.0160567967618084,-0.01700035585242486,-0.0021776818213127018,-0.006837084828051714,-0.047894591131028307,0.042040902874112294,-0.03529228487593138,0.05672902667556794,0.015475531941766332,-0.017569980406625507,-0.07195913041483751,0.03679905978702789,-0.07838609425604673,-0.0035614552846291044,-0.030601502721825588,0.036616254900188265,-0.013165186034413114,-0.02723927960517991,0.049591177174065845,0.00887474254758691,0.08706925230921553,0.027868759848261825,-0.01673170453716593,-0.08192006918553513,0.048985500763965094,-0.09736365343858162,0.015404556922560063,-0.05563469867019201,0.06080639646690928,-0.04636591661643684,-0.012391124844189307,0.020036283860729632,0.03159214590618228,0.05516954381211659,0.007483061999871957,-0.02505690138278461,-0.09338339490840131,-0.010027992652604945,-0.14551033116622958,0.00819572212387373,-0.09762656053854579,0.025056692937118985,-0.12505347367182945,0.0032267978234482705,-0.03322781304770433,0.050268536827014675,-0.010821829120899969,-1.452470753137109,-0.7716509798744858,0.18172762560921205,0.0,1.3671162960262484e+296,44.54279582701386
Gemma 4 - 26B-A4B,Gemma 4 - 5B,structured-wikipedia,KDE,hc_values_per_expert_standard_1_new.parquet,9.701193948231863,3.0,12.013990156762668,5.0,0.000956981407218374,0.0,-0.004759758014344549,-0.004506983947178525,-0.034204510629575996,-0.01179364843305294,-0.0053320721850167825,-0.01660524043399464,-0.014876709435119274,-0.0024409565597462318,0.029095678746399088,0.010116951420774725,-0.002066027387432293,-0.06330018937597509,-0.016607602196281872,-0.042519016480638626,-0.008077664249028433,-0.014331692612931997,0.014107506623007342,0.048800170397948185,-0.014287656012074598,0.02951872001801168,0.02560187575991375,-0.008774243442197708,-0.019732192122629773,-0.057537881780753655,-0.06178071137295918,0.03908418577257929,0.020422603231768727,-0.00010380372475855311,-0.0034213292913154595,0.034620979108163176,0.07087397293279347,0.09133854070664092,0.09169150313468605,-0.008506534005330284,-0.011161423420329485,-0.045695169777969134,-0.09319890038929927,-0.08246283250733344,0.011993207843293737,0.0027971182913547436,-0.03501319113109819,-0.018438960377664536,0.03337827152500806,0.07217568482889636,0.07630779200803786,0.08930319139936099,-0.04107368103971483,-0.01825219938282623,-0.07546821961861205,-0.14643470719908108,-0.11725605320138253,-0.010671455016559205,-0.023634736664984245,-0.0856086470956104,-0.054284024923145685,0.03941108090271997,0.06583255237599783,0.06272109784859463,0.07351782133789311,-0.050850386409872265,-0.019326569430086545,-0.08671461529346136,-0.159979874712817,-0.13231427689249908,-0.0256995119667538,-0.05233289138210544,-0.10193108447895048,-0.0862444083280346,0.026421160041905745,0.03158918085113536,0.049694771428010855,0.03803105852059384,-0.07564011627989795,-0.026346708376569047,-0.10336539893156779,-0.22086535584702147,-0.16812891813368916,-0.08060172447076558,-0.10864047635945953,-0.19345636465755947,-0.15699090915431563,-0.029222638165650832,-0.03765521414609597,-0.0220754611593219,-0.03153039879045934,-1.1352040197170743,-1.2828025898066504,0.2064156680977465,0.0,4.557054320087495e+295,25.019514571394062
Gemma 4 - 26B-A4B,Gemma 4 - 5B,structured-wikipedia,KDE,hc_values_per_expert_hat_1_new.parquet,14.442353262850894,18.0,18.466505650747358,26.0,0.000956981407218374,0.0,0.02761627064526946,-0.004506983947178525,-0.033169528469869675,0.0044328501549264505,-0.0053320721850167825,-0.023678797122553774,-0.041401314563386,-0.0024409565597462318,0.013095477704877179,0.06901758520865546,-0.002066027387432293,-0.04626500617474685,0.023979208226703633,-0.04171930609215941,0.011598993330659824,-0.021963402029477514,-0.020497434896152664,0.03209943237190511,-0.0411507973038787,0.013485294175753662,0.06983235747409627,-0.008774243442197708,-0.01227180525532216,0.02804633076975894,-0.05584642161434298,0.05688320532472712,0.016395090616647852,0.033342876790524355,-0.00952127072689798,-0.0015374953039244033,0.051207301584587694,0.019674284018515235,0.07048814375831937,0.04961959394304169,-0.011161423420329485,-0.03689514179026423,0.017076226480441145,-0.07535438301632398,0.03665368193372388,-0.00023568265298122733,0.01231663956170381,-0.023650367319324628,-0.009381073830178568,0.05394056903429631,-0.003729616528247579,0.06979077669156832,0.035229387919359284,-0.01825219938282623,-0.06963610029561647,0.0022404588688834893,-0.11472109126416338,0.02853727465922095,-0.02445797898354567,-0.006889820440314476,-0.058213365099576427,-0.002127277211111041,0.056415130740177205,-0.014348412239311527,0.0635961551444119,0.033092299533092354,-0.019326569430086545,-0.08037547308733775,0.00492059970551688,-0.129744283258749,0.02725031213937639,-0.05246061205869534,0.0027280913514098662,-0.09023393696699976,-0.0005338135893891236,0.023022209697768574,-0.0021724978769077454,0.028330454478538353,0.010655177622973269,-0.026346708376569047,-0.09640908874679868,-0.038838615391522356,-0.16712861320367145,-0.005813756879095854,-0.10164904284036808,-0.03691604824362031,-0.15454211425600872,-0.021874774932732675,-0.035605366591947185,-0.008268338849924175,-0.02904945657143009,-2.1642012713237087,-1.6705313343252763,0.16492736558547644,0.0,4.557054320087495e+295,25.019514571394062
Gemma 4 - 26B-A4B,Gemma 4 - 5B,structured-wikipedia,JohnsonSU,hc_values_per_expert_standard_1_new.parquet,9.19845971563981,2.0,11.910864017499089,4.0,0.016086401749908857,0.0,-0.009895714028329162,0.011030808047381987,-0.03200723429849537,-0.02138419237178795,0.008781249203288653,-0.016118533677437243,-0.024672080033654644,-0.002545538486862597,0.026069049714399446,0.014776366005325482,0.013576346534244584,-0.058076284012894816,-0.056298689442546124,-0.05186592028953001,-0.024467330494770297,-0.012755632870547515,0.0536841893279486,0.0690228734699572,-0.0064085548809098,0.034755165919406084,0.013146065086206414,0.013400465864178607,-0.017041253376482806,-0.07451202420201253,-0.05514301185195368,0.022161604246102536,0.022436515673045734,-0.022396300109063176,0.002919861856321165,0.0218161346736259,0.07047109635850032,0.07538120676465665,0.09339005999320628,-0.015377302251237792,0.018365981079763838,-0.04501723799906663,-0.09986272984161856,-0.07832364386341076,-0.0004086519694107829,0.001504980056461872,-0.046722346008372474,-0.015237835818607381,0.02194196667760749,0.06893095325261392,0.06578118832428442,0.08879275800268627,-0.04308714076419726,0.03937750987211666,-0.07474196598580049,-0.14198412611970873,-0.1120306941616092,-0.018517010426327477,-0.025070734780902493,-0.08379279270434298,-0.04875916608066025,0.029377339983666925,0.06248076944071726,0.05951100290685083,0.07530533358858192,-0.04857918794248954,0.02544798739407174,-0.08767886941572865,-0.14497059769521198,-0.12831729961086322,-0.02692696877037746,-0.05547913874881077,-0.08970636544268269,-0.08336991419105509,0.021481325049631926,0.027881530628040344,0.049241989703748615,0.0373056817486087,-0.06737952044453759,-0.013284931797417247,-0.10493933458613984,-0.19363576419669412,-0.1648491885387843,-0.06877131616676682,-0.11046576560628335,-0.16355861300950789,-0.15606408520098933,-0.021447080147818064,-0.03848751819318784,-0.010180084783301168,-0.034132322273237044,-0.89598124789166,-1.0366404658790802,0.2279137534170928,0.0,149075.9282505034,29.2970490376783
Gemma 4 - 26B-A4B,Gemma 4 - 5B,structured-wikipedia,JohnsonSU,hc_values_per_expert_hat_1_new.parquet,13.49216186656945,10.0,17.93693036820999,25.0,0.016086401749908857,0.0,0.01977630799746252,0.011030808047381987,-0.030776263824885568,-0.007223740597369648,0.008781249203288653,-0.023043344568013702,-0.05040001863290119,-0.002545538486862597,0.01000910450915201,0.0701763266303637,0.013576346534244584,-0.04078536833403758,0.0025930962559043112,-0.051108148809471836,0.0010608169324753684,-0.020928921847331458,-0.0026049186389219027,0.051299274977103765,-0.040374844512812,0.018453813612595564,0.05404429635777148,0.013400465864178607,-0.009604213745764013,0.007584325278375348,-0.0490085016909744,0.036848207708802705,0.018249511539329657,0.008090734606141764,-0.0030220385144833486,-0.015037280049102097,0.050533814956304275,0.003536555686705922,0.07216556978764191,0.039537192890232754,0.018365981079763838,-0.0362460523426636,0.005305781386174796,-0.07109917390469202,0.02331049894986425,-0.0019271746569662334,-8.905310395489726e-05,-0.020568367637198565,-0.017722584090163352,0.05004414509571214,-0.007963474976460928,0.06889721569874353,0.03063090166999241,0.03937750987211666,-0.06914362574632779,9.904266325040737e-05,-0.10994304918613698,0.020945518493323538,-0.026989371462608346,-0.005918629491316979,-0.05371829825572444,-0.008168384486552792,0.051596917491458276,-0.00980412288949267,0.064318031699565,0.03353193672672786,0.02544798739407174,-0.08173397630875989,0.011894837369636454,-0.12673855569772222,0.027582588393839733,-0.057127670448726055,0.013794808052811781,-0.08935114960942321,-0.0005879936635605851,0.017427578066163622,0.006141549261009636,0.02575879744515244,0.017748187815907195,-0.013284931797417247,-0.09745864607867796,-0.021808590773540193,-0.1644147018946942,0.00786795689277808,-0.10348527844423137,-0.011957094923601745,-0.15483207460470494,-0.009863900849947163,-0.03709761263722127,0.008639617467141219,-0.03279989539810686,-1.8281469772009407,-1.3562534254830645,0.1815605195752831,0.0,149075.9282505034,29.2970490376783
